date,time,ts,o,h,l,c,spot,price_dir,price_strength,price_bits,oi_dir,oi_strength,oi_bits,pcr,call_oi,put_oi,fut_oi,fut_dir,fut_strength,fut_bits,vol_dir,signal,sig_strength,trend,trap_type,verdict,bias_direction,bias_strength,agree,total,vix,fut_price,prem_pct,max_pain
2026-09-27,19:17:53,2026-09-27T09:15:00,23150.0,23160.28,23149.54,23159.77,23159.8,,,,,,,0.916,12005422,11001717,13301565,,,,,WAIT,0,flat,,MILD BULLISH,up,mild,3,7,13.35,23159.8,0.0,23150
2026-09-27,19:17:54,2026-09-27T09:18:00,23159.77,23164.06,23159.73,23161.12,23161.1,,,,,,,0.916,12008358,10999089,13308980,,,,,WAIT,0,flat,,MILD BULLISH,up,mild,3,7,13.28,23161.1,0.0,23150
2026-09-27,19:17:55,2026-09-27T09:21:00,23161.12,23162.21,23160.96,23161.71,23161.7,,,,,,,0.916,12007729,10999689,13313383,,,,,WAIT,0,flat,,NEUTRAL / RANGE,neutral,mixed,0,7,13.23,23161.7,0.0,23150
2026-09-27,19:17:56,2026-09-27T09:24:00,23161.71,23163.38,23155.06,23158.11,23158.1,,,,,,,0.916,12002775,10997223,13308695,,,,,WAIT,0,flat,,MILD BULLISH,up,mild,2,7,13.14,23158.1,0.0,23150
2026-09-27,19:17:57,2026-09-27T09:27:00,23158.11,23159.73,23155.44,23155.53,23155.5,,,,,,,0.916,12002484,10996637,13314545,,,,,WAIT,0,flat,,NEUTRAL / RANGE,neutral,mixed,0,7,13.15,23155.5,0.0,23150
2026-09-27,19:17:59,2026-09-27T09:30:00,23155.53,23158.0,23155.28,23157.87,23157.9,,,,,,,0.915,12006860,10990798,13309639,,,,,WAIT,0,flat,,NEUTRAL / RANGE,neutral,mixed,0,7,13.18,23157.9,0.0,23150
2026-09-27,19:18:00,2026-09-27T09:33:00,23157.87,23158.87,23152.1,23152.68,23152.7,,,,,,,0.916,12004567,10993118,13312239,,,,,WAIT,0,flat,,MILD BULLISH,up,mild,2,7,13.22,23152.7,0.0,23150
2026-09-27,19:18:01,2026-09-27T09:36:00,23152.68,23153.19,23146.98,23148.55,23148.5,,,,,,,0.916,12009813,10997007,13308491,,,,,WAIT,0,flat,,MILD BULLISH,up,mild,2,7,13.33,23148.6,0.0,23150
2026-09-27,19:18:02,2026-09-27T09:39:00,23148.55,23150.09,23145.33,23145.61,23145.6,,,,,,,0.915,12012174,10992566,13309547,,,,,WAIT,0,flat,,NEUTRAL / RANGE,neutral,mixed,0,7,13.33,23145.6,0.0,23150
2026-09-27,19:18:03,2026-09-27T09:42:00,23145.61,23147.88,23144.94,23147.84,23147.8,bear,-40,EMA9<EMA21,neutral,0,call unwinding|put unwinding,0.915,12010250,10991440,13312706,bear,-73,Short Buildup,bear,WAIT,33,down,,MILD BULLISH,up,mild,3,7,13.38,23147.8,0.0,23150
2026-09-27,19:18:05,2026-09-27T09:45:00,23147.84,23148.87,23145.2,23146.46,23146.5,bear,-40,EMA9<EMA21,neutral,0,put writing|call writing,0.915,12011483,10993052,13304751,bear,-33,Long Unwinding,bear,BUY PUT,50,down,,MILD BEARISH,down,mild,2,7,13.34,23146.5,0.0,23150
2026-09-27,19:18:06,2026-09-27T09:48:00,23146.46,23155.31,23144.51,23153.87,23153.9,bear,-40,EMA9<EMA21,bull,80,put writing|call unwinding,0.919,11992713,11016979,13351221,bear,-98,Short Buildup,bull,TRAP,25,down,BEAR TRAP,BULLISH,up,clear,5,7,13.36,23167.8,0.06,23100
2026-09-27,19:18:07,2026-09-27T09:51:00,23153.87,23159.9,23151.71,23159.84,23159.8,bear,-40,EMA9<EMA21,bull,80,put writing|call unwinding,0.923,11977814,11052540,13405127,bear,-99,Short Buildup,bull,TRAP,12,down,BEAR TRAP,MILD BULLISH,up,mild,3,7,13.27,23173.7,0.06,23100
2026-09-27,19:18:08,2026-09-27T09:54:00,23159.84,23173.79,23159.39,23172.1,23172.1,bull,40,EMA9>EMA21,bull,80,put writing|call unwinding,0.927,11959368,11081469,13428983,bull,92,Long Buildup,bull,WAIT,53,up,,MILD BULLISH,up,mild,4,7,13.26,23186.0,0.06,23100
2026-09-27,19:18:09,2026-09-27T09:57:00,23172.1,23207.2,23170.84,23206.03,23206.0,bull,60,EMA9>EMA21,bull,80,put writing|call unwinding,0.93,11941493,11107204,13476319,bull,98,Long Buildup,bull,BUY CALL,76,up,,BULLISH,up,clear,5,7,13.22,23219.9,0.06,23150
2026-09-27,19:18:11,2026-09-27T10:00:00,23206.03,23226.03,23205.89,23224.52,23224.5,bull,60,EMA9>EMA21,bull,80,put writing|call unwinding,0.934,11922892,11139293,13535184,bull,100,Long Buildup,bull,BUY CALL,88,up,,BULLISH,up,clear,5,7,13.12,23238.5,0.06,23150
2026-09-27,19:18:12,2026-09-27T10:03:00,23224.52,23246.83,23224.02,23245.76,23245.8,bull,60,EMA9>EMA21,bull,80,put writing|call unwinding,0.939,11909022,11178861,13584410,bull,98,Long Buildup,bull,BUY CALL,93,up,,BULLISH,up,clear,5,7,13.08,23259.7,0.06,23200
2026-09-27,19:18:13,2026-09-27T10:06:00,23245.76,23252.5,23244.87,23252.09,23252.1,bull,60,EMA9>EMA21,bull,80,put writing|call unwinding,0.941,11891983,11194483,13624048,bull,96,Long Buildup,bull,BUY CALL,96,up,,BULLISH,up,clear,5,7,13.07,23266.0,0.06,23200
2026-09-27,19:18:14,2026-09-27T10:09:00,23252.09,23267.26,23251.15,23267.09,23267.1,bull,60,EMA9>EMA21,bull,80,put writing|call unwinding,0.945,11879821,11227738,13650112,bull,92,Long Buildup,bull,BUY CALL,98,up,,BULLISH,up,clear,5,7,12.99,23281.1,0.06,23200
2026-09-27,19:18:15,2026-09-27T10:12:00,23267.09,23289.55,23266.96,23288.32,23288.3,bull,60,EMA9>EMA21,bull,80,put writing|call unwinding,0.949,11871324,11260536,13707376,bull,100,Long Buildup,bull,BUY CALL,98,up,,BULLISH,up,clear,5,7,12.92,23302.3,0.06,23250
2026-09-27,19:18:17,2026-09-27T10:15:00,23288.32,23305.13,23287.59,23304.94,23304.9,bull,60,EMA9>EMA21,bull,80,put writing|call unwinding,0.952,11852586,11278544,13747023,bull,96,Long Buildup,bull,BUY CALL,99,up,,STRONG BULLISH,up,strong,6,7,12.78,23318.9,0.06,23250
2026-09-27,19:18:18,2026-09-27T10:18:00,23304.94,23317.58,23304.55,23316.0,23316.0,bull,60,EMA9>EMA21,bull,80,put writing|call unwinding,0.954,11843161,11303787,13787392,bull,96,Long Buildup,bull,BUY CALL,99,up,,MILD BULLISH,up,mild,4,7,12.88,23330.0,0.06,23250
2026-09-27,19:18:19,2026-09-27T10:21:00,23316.0,23351.81,23312.44,23350.17,23350.2,bull,60,EMA9>EMA21,bull,80,put writing|call unwinding,0.958,11834340,11337910,13845555,bull,100,Long Buildup,bull,BUY CALL,99,up,,BULLISH,up,clear,5,7,12.89,23364.2,0.06,23300
2026-09-27,19:18:20,2026-09-27T10:24:00,23350.17,23368.98,23349.77,23368.94,23368.9,bull,60,EMA9>EMA21,bull,80,put writing|call unwinding,0.961,11819257,11362191,13873992,bull,93,Long Buildup,bull,BUY CALL,99,up,,BULLISH,up,clear,5,7,13.0,23383.0,0.06,23300
2026-09-27,19:18:22,2026-09-27T10:27:00,23368.94,23398.52,23368.49,23398.03,23398.0,bull,60,EMA9>EMA21,bull,80,put writing|call unwinding,0.964,11809439,11379023,13916260,bull,97,Long Buildup,bull,BUY CALL,99,up,,BULLISH,up,clear,5,7,13.03,23412.1,0.06,23350
2026-09-27,19:18:23,2026-09-27T10:30:00,23398.03,23409.83,23396.63,23406.96,23407.0,bull,60,EMA9>EMA21,bull,80,put writing|call unwinding,0.967,11797157,11407276,13963205,bull,98,Long Buildup,bull,BUY CALL,99,up,,BULLISH,up,clear,5,7,12.97,23421.0,0.06,23350
2026-09-27,19:18:24,2026-09-27T10:33:00,23406.96,23426.11,23406.74,23426.11,23426.1,bull,60,EMA9>EMA21,bull,80,put writing|call unwinding,0.972,11777690,11446019,14003609,bull,96,Long Buildup,bull,BUY CALL,99,up,,BULLISH,up,clear,5,7,12.9,23440.2,0.06,23400
2026-09-27,19:18:25,2026-09-27T10:36:00,23426.11,23447.9,23425.16,23446.92,23446.9,bull,60,EMA9>EMA21,bull,80,put writing|call unwinding,0.976,11761946,11480144,14043504,bull,96,Long Buildup,bull,BUY CALL,99,up,,BULLISH,up,clear,5,7,12.96,23461.0,0.06,23400
2026-09-27,19:18:26,2026-09-27T10:39:00,23446.92,23461.35,23445.94,23461.1,23461.1,bull,60,EMA9>EMA21,bull,80,put writing|call unwinding,0.98,11751392,11519165,14072956,bull,94,Long Buildup,bull,BUY CALL,99,up,,BULLISH,up,clear,5,7,12.99,23475.2,0.06,23400
2026-09-27,19:18:28,2026-09-27T10:42:00,23461.1,23471.08,23460.26,23468.56,23468.6,bull,60,EMA9>EMA21,bull,80,put writing|call unwinding,0.984,11734323,11548220,14040075,bull,38,Short Covering,bull,BUY CALL,99,up,,MILD BULLISH,up,mild,4,7,12.97,23459.2,-0.04,23400
2026-09-27,19:18:29,2026-09-27T10:45:00,23468.56,23491.26,23468.48,23490.58,23490.6,bull,60,EMA9>EMA21,bull,80,put writing|call unwinding,0.989,11718070,11585951,14017116,bull,37,Short Covering,bull,BUY CALL,99,up,,MILD BULLISH,up,mild,4,7,12.9,23481.2,-0.04,23450
2026-09-27,19:18:30,2026-09-27T10:48:00,23490.58,23497.87,23488.79,23495.97,23496.0,bull,60,EMA9>EMA21,bull,80,put writing|call unwinding,0.992,11701511,11605038,13988726,bull,37,Short Covering,bull,BUY CALL,99,up,,MILD BULLISH,up,mild,4,7,12.98,23486.6,-0.04,23450
2026-09-27,19:18:31,2026-09-27T10:51:00,23495.97,23505.75,23495.13,23505.13,23505.1,bull,60,EMA9>EMA21,bull,80,put writing|call unwinding,0.994,11695920,11629430,13975692,bull,34,Short Covering,bull,BUY CALL,99,up,,MILD BEARISH,down,mild,3,7,12.95,23495.7,-0.04,23450
2026-09-27,19:18:32,2026-09-27T10:54:00,23505.13,23519.94,23504.37,23519.44,23519.4,bull,60,EMA9>EMA21,bull,80,put writing|call unwinding,0.998,11688345,11663865,13957211,bull,36,Short Covering,bull,BUY CALL,99,up,,MILD BULLISH,up,mild,3,7,12.96,23510.0,-0.04,23450
2026-09-27,19:18:34,2026-09-27T10:57:00,23519.44,23537.65,23518.24,23536.78,23536.8,bull,60,EMA9>EMA21,bull,80,put writing|call unwinding,1.001,11672495,11683364,13918567,bull,38,Short Covering,bull,BUY CALL,99,up,,MILD BULLISH,up,mild,3,7,12.97,23527.4,-0.04,23500
2026-09-27,19:18:35,2026-09-27T11:00:00,23536.78,23549.89,23533.89,23549.74,23549.7,bull,60,EMA9>EMA21,bull,80,put writing|call unwinding,1.004,11666848,11715384,13891242,bull,37,Short Covering,bull,BUY CALL,99,up,,MILD BULLISH,up,mild,3,7,13.0,23540.3,-0.04,23500
2026-09-27,19:18:36,2026-09-27T11:03:00,23549.74,23557.23,23548.6,23556.88,23556.9,bull,60,EMA9>EMA21,bull,80,put writing|call unwinding,1.007,11658543,11738599,13876042,bull,35,Short Covering,bull,BUY CALL,99,up,,MILD BULLISH,up,mild,4,7,13.0,23547.5,-0.04,23500
2026-09-27,19:18:37,2026-09-27T11:06:00,23556.88,23559.3,23556.58,23558.57,23558.6,bull,60,EMA9>EMA21,bear,-80,call writing|put unwinding,1.003,11678726,11718778,13845015,bull,38,Short Covering,bull,TRAP,49,up,BULL TRAP,MILD BULLISH,up,mild,3,7,12.97,23549.1,-0.04,23600
2026-09-27,19:18:38,2026-09-27T11:09:00,23558.57,23569.02,23556.5,23568.5,23568.5,bull,60,EMA9>EMA21,bear,-80,call writing|put unwinding,1.001,11703001,11712407,13814743,bull,38,Short Covering,bull,TRAP,25,up,BULL TRAP,MILD BULLISH,up,mild,4,7,12.96,23559.1,-0.04,23600
2026-09-27,19:18:40,2026-09-27T11:12:00,23568.5,23583.42,23567.75,23583.18,23583.2,bull,60,EMA9>EMA21,bear,-80,call writing|put unwinding,0.997,11740527,11700811,13781665,bull,38,Short Covering,bull,TRAP,12,up,BULL TRAP,BULLISH,up,clear,5,7,12.98,23573.8,-0.04,23650
2026-09-27,19:18:41,2026-09-27T11:15:00,23583.18,23597.15,23582.79,23596.16,23596.2,bull,60,EMA9>EMA21,bear,-80,call writing|put unwinding,0.993,11774202,11694940,13751017,bull,38,Short Covering,bull,TRAP,6,up,BULL TRAP,MILD BULLISH,up,mild,4,7,12.9,23586.7,-0.04,23650
2026-09-27,19:18:42,2026-09-27T11:18:00,23596.16,23596.46,23593.41,23594.8,23594.8,bull,60,EMA9>EMA21,bear,-80,call writing|put unwinding,0.989,11804830,11675113,13714501,bull,38,Short Covering,bull,TRAP,3,up,BULL TRAP,BULLISH,up,clear,5,7,12.97,23585.4,-0.04,23650
2026-09-27,19:18:43,2026-09-27T11:21:00,23594.8,23600.5,23593.83,23598.1,23598.1,bull,60,EMA9>EMA21,bear,-80,call writing|put unwinding,0.986,11824871,11656815,13697385,bull,35,Short Covering,bull,TRAP,2,up,BULL TRAP,BULLISH,up,clear,5,7,12.94,23588.7,-0.04,23650
2026-09-27,19:18:45,2026-09-27T11:24:00,23598.1,23599.15,23581.38,23583.5,23583.5,bull,60,EMA9>EMA21,bear,-80,call writing|put unwinding,0.983,11841465,11641265,13674445,bull,37,Short Covering,bear,TRAP,1,up,BULL TRAP,NEUTRAL / RANGE,neutral,mixed,0,7,13.04,23574.1,-0.04,23650
2026-09-27,19:18:46,2026-09-27T11:27:00,23583.5,23583.57,23563.06,23565.0,23565.0,bull,60,EMA9>EMA21,bear,-80,call writing|put unwinding,0.98,11859759,11627390,13640047,bull,38,Short Covering,bear,TRAP,0,up,BULL TRAP,MILD BEARISH,down,mild,3,7,13.06,23555.6,-0.04,23600
2026-09-27,19:18:47,2026-09-27T11:30:00,23565.0,23565.03,23530.77,23531.69,23531.7,bull,60,EMA9>EMA21,bear,-80,call writing|put unwinding,0.976,11891725,11610261,13628784,bull,34,Short Covering,bear,TRAP,0,up,BULL TRAP,NEUTRAL / RANGE,neutral,mixed,0,7,13.14,23522.3,-0.04,23600
2026-09-27,19:18:48,2026-09-27T11:33:00,23531.69,23532.5,23522.36,23523.2,23523.2,bull,60,EMA9>EMA21,bear,-80,call writing|put unwinding,0.974,11916864,11605181,13608341,bull,36,Short Covering,bear,TRAP,0,up,BULL TRAP,MILD BEARISH,down,mild,3,7,13.19,23513.8,-0.04,23550
2026-09-27,19:18:49,2026-09-27T11:36:00,23523.2,23523.45,23503.13,23503.42,23503.4,bull,40,EMA9>EMA21,bear,-80,call writing|put unwinding,0.97,11947669,11585330,13584506,bull,37,Short Covering,bear,TRAP,0,up,BULL TRAP,MILD BEARISH,down,mild,3,7,13.24,23494.0,-0.04,23550
2026-09-27,19:18:51,2026-09-27T11:39:00,23503.42,23505.52,23492.74,23492.9,23492.9,bull,40,EMA9>EMA21,bear,-80,call writing|put unwinding,0.968,11964156,11578416,13552842,bull,38,Short Covering,bear,TRAP,0,up,BULL TRAP,MILD BULLISH,up,mild,4,7,13.36,23483.5,-0.04,23550
2026-09-27,19:18:52,2026-09-27T11:42:00,23492.9,23493.41,23477.63,23477.73,23477.7,bull,40,EMA9>EMA21,bear,-80,call writing|put unwinding,0.964,11997760,11569592,13522700,bull,38,Short Covering,bear,TRAP,0,up,BULL TRAP,MILD BULLISH,up,mild,3,7,13.33,23468.3,-0.04,23550
2026-09-27,19:18:53,2026-09-27T11:45:00,23477.73,23478.48,23467.06,23467.47,23467.5,bull,40,EMA9>EMA21,bear,-80,call writing|put unwinding,0.962,12015288,11562223,13510027,bull,34,Short Covering,bear,TRAP,0,up,BULL TRAP,MILD BEARISH,down,mild,3,7,13.39,23458.1,-0.04,23500
2026-09-27,19:18:54,2026-09-27T11:48:00,23467.47,23468.58,23455.78,23456.12,23456.1,bull,20,EMA9>EMA21,bear,-80,call writing|put unwinding,0.959,12048014,11548206,13487449,bull,36,Short Covering,bear,WAIT,0,up,,MILD BEARISH,down,mild,3,7,13.48,23446.7,-0.04,23500
2026-09-27,19:18:56,2026-09-27T11:51:00,23456.12,23456.89,23440.32,23440.9,23440.9,bear,-60,EMA9<EMA21,bear,-80,call writing|put unwinding,0.956,12070865,11537444,13477004,bear,-34,Long Unwinding,bear,WAIT,50,down,,NEUTRAL / RANGE,neutral,mixed,0,7,13.42,23431.5,-0.04,23500
2026-09-27,19:18:57,2026-09-27T11:54:00,23440.9,23442.99,23415.65,23416.33,23416.3,bear,-60,EMA9<EMA21,bear,-80,call writing|put unwinding,0.952,12101319,11523338,13446915,bear,-37,Long Unwinding,bear,BUY PUT,74,down,,MILD BEARISH,down,mild,3,7,13.4,23407.0,-0.04,23450
2026-09-27,19:18:58,2026-09-27T11:57:00,23416.33,23416.66,23392.94,23394.8,23394.8,bear,-60,EMA9<EMA21,bear,-80,call writing|put unwinding,0.948,12139184,11509672,13430345,bear,-35,Long Unwinding,bear,BUY PUT,87,down,,MILD BULLISH,up,mild,3,7,13.44,23385.4,-0.04,23450
2026-09-27,19:18:59,2026-09-27T12:00:00,23394.8,23394.83,23372.59,23373.01,23373.0,bear,-60,EMA9<EMA21,bear,-80,call writing|put unwinding,0.945,12165592,11492829,13414647,bear,-35,Long Unwinding,bear,BUY PUT,93,down,,NEUTRAL / RANGE,neutral,mixed,0,7,13.58,23363.7,-0.04,23400
2026-09-27,19:19:00,2026-09-27T12:03:00,23373.01,23373.38,23347.89,23348.66,23348.7,bear,-60,EMA9<EMA21,bear,-80,call writing|put unwinding,0.943,12181288,11483010,13402195,bear,-34,Long Unwinding,bear,BUY PUT,96,down,,NEUTRAL / RANGE,neutral,mixed,0,7,13.65,23339.3,-0.04,23400
2026-09-27,19:19:02,2026-09-27T12:06:00,23348.66,23348.96,23332.62,23333.79,23333.8,bear,-60,EMA9<EMA21,bear,-80,call writing|put unwinding,0.94,12198032,11464773,13385287,bear,-35,Long Unwinding,bear,BUY PUT,97,down,,NEUTRAL / RANGE,neutral,mixed,0,7,13.71,23324.5,-0.04,23400
2026-09-27,19:19:03,2026-09-27T12:09:00,23333.79,23334.84,23324.02,23324.14,23324.1,bear,-60,EMA9<EMA21,bear,-80,call writing|put unwinding,0.936,12232200,11450431,13373237,bear,-34,Long Unwinding,bear,BUY PUT,98,down,,MILD BEARISH,down,mild,3,7,13.64,23314.8,-0.04,23350
2026-09-27,19:19:04,2026-09-27T12:12:00,23324.14,23325.53,23292.95,23295.25,23295.2,bear,-60,EMA9<EMA21,bear,-80,call writing|put unwinding,0.933,12258812,11439760,13337773,bear,-38,Long Unwinding,bear,BUY PUT,99,down,,NEUTRAL / RANGE,neutral,mixed,0,7,13.76,23285.9,-0.04,23350
2026-09-27,19:19:05,2026-09-27T12:15:00,23295.25,23296.53,23281.61,23283.54,23283.5,bear,-60,EMA9<EMA21,bear,-80,call writing|put unwinding,0.93,12284396,11424557,13304317,bear,-38,Long Unwinding,bear,BUY PUT,99,down,,NEUTRAL / RANGE,neutral,mixed,0,7,13.77,23274.2,-0.04,23350
2026-09-27,19:19:06,2026-09-27T12:18:00,23283.54,23290.54,23281.93,23289.91,23289.9,bear,-60,EMA9<EMA21,bull,80,put writing|call unwinding,0.934,12275138,11461504,13354618,bear,-98,Short Buildup,bear,TRAP,49,down,BEAR TRAP,MILD BULLISH,up,mild,3,7,13.83,23303.9,0.06,23250
2026-09-27,19:19:08,2026-09-27T12:21:00,23289.91,23290.36,23286.29,23288.86,23288.9,bear,-60,EMA9<EMA21,bull,80,put writing|call unwinding,0.937,12267780,11494416,13412698,bear,-100,Short Buildup,bear,TRAP,25,down,BEAR TRAP,NEUTRAL / RANGE,neutral,mixed,0,7,13.98,23302.8,0.06,23250
2026-09-27,19:19:09,2026-09-27T12:24:00,23288.86,23288.94,23278.97,23278.98,23279.0,bear,-60,EMA9<EMA21,bull,80,put writing|call unwinding,0.939,12261946,11511542,13471958,bear,-100,Short Buildup,bear,TRAP,12,down,BEAR TRAP,MILD BULLISH,up,mild,3,7,14.05,23292.9,0.06,23250
2026-09-27,19:19:10,2026-09-27T12:27:00,23278.98,23280.11,23266.3,23267.36,23267.4,bear,-60,EMA9<EMA21,bull,80,put writing|call unwinding,0.942,12252626,11547343,13525163,bear,-99,Short Buildup,bear,TRAP,6,down,BEAR TRAP,NEUTRAL / RANGE,neutral,mixed,0,7,14.14,23281.3,0.06,23200
2026-09-27,19:19:11,2026-09-27T12:30:00,23267.36,23280.27,23267.01,23277.27,23277.3,bear,-60,EMA9<EMA21,bull,80,put writing|call unwinding,0.946,12237485,11578373,13555181,bear,-94,Short Buildup,bear,TRAP,3,down,BEAR TRAP,MILD BULLISH,up,mild,3,7,14.05,23291.2,0.06,23250
2026-09-27,19:19:13,2026-09-27T12:33:00,23277.27,23284.37,23275.21,23283.09,23283.1,bear,-60,EMA9<EMA21,bull,80,put writing|call unwinding,0.951,12220943,11616631,13579679,bear,-92,Short Buildup,bull,TRAP,2,down,BEAR TRAP,MILD BULLISH,up,mild,3,7,14.07,23297.1,0.06,23250
2026-09-27,19:19:14,2026-09-27T12:36:00,23283.09,23290.74,23282.77,23289.44,23289.4,bear,-60,EMA9<EMA21,neutral,0,put writing|call writing,0.95,12226619,11617010,13580573,bear,-62,Short Buildup,bull,WAIT,1,down,,MILD BULLISH,up,mild,2,7,14.01,23289.4,0.0,23300
2026-09-27,19:19:15,2026-09-27T12:39:00,23289.44,23290.17,23285.69,23286.75,23286.8,bear,-60,EMA9<EMA21,bull,80,put writing|call unwinding,0.951,12221589,11620674,13576319,bear,-30,Long Unwinding,bull,TRAP,0,down,BEAR TRAP,MILD BULLISH,up,mild,4,7,14.05,23286.8,0.0,23300
2026-09-27,19:19:16,2026-09-27T12:42:00,23286.75,23288.89,23277.67,23278.29,23278.3,bear,-60,EMA9<EMA21,bear,-80,call writing|put unwinding,0.95,12223374,11617291,13576460,bear,-45,Short Buildup,bear,WAIT,50,down,,NEUTRAL / RANGE,neutral,mixed,0,7,14.07,23278.3,0.0,23300
2026-09-27,19:19:17,2026-09-27T12:45:00,23278.29,23290.1,23277.75,23289.5,23289.5,bear,-60,EMA9<EMA21,bear,-80,call writing|put unwinding,0.95,12226105,11616458,13581607,bear,-78,Short Buildup,neutral,BUY PUT,60,down,,MILD BULLISH,up,mild,3,7,14.09,23289.5,0.0,23300
2026-09-27,19:19:19,2026-09-27T12:48:00,23289.5,23299.25,23288.62,23297.92,23297.9,bear,-60,EMA9<EMA21,neutral,0,call unwinding|put unwinding,0.95,12220766,11612266,13576381,bear,-31,Long Unwinding,bull,WAIT,30,down,,MILD BULLISH,up,mild,2,7,14.09,23297.9,0.0,23300
2026-09-27,19:19:20,2026-09-27T12:51:00,23297.92,23299.74,23297.41,23299.12,23299.1,bear,-60,EMA9<EMA21,bear,-80,call writing|put unwinding,0.95,12224680,11608268,13576868,bear,-56,Short Buildup,bull,WAIT,51,down,,MILD BULLISH,up,mild,3,7,14.11,23299.1,0.0,23300
2026-09-27,19:19:21,2026-09-27T12:54:00,23299.12,23300.11,23272.0,23272.53,23272.5,bear,-60,EMA9<EMA21,bear,-80,call writing|put unwinding,0.949,12225641,11605584,13580757,bear,-75,Short Buildup,bear,BUY PUT,75,down,,MILD BULLISH,up,mild,3,7,14.05,23272.5,0.0,23250
2026-09-27,19:19:22,2026-09-27T12:57:00,23272.53,23273.41,23250.34,23251.37,23251.4,bear,-60,EMA9<EMA21,neutral,0,put writing|call writing,0.95,12226869,11609802,13584229,bear,-74,Short Buildup,bear,BUY PUT,73,down,,MILD BULLISH,up,mild,3,7,13.98,23251.4,0.0,23250
2026-09-27,19:19:24,2026-09-27T13:00:00,23251.37,23251.72,23240.45,23240.84,23240.8,bear,-60,EMA9<EMA21,neutral,0,put writing|call writing,0.949,12229429,11609815,13585225,bear,-63,Short Buildup,bear,BUY PUT,72,down,,NEUTRAL / RANGE,neutral,mixed,0,7,13.93,23240.8,0.0,23250
2026-09-27,19:19:25,2026-09-27T13:03:00,23240.84,23241.52,23235.34,23235.6,23235.6,bear,-60,EMA9<EMA21,bear,-80,call writing|put unwinding,0.948,12234359,11604118,13592431,bear,-81,Short Buildup,bear,BUY PUT,85,down,,MILD BULLISH,up,mild,4,7,13.94,23235.6,0.0,23250
2026-09-27,19:19:26,2026-09-27T13:06:00,23235.6,23235.67,23231.52,23231.94,23231.9,bear,-60,EMA9<EMA21,neutral,0,put writing|call writing,0.949,12235886,11607642,13584895,bear,-32,Long Unwinding,bear,BUY PUT,78,down,,MILD BULLISH,up,mild,2,7,13.94,23231.9,0.0,23250
2026-09-27,19:19:27,2026-09-27T13:09:00,23231.94,23232.25,23227.19,23227.81,23227.8,bear,-60,EMA9<EMA21,neutral,0,call unwinding|put unwinding,0.949,12232253,11604540,13588453,bear,-74,Short Buildup,bear,BUY PUT,75,down,,MILD BULLISH,up,mild,2,7,13.87,23227.8,0.0,23250
2026-09-27,19:19:29,2026-09-27T13:12:00,23227.81,23257.28,23226.79,23256.14,23256.1,bear,-60,EMA9<EMA21,bull,80,put writing|call unwinding,0.949,12227302,11605566,13581393,bear,-32,Long Unwinding,bull,TRAP,37,down,BEAR TRAP,NEUTRAL / RANGE,neutral,mixed,0,7,13.82,23256.1,0.0,23250
2026-09-27,19:19:30,2026-09-27T13:15:00,23256.14,23262.54,23254.92,23261.01,23261.0,bear,-60,EMA9<EMA21,bull,80,put writing|call unwinding,0.95,12222404,11610846,13574988,bear,-32,Long Unwinding,bull,TRAP,19,down,BEAR TRAP,MILD BULLISH,up,mild,2,7,13.83,23261.0,0.0,23250
2026-09-27,19:19:31,2026-09-27T13:18:00,23261.01,23276.48,23260.41,23275.55,23275.5,bear,-60,EMA9<EMA21,bull,80,put writing|call unwinding,0.953,12207702,11634511,13633215,bear,-100,Short Buildup,bull,TRAP,9,down,BEAR TRAP,BULLISH,up,clear,5,7,13.87,23289.5,0.06,23250
2026-09-27,19:19:32,2026-09-27T13:21:00,23275.55,23291.78,23273.59,23289.89,23289.9,bear,-40,EMA9<EMA21,bull,80,put writing|call unwinding,0.956,12196917,11666251,13688405,bear,-99,Short Buildup,bull,TRAP,5,down,BEAR TRAP,STRONG BULLISH,up,strong,6,7,13.69,23303.9,0.06,23250
2026-09-27,19:19:33,2026-09-27T13:24:00,23289.89,23305.43,23289.11,23304.64,23304.6,bear,-40,EMA9<EMA21,bull,80,put writing|call unwinding,0.959,12184809,11683741,13743784,bear,-99,Short Buildup,bull,TRAP,2,down,BEAR TRAP,BULLISH,up,clear,5,7,13.74,23318.6,0.06,23250
2026-09-27,19:19:35,2026-09-27T13:27:00,23304.64,23314.54,23304.46,23314.38,23314.4,bear,-20,EMA9<EMA21,bull,80,put writing|call unwinding,0.962,12167204,11702658,13797671,bear,-99,Short Buildup,bull,WAIT,1,down,,BULLISH,up,clear,5,7,13.79,23328.4,0.06,23250
2026-09-27,19:19:36,2026-09-27T13:30:00,23314.38,23323.29,23313.42,23321.23,23321.2,bear,-20,EMA9<EMA21,bull,80,put writing|call unwinding,0.966,12150832,11740303,13826127,bear,-93,Short Buildup,bull,WAIT,1,down,,MILD BULLISH,up,mild,4,7,13.76,23335.2,0.06,23250
2026-09-27,19:19:37,2026-09-27T13:33:00,23321.23,23345.75,23320.51,23343.78,23343.8,bull,60,EMA9>EMA21,bull,80,put writing|call unwinding,0.97,12131523,11763654,13866700,bull,96,Long Buildup,bull,WAIT,50,up,,BULLISH,up,clear,5,7,13.76,23357.8,0.06,23300
2026-09-27,19:19:38,2026-09-27T13:36:00,23343.78,23357.16,23341.2,23356.63,23356.6,bull,60,EMA9>EMA21,bull,80,put writing|call unwinding,0.974,12122534,11803497,13911380,bull,97,Long Buildup,bull,BUY CALL,74,up,,BULLISH,up,clear,5,7,13.69,23370.6,0.06,23300
2026-09-27,19:19:40,2026-09-27T13:39:00,23356.63,23384.35,23355.12,23384.33,23384.3,bull,60,EMA9>EMA21,bull,80,put writing|call unwinding,0.976,12107752,11821015,13938731,bull,93,Long Buildup,bull,BUY CALL,87,up,,BULLISH,up,clear,5,7,13.71,23398.4,0.06,23350
2026-09-27,19:19:41,2026-09-27T13:42:00,23384.33,23412.41,23383.01,23412.11,23412.1,bull,60,EMA9>EMA21,bull,80,put writing|call unwinding,0.98,12095844,11852692,13958733,bull,90,Long Buildup,bull,BUY CALL,93,up,,BULLISH,up,clear,5,7,13.72,23426.2,0.06,23350
2026-09-27,19:19:42,2026-09-27T13:45:00,23412.11,23428.99,23410.71,23428.63,23428.6,bull,60,EMA9>EMA21,bull,80,put writing|call unwinding,0.983,12085703,11877270,14015076,bull,99,Long Buildup,bull,BUY CALL,96,up,,MILD BULLISH,up,mild,4,7,13.73,23442.7,0.06,23400
2026-09-27,19:19:43,2026-09-27T13:48:00,23428.63,23449.22,23425.81,23447.87,23447.9,bull,60,EMA9>EMA21,bull,80,put writing|call unwinding,0.986,12079298,11904228,14071372,bull,99,Long Buildup,bull,BUY CALL,97,up,,BULLISH,up,clear,5,7,13.72,23461.9,0.06,23400
2026-09-27,19:19:44,2026-09-27T13:51:00,23447.87,23473.09,23447.57,23472.37,23472.4,bull,60,EMA9>EMA21,bull,80,put writing|call unwinding,0.99,12060228,11934892,14129873,bull,100,Long Buildup,bull,BUY CALL,98,up,,BULLISH,up,clear,5,7,13.68,23486.5,0.06,23400
2026-09-27,19:19:46,2026-09-27T13:54:00,23472.37,23483.31,23470.3,23483.29,23483.3,bull,60,EMA9>EMA21,bull,80,put writing|call unwinding,0.993,12042033,11955879,14189212,bull,100,Long Buildup,bull,BUY CALL,99,up,,BULLISH,up,clear,5,7,13.63,23497.4,0.06,23450
2026-09-27,19:19:47,2026-09-27T13:57:00,23483.29,23503.01,23483.27,23501.85,23501.8,bull,60,EMA9>EMA21,bull,80,put writing|call unwinding,0.995,12033854,11972198,14235315,bull,98,Long Buildup,bull,BUY CALL,99,up,,BULLISH,up,clear,5,7,13.68,23516.0,0.06,23450
2026-09-27,19:19:48,2026-09-27T14:00:00,23501.85,23521.13,23499.47,23520.6,23520.6,bull,60,EMA9>EMA21,bull,80,put writing|call unwinding,0.999,12016709,12001844,14273237,bull,96,Long Buildup,bull,BUY CALL,99,up,,BULLISH,up,clear,5,7,13.72,23534.7,0.06,23450
2026-09-27,19:19:49,2026-09-27T14:03:00,23520.6,23543.51,23520.08,23542.2,23542.2,bull,60,EMA9>EMA21,bull,80,put writing|call unwinding,1.003,11997928,12036990,14315544,bull,97,Long Buildup,bull,BUY CALL,99,up,,BULLISH,up,clear,5,7,13.74,23556.3,0.06,23500
2026-09-27,19:19:51,2026-09-27T14:06:00,23542.2,23554.98,23541.43,23554.38,23554.4,bull,60,EMA9>EMA21,bull,80,put writing|call unwinding,1.008,11979460,12076955,14368841,bull,99,Long Buildup,bull,BUY CALL,99,up,,BULLISH,up,clear,5,7,13.8,23568.5,0.06,23500
2026-09-27,19:19:52,2026-09-27T14:09:00,23554.38,23582.02,23552.37,23579.77,23579.8,bull,60,EMA9>EMA21,bull,80,put writing|call unwinding,1.011,11971577,12101187,14427969,bull,100,Long Buildup,bull,BUY CALL,99,up,,BULLISH,up,clear,5,7,13.8,23593.9,0.06,23550
2026-09-27,19:19:53,2026-09-27T14:12:00,23579.77,23590.22,23577.85,23589.92,23589.9,bull,60,EMA9>EMA21,bull,80,put writing|call unwinding,1.014,11959508,12124580,14401873,bull,37,Short Covering,bull,BUY CALL,99,up,,MILD BULLISH,up,mild,3,7,13.78,23580.5,-0.04,23550
2026-09-27,19:19:54,2026-09-27T14:15:00,23589.92,23601.47,23589.6,23600.66,23600.7,bull,60,EMA9>EMA21,bull,80,put writing|call unwinding,1.017,11948756,12149645,14374213,bull,37,Short Covering,bull,BUY CALL,99,up,,MILD BULLISH,up,mild,4,7,13.82,23591.2,-0.04,23550
2026-09-27,19:19:56,2026-09-27T14:18:00,23600.66,23617.64,23599.84,23616.9,23616.9,bull,60,EMA9>EMA21,bull,80,put writing|call unwinding,1.02,11936596,12173900,14344944,bull,37,Short Covering,bull,BUY CALL,99,up,,MILD BULLISH,up,mild,4,7,13.8,23607.4,-0.04,23550
2026-09-27,19:19:57,2026-09-27T14:21:00,23616.9,23645.42,23616.86,23643.69,23643.7,bull,60,EMA9>EMA21,bull,80,put writing|call unwinding,1.023,11924472,12201640,14333071,bull,34,Short Covering,bull,BUY CALL,99,up,,MILD BULLISH,up,mild,3,7,13.79,23634.2,-0.04,23600
2026-09-27,19:19:58,2026-09-27T14:24:00,23643.69,23658.51,23643.5,23655.81,23655.8,bull,60,EMA9>EMA21,bull,80,put writing|call unwinding,1.027,11916680,12236466,14300715,bull,38,Short Covering,bull,BUY CALL,99,up,,MILD BULLISH,up,mild,4,7,13.83,23646.3,-0.04,23600
2026-09-27,19:19:59,2026-09-27T14:27:00,23655.81,23659.58,23655.32,23658.3,23658.3,bull,60,EMA9>EMA21,bull,80,put writing|call unwinding,1.03,11900563,12252645,14278858,bull,36,Short Covering,bull,BUY CALL,99,up,,MILD BULLISH,up,mild,4,7,13.84,23648.8,-0.04,23600
2026-09-27,19:20:00,2026-09-27T14:30:00,23658.3,23664.0,23658.24,23662.21,23662.2,bull,60,EMA9>EMA21,bull,80,put writing|call unwinding,1.033,11880858,12276355,14241937,bull,38,Short Covering,bull,BUY CALL,99,up,,NEUTRAL / RANGE,neutral,mixed,0,7,13.86,23652.7,-0.04,23600
2026-09-27,19:20:02,2026-09-27T14:33:00,23662.21,23682.16,23660.41,23681.84,23681.8,bull,60,EMA9>EMA21,bull,80,put writing|call unwinding,1.038,11862146,12309768,14216013,bull,37,Short Covering,bull,BUY CALL,99,up,,MILD BULLISH,up,mild,3,7,13.85,23672.4,-0.04,23650
2026-09-27,19:20:03,2026-09-27T14:36:00,23681.84,23691.1,23681.26,23690.06,23690.1,bull,60,EMA9>EMA21,bear,-80,call writing|put unwinding,1.034,11887006,12290684,14196479,bull,36,Short Covering,bull,TRAP,49,up,BULL TRAP,BULLISH,up,clear,5,7,13.77,23680.6,-0.04,23750
2026-09-27,19:20:04,2026-09-27T14:39:00,23690.06,23710.8,23689.24,23709.42,23709.4,bull,60,EMA9>EMA21,bear,-80,call writing|put unwinding,1.031,11908967,12279362,14180436,bull,35,Short Covering,bull,TRAP,25,up,BULL TRAP,MILD BULLISH,up,mild,3,7,13.74,23699.9,-0.04,23750
2026-09-27,19:20:05,2026-09-27T14:42:00,23709.42,23724.94,23709.19,23724.1,23724.1,bull,60,EMA9>EMA21,bear,-80,call writing|put unwinding,1.028,11936648,12269796,14156990,bull,37,Short Covering,bull,TRAP,12,up,BULL TRAP,MILD BULLISH,up,mild,4,7,13.67,23714.6,-0.04,23750
2026-09-27,19:20:07,2026-09-27T14:45:00,23724.1,23734.37,23723.85,23730.98,23731.0,bull,60,EMA9>EMA21,bear,-80,call writing|put unwinding,1.024,11968740,12260103,14124721,bull,38,Short Covering,bull,TRAP,6,up,BULL TRAP,MILD BULLISH,up,mild,4,7,13.65,23721.5,-0.04,23800
2026-09-27,19:20:08,2026-09-27T14:48:00,23730.98,23743.39,23730.91,23741.92,23741.9,bull,60,EMA9>EMA21,bear,-80,call writing|put unwinding,1.02,12006976,12241217,14097371,bull,37,Short Covering,bull,TRAP,3,up,BULL TRAP,MILD BULLISH,up,mild,4,7,13.64,23732.4,-0.04,23800
2026-09-27,19:20:09,2026-09-27T14:51:00,23741.92,23742.88,23732.1,23733.27,23733.3,bull,60,EMA9>EMA21,bear,-80,call writing|put unwinding,1.016,12044058,12232801,14076136,bull,36,Short Covering,bull,TRAP,2,up,BULL TRAP,MILD BULLISH,up,mild,3,7,13.66,23723.8,-0.04,23800
2026-09-27,19:20:10,2026-09-27T14:54:00,23733.27,23733.75,23717.59,23718.47,23718.5,bull,60,EMA9>EMA21,bear,-80,call writing|put unwinding,1.013,12064673,12221933,14063304,bull,34,Short Covering,bear,TRAP,1,up,BULL TRAP,NEUTRAL / RANGE,neutral,mixed,0,7,13.64,23709.0,-0.04,23750
2026-09-27,19:20:12,2026-09-27T14:57:00,23718.47,23719.27,23701.5,23701.86,23701.9,bull,60,EMA9>EMA21,bear,-80,call writing|put unwinding,1.01,12096536,12214591,14041998,bull,36,Short Covering,bear,TRAP,0,up,BULL TRAP,MILD BULLISH,up,mild,3,7,13.69,23692.4,-0.04,23750
2026-09-27,19:20:13,2026-09-27T15:00:00,23701.86,23704.08,23688.78,23690.26,23690.3,bull,60,EMA9>EMA21,bear,-80,call writing|put unwinding,1.007,12115975,12202388,14007498,bull,38,Short Covering,bear,TRAP,0,up,BULL TRAP,MILD BULLISH,up,mild,3,7,13.62,23680.8,-0.04,23750
2026-09-27,19:20:14,2026-09-27T15:03:00,23690.26,23692.7,23677.95,23677.95,23678.0,bull,60,EMA9>EMA21,bear,-80,call writing|put unwinding,1.004,12152394,12195712,13968898,bull,38,Short Covering,bear,TRAP,0,up,BULL TRAP,NEUTRAL / RANGE,neutral,mixed,0,7,13.6,23668.5,-0.04,23750
2026-09-27,19:20:15,2026-09-27T15:06:00,23677.95,23678.02,23665.27,23665.3,23665.3,bull,60,EMA9>EMA21,bear,-80,call writing|put unwinding,1.0,12178426,12178537,13947972,bull,36,Short Covering,bear,TRAP,0,up,BULL TRAP,MILD BEARISH,down,mild,3,7,13.64,23655.8,-0.04,23700
2026-09-27,19:20:16,2026-09-27T15:09:00,23665.3,23665.66,23638.73,23639.66,23639.7,bull,40,EMA9>EMA21,bear,-80,call writing|put unwinding,0.997,12206439,12164106,13920202,bull,37,Short Covering,bear,TRAP,0,up,BULL TRAP,NEUTRAL / RANGE,neutral,mixed,0,7,13.57,23630.2,-0.04,23700
2026-09-27,19:20:18,2026-09-27T15:12:00,23639.66,23639.73,23605.05,23605.87,23605.9,bull,40,EMA9>EMA21,bear,-80,call writing|put unwinding,0.993,12236553,12154619,13883992,bull,38,Short Covering,bear,TRAP,0,up,BULL TRAP,MILD BEARISH,down,mild,3,7,13.62,23596.4,-0.04,23650
2026-09-27,19:20:19,2026-09-27T15:15:00,23605.87,23606.52,23593.18,23595.08,23595.1,bull,20,EMA9>EMA21,bear,-80,call writing|put unwinding,0.989,12266487,12135599,13857280,bull,37,Short Covering,bear,WAIT,0,up,,NEUTRAL / RANGE,neutral,mixed,0,7,13.66,23585.6,-0.04,23650
2026-09-27,19:20:20,2026-09-27T15:18:00,23595.08,23595.52,23585.49,23585.57,23585.6,bull,20,EMA9>EMA21,bear,-80,call writing|put unwinding,0.987,12289542,12127298,13837356,bull,36,Short Covering,bear,WAIT,0,up,,NEUTRAL / RANGE,neutral,mixed,0,7,13.69,23576.1,-0.04,23650
2026-09-27,19:20:21,2026-09-27T15:21:00,23585.57,23586.04,23554.39,23554.57,23554.6,bear,-60,EMA9<EMA21,bear,-80,call writing|put unwinding,0.984,12311439,12109174,13802890,bear,-38,Long Unwinding,bear,WAIT,50,down,,MILD BEARISH,down,mild,3,7,13.74,23545.1,-0.04,23600
2026-09-27,19:20:23,2026-09-27T15:24:00,23554.57,23555.39,23542.17,23542.68,23542.7,bear,-60,EMA9<EMA21,bear,-80,call writing|put unwinding,0.98,12346389,12101007,13779976,bear,-37,Long Unwinding,bear,BUY PUT,74,down,,NEUTRAL / RANGE,neutral,mixed,0,7,13.79,23533.3,-0.04,23600
2026-09-27,19:20:24,2026-09-27T15:27:00,23542.68,23544.28,23528.22,23528.59,23528.6,bear,-60,EMA9<EMA21,bear,-80,call writing|put unwinding,0.977,12368637,12083730,13765079,bear,-35,Long Unwinding,bear,BUY PUT,87,down,,NEUTRAL / RANGE,neutral,mixed,0,7,13.74,23519.2,-0.04,23600
2026-09-27,19:20:25,2026-09-27T15:30:00,23528.59,23529.84,23496.68,23497.37,23497.4,bear,-60,EMA9<EMA21,bear,-80,call writing|put unwinding,0.974,12400806,12073943,13740055,bear,-37,Long Unwinding,bear,BUY PUT,93,down,,NEUTRAL / RANGE,neutral,mixed,0,7,13.73,23488.0,-0.04,23550
2026-09-27,19:20:26,2026-09-27T15:33:00,23497.37,23498.02,23472.48,23474.14,23474.1,bear,-60,EMA9<EMA21,bear,-80,call writing|put unwinding,0.97,12437579,12065364,13700564,bear,-38,Long Unwinding,bear,BUY PUT,96,down,,MILD BEARISH,down,mild,3,7,13.76,23464.8,-0.04,23500
2026-09-27,19:20:28,2026-09-27T15:36:00,23474.14,23475.06,23457.47,23457.49,23457.5,bear,-60,EMA9<EMA21,bear,-80,call writing|put unwinding,0.967,12471059,12056302,13660709,bear,-39,Long Unwinding,bear,BUY PUT,97,down,,MILD BEARISH,down,mild,3,7,13.7,23448.1,-0.04,23500
2026-09-27,19:20:29,2026-09-27T15:39:00,23457.49,23457.74,23441.13,23443.35,23443.3,bear,-60,EMA9<EMA21,bear,-80,call writing|put unwinding,0.963,12494140,12036877,13621344,bear,-38,Long Unwinding,bear,BUY PUT,98,down,,NEUTRAL / RANGE,neutral,mixed,0,7,13.67,23434.0,-0.04,23500
2026-09-27,19:20:30,2026-09-27T15:42:00,23443.35,23444.3,23424.54,23425.53,23425.5,bear,-60,EMA9<EMA21,bear,-80,call writing|put unwinding,0.961,12518130,12031364,13606795,bear,-35,Long Unwinding,bear,BUY PUT,99,down,,MILD BULLISH,up,mild,3,7,13.72,23416.2,-0.04,23500
2026-09-27,19:20:31,2026-09-27T15:45:00,23425.53,23426.29,23405.84,23407.16,23407.2,bear,-60,EMA9<EMA21,bear,-80,call writing|put unwinding,0.957,12557649,12021847,13567570,bear,-38,Long Unwinding,bear,BUY PUT,99,down,,MILD BEARISH,down,mild,3,7,13.7,23397.8,-0.04,23450
2026-09-27,19:20:32,2026-09-27T15:48:00,23407.16,23412.26,23406.87,23411.81,23411.8,bear,-60,EMA9<EMA21,bull,80,put writing|call unwinding,0.96,12548136,12041635,13595872,bear,-93,Short Buildup,bear,TRAP,49,down,BEAR TRAP,MILD BULLISH,up,mild,4,7,13.7,23425.9,0.06,23350
2026-09-27,19:20:34,2026-09-27T15:51:00,23411.81,23412.24,23409.24,23409.67,23409.7,bear,-60,EMA9<EMA21,bull,80,put writing|call unwinding,0.962,12538999,12066390,13647079,bear,-99,Short Buildup,bear,TRAP,25,down,BEAR TRAP,MILD BULLISH,up,mild,4,7,13.8,23423.7,0.06,23350
2026-09-27,19:20:35,2026-09-27T15:54:00,23409.67,23409.97,23392.08,23393.39,23393.4,bear,-60,EMA9<EMA21,bull,80,put writing|call unwinding,0.966,12521432,12093672,13670545,bear,-91,Short Buildup,bear,TRAP,12,down,BEAR TRAP,MILD BULLISH,up,mild,3,7,13.86,23407.4,0.06,23350
2026-09-27,19:20:36,2026-09-27T15:57:00,23393.39,23394.25,23391.55,23392.9,23392.9,bear,-60,EMA9<EMA21,bull,80,put writing|call unwinding,0.969,12504773,12114480,13714377,bear,-97,Short Buildup,bear,TRAP,6,down,BEAR TRAP,MILD BULLISH,up,mild,3,7,13.86,23406.9,0.06,23350
2026-09-27,19:20:37,2026-09-27T16:00:00,23392.9,23408.09,23391.26,23404.69,23404.7,bear,-60,EMA9<EMA21,bull,80,put writing|call unwinding,0.972,12488834,12135212,13764588,bear,-98,Short Buildup,bear,TRAP,3,down,BEAR TRAP,MILD BULLISH,up,mild,4,7,13.9,23418.7,0.06,23350
2026-09-27,19:20:39,2026-09-27T16:03:00,23404.69,23404.76,23397.37,23399.68,23399.7,bear,-60,EMA9<EMA21,bull,80,put writing|call unwinding,0.975,12482027,12174756,13814907,bear,-98,Short Buildup,bull,TRAP,2,down,BEAR TRAP,NEUTRAL / RANGE,neutral,mixed,0,7,13.88,23413.7,0.06,23350
2026-09-27,19:20:40,2026-09-27T16:06:00,23399.68,23403.2,23399.4,23403.04,23403.0,bear,-60,EMA9<EMA21,bull,80,put writing|call unwinding,0.976,12480907,12177611,13808697,bear,-32,Long Unwinding,bull,TRAP,1,down,BEAR TRAP,NEUTRAL / RANGE,neutral,mixed,0,7,13.9,23403.0,0.0,23400
2026-09-27,19:20:41,2026-09-27T16:09:00,23403.04,23412.4,23402.51,23410.3,23410.3,bear,-60,EMA9<EMA21,neutral,0,put writing|call writing,0.976,12481971,12178324,13811469,bear,-72,Short Buildup,bull,WAIT,0,down,,MILD BULLISH,up,mild,3,7,13.88,23410.3,0.0,23400
2026-09-27,19:20:42,2026-09-27T16:12:00,23410.3,23412.16,23400.82,23402.18,23402.2,bear,-60,EMA9<EMA21,bull,80,put writing|call unwinding,0.977,12477024,12184164,13812650,bear,-64,Short Buildup,bull,TRAP,0,down,BEAR TRAP,MILD BULLISH,up,mild,4,7,13.87,23402.2,0.0,23400
2026-09-27,19:20:43,2026-09-27T16:15:00,23402.18,23407.33,23401.76,23407.03,23407.0,bear,-60,EMA9<EMA21,bull,80,put writing|call unwinding,0.977,12473479,12187890,13820488,bear,-82,Short Buildup,bull,TRAP,0,down,BEAR TRAP,MILD BULLISH,up,mild,4,7,13.93,23407.0,0.0,23400
2026-09-27,19:20:45,2026-09-27T16:18:00,23407.03,23408.41,23404.19,23404.56,23404.6,bear,-60,EMA9<EMA21,bull,80,put writing|call unwinding,0.978,12467654,12192994,13822331,bear,-68,Short Buildup,bear,TRAP,0,down,BEAR TRAP,MILD BULLISH,up,mild,2,7,13.9,23404.6,0.0,23400
2026-09-27,19:20:46,2026-09-27T16:21:00,23404.56,23416.32,23403.88,23415.52,23415.5,bear,-60,EMA9<EMA21,neutral,0,call unwinding|put unwinding,0.978,12465390,12188197,13825747,bear,-74,Short Buildup,bull,WAIT,0,down,,NEUTRAL / RANGE,neutral,mixed,0,7,13.85,23415.5,0.0,23400
2026-09-27,19:20:47,2026-09-27T16:24:00,23415.52,23415.66,23404.44,23404.68,23404.7,bear,-60,EMA9<EMA21,bear,-80,call writing|put unwinding,0.977,12466013,12184350,13830890,bear,-78,Short Buildup,neutral,WAIT,36,down,,MILD BULLISH,up,mild,3,7,13.95,23404.7,0.0,23400
2026-09-27,19:20:48,2026-09-27T16:27:00,23404.68,23422.82,23404.19,23422.33,23422.3,bear,-60,EMA9<EMA21,neutral,0,call unwinding|put unwinding,0.977,12463459,12180729,13826812,bear,-30,Long Unwinding,bull,WAIT,18,down,,MILD BULLISH,up,mild,4,7,13.91,23422.3,0.0,23400
2026-09-27,19:20:50,2026-09-27T16:30:00,23422.33,23422.81,23405.37,23406.61,23406.6,bear,-60,EMA9<EMA21,neutral,0,put writing|call writing,0.977,12465331,12182966,13828736,bear,-69,Short Buildup,bear,WAIT,44,down,,MILD BULLISH,up,mild,2,7,13.92,23406.6,0.0,23400
2026-09-27,19:20:51,2026-09-27T16:33:00,23406.61,23421.3,23403.7,23419.49,23419.5,bear,-60,EMA9<EMA21,bear,-80,call writing|put unwinding,0.977,12470678,12181609,13832105,bear,-74,Short Buildup,bull,BUY PUT,58,down,,MILD BULLISH,up,mild,3,7,13.9,23419.5,0.0,23400
2026-09-27,19:20:52,2026-09-27T16:36:00,23419.49,23419.63,23406.07,23407.06,23407.1,bear,-60,EMA9<EMA21,neutral,0,put writing|call writing,0.977,12474934,12183217,13832439,bear,-53,Short Buildup,bear,BUY PUT,64,down,,NEUTRAL / RANGE,neutral,mixed,0,7,13.85,23407.1,0.0,23400
2026-09-27,19:20:53,2026-09-27T16:39:00,23407.06,23409.28,23405.36,23407.78,23407.8,bear,-60,EMA9<EMA21,bear,-80,call writing|put unwinding,0.976,12478081,12177472,13830232,bear,-28,Long Unwinding,neutral,BUY PUT,68,down,,MILD BULLISH,up,mild,3,7,13.9,23407.8,0.0,23400
2026-09-27,19:20:54,2026-09-27T16:42:00,23407.78,23416.05,23407.45,23413.03,23413.0,bear,-60,EMA9<EMA21,bear,-80,call writing|put unwinding,0.975,12481618,12173778,13822256,bear,-33,Long Unwinding,bear,BUY PUT,83,down,,MILD BULLISH,up,mild,2,7,13.89,23413.0,0.0,23400
2026-09-27,19:20:56,2026-09-27T16:45:00,23413.03,23413.54,23408.06,23408.74,23408.7,bear,-60,EMA9<EMA21,neutral,0,call unwinding|put unwinding,0.975,12480742,12170969,13820952,bear,-26,Long Unwinding,bull,WAIT,42,down,,MILD BULLISH,up,mild,2,7,13.99,23408.7,0.0,23400
2026-09-27,19:20:57,2026-09-27T16:48:00,23408.74,23426.48,23407.6,23424.53,23424.5,bear,-60,EMA9<EMA21,bull,80,put writing|call unwinding,0.978,12474642,12204402,13875479,bear,-99,Short Buildup,bull,TRAP,21,down,BEAR TRAP,MILD BULLISH,up,mild,4,7,13.88,23438.6,0.06,23350
2026-09-27,19:20:58,2026-09-27T16:51:00,23424.53,23433.41,23423.52,23433.26,23433.3,bear,-40,EMA9<EMA21,bull,80,put writing|call unwinding,0.983,12455197,12239526,13904978,bear,-94,Short Buildup,bull,TRAP,10,down,BEAR TRAP,BULLISH,up,clear,5,7,13.84,23447.3,0.06,23400
2026-09-27,19:20:59,2026-09-27T16:54:00,23433.26,23449.85,23431.36,23448.87,23448.9,bear,-40,EMA9<EMA21,bull,80,put writing|call unwinding,0.987,12440806,12276153,13928535,bear,-92,Short Buildup,bull,TRAP,5,down,BEAR TRAP,BULLISH,up,clear,5,7,13.75,23462.9,0.06,23400
2026-09-27,19:21:01,2026-09-27T16:57:00,23448.87,23468.51,23447.65,23466.45,23466.5,bear,-20,EMA9<EMA21,bull,80,put writing|call unwinding,0.989,12434777,12297924,13953670,bear,-92,Short Buildup,bull,WAIT,3,down,,BULLISH,up,clear,5,7,13.78,23480.5,0.06,23400
2026-09-27,19:21:02,2026-09-27T17:00:00,23466.45,23494.32,23465.33,23493.97,23494.0,bull,60,EMA9>EMA21,bull,80,put writing|call unwinding,0.991,12429562,12316979,13995456,bull,97,Long Buildup,bull,WAIT,51,up,,BULLISH,up,clear,5,7,13.73,23508.1,0.06,23450
2026-09-27,19:21:03,2026-09-27T17:03:00,23493.97,23507.69,23493.95,23505.75,23505.8,bull,60,EMA9>EMA21,bull,80,put writing|call unwinding,0.995,12413502,12356554,14025304,bull,94,Long Buildup,bull,BUY CALL,75,up,,MILD BULLISH,up,mild,4,7,13.8,23519.8,0.06,23450
2026-09-27,19:21:04,2026-09-27T17:06:00,23505.75,23521.8,23504.59,23521.75,23521.8,bull,60,EMA9>EMA21,bull,80,put writing|call unwinding,0.998,12404578,12382948,14059523,bull,95,Long Buildup,bull,BUY CALL,87,up,,MILD BULLISH,up,mild,4,7,13.69,23535.9,0.06,23450
2026-09-27,19:21:06,2026-09-27T17:09:00,23521.75,23539.78,23521.28,23539.52,23539.5,bull,60,EMA9>EMA21,bull,80,put writing|call unwinding,1.0,12396200,12398380,14086808,bull,93,Long Buildup,bull,BUY CALL,93,up,,BULLISH,up,clear,5,7,13.69,23553.6,0.06,23500
2026-09-27,19:21:07,2026-09-27T17:12:00,23539.52,23551.67,23537.04,23550.52,23550.5,bull,60,EMA9>EMA21,bull,80,put writing|call unwinding,1.003,12378092,12417519,14139283,bull,99,Long Buildup,bull,BUY CALL,96,up,,BULLISH,up,clear,5,7,13.76,23564.7,0.06,23500
2026-09-27,19:21:08,2026-09-27T17:15:00,23550.52,23567.12,23550.08,23565.81,23565.8,bull,60,EMA9>EMA21,bull,80,put writing|call unwinding,1.007,12359851,12450021,14194157,bull,99,Long Buildup,bull,BUY CALL,97,up,,STRONG BULLISH,up,strong,6,7,13.62,23579.9,0.06,23500
2026-09-27,19:21:09,2026-09-27T17:18:00,23565.81,23590.67,23564.32,23590.56,23590.6,bull,60,EMA9>EMA21,bull,80,put writing|call unwinding,1.01,12349131,12475007,14220811,bull,93,Long Buildup,bull,BUY CALL,98,up,,BULLISH,up,clear,5,7,13.59,23604.7,0.06,23550
2026-09-27,19:21:10,2026-09-27T17:21:00,23590.56,23612.11,23590.18,23610.42,23610.4,bull,60,EMA9>EMA21,bull,80,put writing|call unwinding,1.014,12330996,12497848,14253875,bull,95,Long Buildup,bull,BUY CALL,99,up,,BULLISH,up,clear,5,7,13.51,23624.6,0.06,23550
2026-09-27,19:21:12,2026-09-27T17:24:00,23610.42,23617.0,23608.46,23616.99,23617.0,bull,60,EMA9>EMA21,bull,80,put writing|call unwinding,1.017,12318173,12533046,14302246,bull,98,Long Buildup,bull,BUY CALL,99,up,,BULLISH,up,clear,5,7,13.43,23631.2,0.06,23550
2026-09-27,19:21:13,2026-09-27T17:27:00,23616.99,23628.61,23616.24,23627.21,23627.2,bull,60,EMA9>EMA21,bull,80,put writing|call unwinding,1.02,12308499,12549574,14359124,bull,100,Long Buildup,bull,BUY CALL,99,up,,BULLISH,up,clear,5,7,13.39,23641.4,0.06,23600
2026-09-27,19:21:14,2026-09-27T17:30:00,23627.21,23654.25,23626.53,23653.07,23653.1,bull,60,EMA9>EMA21,bull,80,put writing|call unwinding,1.022,12300156,12570293,14408225,bull,98,Long Buildup,bull,BUY CALL,99,up,,MILD BULLISH,up,mild,4,7,13.39,23667.3,0.06,23600
2026-09-27,19:21:15,2026-09-27T17:33:00,23653.07,23675.83,23652.13,23674.6,23674.6,bull,60,EMA9>EMA21,bull,80,put writing|call unwinding,1.025,12293468,12603399,14453030,bull,97,Long Buildup,bull,BUY CALL,99,up,,BULLISH,up,clear,5,7,13.35,23688.8,0.06,23600
2026-09-27,19:21:17,2026-09-27T17:36:00,23674.6,23690.1,23673.37,23689.67,23689.7,bull,60,EMA9>EMA21,bull,80,put writing|call unwinding,1.028,12285419,12634644,14478793,bull,92,Long Buildup,bull,BUY CALL,99,up,,BULLISH,up,clear,5,7,13.31,23703.9,0.06,23650
2026-09-27,19:21:18,2026-09-27T17:39:00,23689.67,23719.65,23689.4,23718.68,23718.7,bull,60,EMA9>EMA21,bull,80,put writing|call unwinding,1.031,12279298,12658977,14502114,bull,91,Long Buildup,bull,BUY CALL,99,up,,MILD BULLISH,up,mild,4,7,13.27,23732.9,0.06,23650
2026-09-27,19:21:19,2026-09-27T17:42:00,23718.68,23730.06,23718.07,23730.02,23730.0,bull,60,EMA9>EMA21,bull,80,put writing|call unwinding,1.034,12269138,12692281,14490174,bull,34,Short Covering,bull,BUY CALL,99,up,,MILD BULLISH,up,mild,3,7,13.25,23720.5,-0.04,23700
2026-09-27,19:21:20,2026-09-27T17:45:00,23730.02,23745.04,23726.63,23744.5,23744.5,bull,60,EMA9>EMA21,bull,80,put writing|call unwinding,1.038,12263920,12730921,14454503,bull,38,Short Covering,bull,BUY CALL,99,up,,MILD BULLISH,up,mild,4,7,13.18,23735.0,-0.04,23700
2026-09-27,19:21:21,2026-09-27T17:48:00,23744.5,23762.06,23743.04,23761.81,23761.8,bull,60,EMA9>EMA21,bull,80,put writing|call unwinding,1.041,12253885,12755251,14424390,bull,38,Short Covering,bull,BUY CALL,99,up,,MILD BULLISH,up,mild,4,7,13.13,23752.3,-0.04,23700
2026-09-27,19:21:23,2026-09-27T17:51:00,23761.81,23765.66,23760.92,23764.63,23764.6,bull,60,EMA9>EMA21,bull,80,put writing|call unwinding,1.043,12246984,12774186,14386375,bull,38,Short Covering,bull,BUY CALL,99,up,,MILD BULLISH,up,mild,4,7,13.09,23755.1,-0.04,23700
2026-09-27,19:21:24,2026-09-27T17:54:00,23764.63,23775.85,23764.02,23775.3,23775.3,bull,60,EMA9>EMA21,bull,80,put writing|call unwinding,1.045,12241259,12792990,14358019,bull,37,Short Covering,bull,BUY CALL,99,up,,MILD BULLISH,up,mild,4,7,13.0,23765.8,-0.04,23750
2026-09-27,19:21:25,2026-09-27T17:57:00,23775.3,23778.91,23773.72,23778.24,23778.2,bull,60,EMA9>EMA21,bull,80,put writing|call unwinding,1.048,12234849,12827221,14320661,bull,38,Short Covering,bull,BUY CALL,99,up,,MILD BULLISH,up,mild,4,7,13.02,23768.7,-0.04,23750
2026-09-27,19:21:26,2026-09-27T18:00:00,23778.24,23790.28,23778.15,23789.1,23789.1,bull,60,EMA9>EMA21,bull,80,put writing|call unwinding,1.051,12226689,12855482,14301340,bull,36,Short Covering,bull,BUY CALL,99,up,,MILD BULLISH,up,mild,3,7,12.97,23779.6,-0.04,23750
2026-09-27,19:21:28,2026-09-27T18:03:00,23789.1,23799.44,23787.88,23798.59,23798.6,bull,60,EMA9>EMA21,bull,80,put writing|call unwinding,1.056,12207669,12888038,14284930,bull,35,Short Covering,bull,BUY CALL,99,up,,MILD BULLISH,up,mild,4,7,13.02,23789.1,-0.04,23750
2026-09-27,19:21:29,2026-09-27T18:06:00,23798.59,23806.99,23798.29,23805.04,23805.0,bull,60,EMA9>EMA21,bear,-80,call writing|put unwinding,1.052,12239045,12869363,14267658,bull,35,Short Covering,bull,TRAP,49,up,BULL TRAP,MILD BULLISH,up,mild,4,7,12.99,23795.5,-0.04,23850
2026-09-27,19:21:30,2026-09-27T18:09:00,23805.04,23821.69,23804.01,23819.48,23819.5,bull,60,EMA9>EMA21,bear,-80,call writing|put unwinding,1.048,12273075,12856464,14233045,bull,38,Short Covering,bull,TRAP,25,up,BULL TRAP,MILD BULLISH,up,mild,3,7,13.09,23809.9,-0.04,23850
2026-09-27,19:21:31,2026-09-27T18:12:00,23819.48,23820.37,23816.12,23816.7,23816.7,bull,60,EMA9>EMA21,bear,-80,call writing|put unwinding,1.044,12298738,12843474,14205255,bull,37,Short Covering,bull,TRAP,12,up,BULL TRAP,MILD BULLISH,up,mild,3,7,13.08,23807.2,-0.04,23850
2026-09-27,19:21:33,2026-09-27T18:15:00,23816.7,23817.46,23814.01,23815.58,23815.6,bull,60,EMA9>EMA21,bear,-80,call writing|put unwinding,1.04,12333503,12824257,14183444,bull,36,Short Covering,bull,TRAP,6,up,BULL TRAP,NEUTRAL / RANGE,neutral,mixed,0,7,13.1,23806.1,-0.04,23850
2026-09-27,19:21:34,2026-09-27T18:18:00,23815.58,23838.83,23813.67,23838.08,23838.1,bull,60,EMA9>EMA21,bear,-80,call writing|put unwinding,1.037,12354192,12814626,14156945,bull,37,Short Covering,bull,TRAP,3,up,BULL TRAP,MILD BULLISH,up,mild,3,7,13.16,23828.5,-0.04,23900
2026-09-27,19:21:35,2026-09-27T18:21:00,23838.08,23838.98,23837.0,23838.11,23838.1,bull,60,EMA9>EMA21,bear,-80,call writing|put unwinding,1.033,12387601,12796706,14130140,bull,37,Short Covering,bull,TRAP,2,up,BULL TRAP,MILD BULLISH,up,mild,4,7,13.15,23828.6,-0.04,23900
2026-09-27,19:21:36,2026-09-27T18:24:00,23838.11,23842.22,23820.58,23821.24,23821.2,bull,60,EMA9>EMA21,bear,-80,call writing|put unwinding,1.029,12419558,12785106,14098981,bull,38,Short Covering,bull,TRAP,1,up,BULL TRAP,MILD BEARISH,down,mild,3,7,13.22,23811.7,-0.04,23850
2026-09-27,19:21:37,2026-09-27T18:27:00,23821.24,23821.33,23794.74,23796.54,23796.5,bull,60,EMA9>EMA21,bear,-80,call writing|put unwinding,1.026,12454211,12772665,14059058,bull,39,Short Covering,bear,TRAP,0,up,BULL TRAP,NEUTRAL / RANGE,neutral,mixed,0,7,13.25,23787.0,-0.04,23850
2026-09-27,19:21:39,2026-09-27T18:30:00,23796.54,23796.71,23778.92,23780.17,23780.2,bull,60,EMA9>EMA21,bear,-80,call writing|put unwinding,1.022,12486689,12757825,14030679,bull,37,Short Covering,bear,TRAP,0,up,BULL TRAP,NEUTRAL / RANGE,neutral,mixed,0,7,13.36,23770.7,-0.04,23850
2026-09-27,19:21:40,2026-09-27T18:33:00,23780.17,23780.8,23753.89,23754.3,23754.3,bull,60,EMA9>EMA21,bear,-80,call writing|put unwinding,1.019,12504344,12746875,14007501,bull,37,Short Covering,bear,TRAP,0,up,BULL TRAP,MILD BEARISH,down,mild,3,7,13.3,23744.8,-0.04,23800
2026-09-27,19:21:41,2026-09-27T18:36:00,23754.3,23754.98,23745.41,23745.85,23745.8,bull,40,EMA9>EMA21,bear,-80,call writing|put unwinding,1.016,12528478,12734135,13973838,bull,38,Short Covering,bear,TRAP,0,up,BULL TRAP,NEUTRAL / RANGE,neutral,mixed,0,7,13.35,23736.4,-0.04,23800
2026-09-27,19:21:42,2026-09-27T18:39:00,23745.85,23746.6,23720.61,23720.7,23720.7,bull,40,EMA9>EMA21,bear,-80,call writing|put unwinding,1.013,12554219,12722338,13935540,bull,38,Short Covering,bear,TRAP,0,up,BULL TRAP,MILD BEARISH,down,mild,3,7,13.41,23711.2,-0.04,23750
2026-09-27,19:21:44,2026-09-27T18:42:00,23720.7,23720.94,23695.57,23696.34,23696.3,bull,20,EMA9>EMA21,bear,-80,call writing|put unwinding,1.01,12585800,12715325,13923188,bull,34,Short Covering,bear,WAIT,0,up,,NEUTRAL / RANGE,neutral,mixed,0,7,13.51,23686.9,-0.04,23750
2026-09-27,19:21:45,2026-09-27T18:45:00,23696.34,23697.09,23673.42,23675.26,23675.3,bear,-60,EMA9<EMA21,bear,-80,call writing|put unwinding,1.008,12601578,12699725,13894589,bear,-37,Long Unwinding,bear,WAIT,50,down,,NEUTRAL / RANGE,neutral,mixed,0,7,13.43,23665.8,-0.04,23750
2026-09-27,19:21:46,2026-09-27T18:48:00,23675.26,23675.74,23669.0,23670.23,23670.2,bear,-60,EMA9<EMA21,bear,-80,call writing|put unwinding,1.005,12623407,12691718,13865741,bear,-37,Long Unwinding,bear,BUY PUT,74,down,,MILD BEARISH,down,mild,3,7,13.44,23660.8,-0.04,23700
2026-09-27,19:21:47,2026-09-27T18:51:00,23670.23,23670.5,23642.21,23643.5,23643.5,bear,-60,EMA9<EMA21,bear,-80,call writing|put unwinding,1.002,12657029,12680293,13853551,bear,-34,Long Unwinding,bear,BUY PUT,87,down,,NEUTRAL / RANGE,neutral,mixed,0,7,13.47,23634.0,-0.04,23700
2026-09-27,19:21:48,2026-09-27T18:54:00,23643.5,23645.61,23629.74,23629.86,23629.9,bear,-60,EMA9<EMA21,bear,-80,call writing|put unwinding,0.998,12689843,12664709,13842314,bear,-34,Long Unwinding,bear,BUY PUT,93,down,,NEUTRAL / RANGE,neutral,mixed,0,7,13.48,23620.4,-0.04,23700
2026-09-27,19:21:50,2026-09-27T18:57:00,23629.86,23632.11,23618.9,23619.21,23619.2,bear,-60,EMA9<EMA21,bear,-80,call writing|put unwinding,0.995,12718744,12652727,13823381,bear,-36,Long Unwinding,bear,BUY PUT,96,down,,MILD BEARISH,down,mild,3,7,13.59,23609.8,-0.04,23650
2026-09-27,19:21:51,2026-09-27T19:00:00,23619.21,23619.68,23602.06,23602.88,23602.9,bear,-60,EMA9<EMA21,bear,-80,call writing|put unwinding,0.992,12744248,12646036,13794341,bear,-37,Long Unwinding,bear,BUY PUT,97,down,,MILD BEARISH,down,mild,3,7,13.63,23593.4,-0.04,23650
2026-09-27,19:21:52,2026-09-27T19:03:00,23602.88,23603.28,23576.15,23576.98,23577.0,bear,-60,EMA9<EMA21,bear,-80,call writing|put unwinding,0.99,12766929,12638593,13769494,bear,-37,Long Unwinding,bear,BUY PUT,98,down,,NEUTRAL / RANGE,neutral,mixed,0,7,13.52,23567.5,-0.04,23650
2026-09-27,19:21:53,2026-09-27T19:06:00,23576.98,23577.58,23565.48,23566.0,23566.0,bear,-60,EMA9<EMA21,bear,-80,call writing|put unwinding,0.987,12786059,12625113,13759424,bear,-34,Long Unwinding,bear,BUY PUT,99,down,,MILD BEARISH,down,mild,3,7,13.56,23556.6,-0.04,23600
2026-09-27,19:21:55,2026-09-27T19:09:00,23566.0,23566.85,23551.67,23552.31,23552.3,bear,-60,EMA9<EMA21,bear,-80,call writing|put unwinding,0.983,12823841,12605578,13732557,bear,-37,Long Unwinding,bear,BUY PUT,99,down,,NEUTRAL / RANGE,neutral,mixed,0,7,13.63,23542.9,-0.04,23600
2026-09-27,19:21:56,2026-09-27T19:12:00,23552.31,23553.15,23519.25,23520.52,23520.5,bear,-60,EMA9<EMA21,bear,-80,call writing|put unwinding,0.98,12855937,12596493,13704634,bear,-37,Long Unwinding,bear,BUY PUT,99,down,,MILD BEARISH,down,mild,3,7,13.57,23511.1,-0.04,23550
2026-09-27,19:21:57,2026-09-27T19:15:00,23520.52,23522.25,23504.36,23505.2,23505.2,bear,-60,EMA9<EMA21,bear,-80,call writing|put unwinding,0.978,12873145,12585042,13691925,bear,-34,Long Unwinding,bear,BUY PUT,99,down,,MILD BEARISH,down,mild,3,7,13.59,23495.8,-0.04,23550
2026-09-27,19:21:58,2026-09-27T19:18:00,23505.2,23505.22,23490.47,23491.59,23491.6,bear,-60,EMA9<EMA21,bull,80,put writing|call unwinding,0.982,12853369,12617986,13748577,bear,-99,Short Buildup,bear,TRAP,49,down,BEAR TRAP,MILD BULLISH,up,mild,4,7,13.62,23505.7,0.06,23450
2026-09-27,19:22:00,2026-09-27T19:21:00,23491.59,23492.74,23489.06,23490.06,23490.1,bear,-60,EMA9<EMA21,bull,80,put writing|call unwinding,0.984,12838360,12638956,13803232,bear,-99,Short Buildup,bear,TRAP,25,down,BEAR TRAP,MILD BULLISH,up,mild,4,7,13.63,23504.2,0.06,23450
2026-09-27,19:22:01,2026-09-27T19:24:00,23490.06,23490.29,23471.21,23472.85,23472.8,bear,-60,EMA9<EMA21,bull,80,put writing|call unwinding,0.989,12821703,12675806,13832035,bear,-93,Short Buildup,bear,TRAP,12,down,BEAR TRAP,NEUTRAL / RANGE,neutral,mixed,0,7,13.62,23486.9,0.06,23400
2026-09-27,19:22:02,2026-09-27T19:27:00,23472.85,23473.25,23469.48,23469.6,23469.6,bear,-60,EMA9<EMA21,bull,80,put writing|call unwinding,0.993,12805345,12712274,13858313,bear,-93,Short Buildup,bear,TRAP,6,down,BEAR TRAP,NEUTRAL / RANGE,neutral,mixed,0,7,13.67,23483.7,0.06,23400
2026-09-27,19:22:03,2026-09-27T19:30:00,23469.6,23470.36,23464.42,23465.59,23465.6,bear,-60,EMA9<EMA21,bull,80,put writing|call unwinding,0.996,12786157,12738418,13908580,bear,-98,Short Buildup,bear,TRAP,3,down,BEAR TRAP,NEUTRAL / RANGE,neutral,mixed,0,7,13.7,23479.7,0.06,23400
2026-09-27,19:22:04,2026-09-27T19:33:00,23465.59,23466.04,23443.49,23443.79,23443.8,bear,-60,EMA9<EMA21,bull,80,put writing|call unwinding,0.998,12780214,12758205,13947916,bear,-96,Short Buildup,bear,TRAP,2,down,BEAR TRAP,MILD BULLISH,up,mild,3,7,13.72,23457.9,0.06,23400
2026-09-27,19:22:06,2026-09-27T19:36:00,23443.79,23445.31,23418.52,23419.74,23419.7,bear,-60,EMA9<EMA21,neutral,0,put writing|call writing,0.998,12784882,12760587,13941480,bear,-32,Long Unwinding,bear,WAIT,36,down,,MILD BULLISH,up,mild,2,7,13.8,23419.7,0.0,23400
2026-09-27,19:22:07,2026-09-27T19:39:00,23419.74,23427.59,23418.89,23426.07,23426.1,bear,-60,EMA9<EMA21,neutral,0,call unwinding|put unwinding,0.998,12784858,12760401,13934277,bear,-32,Long Unwinding,bear,BUY PUT,54,down,,MILD BULLISH,up,mild,2,7,13.73,23426.1,0.0,23450
2026-09-27,19:22:08,2026-09-27T19:42:00,23426.07,23430.38,23425.98,23429.83,23429.8,bear,-60,EMA9<EMA21,neutral,0,put writing|call writing,0.998,12785704,12763689,13939710,bear,-78,Short Buildup,bear,BUY PUT,62,down,,MILD BULLISH,up,mild,3,7,13.7,23429.8,0.0,23450
2026-09-27,19:22:09,2026-09-27T19:45:00,23429.83,23430.83,23420.3,23420.7,23420.7,bear,-60,EMA9<EMA21,neutral,0,put writing|call writing,0.998,12786081,12763962,13939763,bear,-36,Short Buildup,neutral,WAIT,31,down,,MILD BULLISH,up,mild,4,7,13.69,23420.7,0.0,23400
2026-09-27,19:22:11,2026-09-27T19:48:00,23420.7,23424.54,23419.02,23424.51,23424.5,bear,-60,EMA9<EMA21,neutral,0,put writing|call writing,0.998,12787751,12766605,13945489,bear,-79,Short Buildup,neutral,WAIT,16,down,,MILD BULLISH,up,mild,3,7,13.7,23424.5,0.0,23400
2026-09-27,19:22:12,2026-09-27T19:51:00,23424.51,23434.39,23423.61,23434.3,23434.3,bear,-60,EMA9<EMA21,bear,-80,call writing|put unwinding,0.998,12793610,12763630,13946492,bear,-63,Short Buildup,bull,WAIT,43,down,,MILD BULLISH,up,mild,2,7,13.63,23434.3,0.0,23450
2026-09-27,19:22:13,2026-09-27T19:54:00,23434.3,23445.61,23433.89,23444.52,23444.5,bear,-60,EMA9<EMA21,neutral,0,call unwinding|put unwinding,0.998,12791694,12759889,13941536,bear,-31,Long Unwinding,bull,WAIT,22,down,,MILD BULLISH,up,mild,3,7,13.61,23444.5,0.0,23450
2026-09-27,19:22:14,2026-09-27T19:57:00,23444.52,23456.93,23444.4,23456.57,23456.6,bear,-60,EMA9<EMA21,bear,-80,call writing|put unwinding,0.997,12793394,12759626,13947820,bear,-80,Short Buildup,bull,WAIT,46,down,,MILD BULLISH,up,mild,2,7,13.56,23456.6,0.0,23450
2026-09-27,19:22:16,2026-09-27T20:00:00,23456.57,23465.89,23456.14,23464.1,23464.1,bear,-60,EMA9<EMA21,neutral,0,call unwinding|put unwinding,0.998,12788007,12758211,13953281,bear,-78,Short Buildup,bull,WAIT,23,down,,MILD BULLISH,up,mild,2,7,13.52,23464.1,0.0,23450
2026-09-27,19:22:17,2026-09-27T20:03:00,23464.1,23464.22,23441.14,23441.28,23441.3,bear,-60,EMA9<EMA21,bear,-80,call writing|put unwinding,0.997,12790344,12757687,13956463,bear,-73,Short Buildup,neutral,WAIT,47,down,,MILD BULLISH,up,mild,3,7,13.63,23441.3,0.0,23450
2026-09-27,19:22:18,2026-09-27T20:06:00,23441.28,23455.85,23439.79,23454.31,23454.3,bear,-60,EMA9<EMA21,neutral,0,call unwinding|put unwinding,0.998,12785816,12755938,13952712,bear,-30,Long Unwinding,neutral,WAIT,24,down,,MILD BULLISH,up,mild,3,7,13.56,23454.3,0.0,23450
2026-09-27,19:22:19,2026-09-27T20:09:00,23454.31,23456.21,23440.12,23440.25,23440.2,bear,-60,EMA9<EMA21,neutral,0,call unwinding|put unwinding,0.998,12782720,12752101,13955501,bear,-72,Short Buildup,bear,WAIT,47,down,,MILD BULLISH,up,mild,3,7,13.52,23440.2,0.0,23450
2026-09-27,19:22:21,2026-09-27T20:12:00,23440.25,23451.73,23439.23,23450.51,23450.5,bear,-60,EMA9<EMA21,bull,80,put writing|call unwinding,0.998,12778723,12753077,13948116,bear,-32,Long Unwinding,bull,TRAP,24,down,BEAR TRAP,MILD BULLISH,up,mild,4,7,13.5,23450.5,0.0,23450
2026-09-27,19:22:22,2026-09-27T20:15:00,23450.51,23456.88,23449.2,23456.45,23456.5,bear,-60,EMA9<EMA21,bull,80,put writing|call unwinding,0.998,12775743,12754975,13946418,bear,-27,Long Unwinding,neutral,TRAP,12,down,BEAR TRAP,NEUTRAL / RANGE,neutral,mixed,0,7,13.6,23456.5,0.0,23450
2026-09-27,19:22:23,2026-09-27T20:18:00,23456.45,23470.67,23456.09,23470.33,23470.3,bear,-60,EMA9<EMA21,bull,80,put writing|call unwinding,1.002,12764211,12784070,13973824,bear,-93,Short Buildup,bull,TRAP,6,down,BEAR TRAP,BULLISH,up,clear,5,7,13.51,23484.4,0.06,23400
2026-09-27,19:22:24,2026-09-27T20:21:00,23470.33,23488.48,23469.8,23487.5,23487.5,bear,-40,EMA9<EMA21,bull,80,put writing|call unwinding,1.004,12755659,12800449,13997995,bear,-92,Short Buildup,bull,TRAP,3,down,BEAR TRAP,BULLISH,up,clear,5,7,13.5,23501.6,0.06,23450
2026-09-27,19:22:25,2026-09-27T20:24:00,23487.5,23523.78,23486.82,23522.56,23522.6,bear,-20,EMA9<EMA21,bull,80,put writing|call unwinding,1.006,12740781,12822131,14038835,bear,-97,Short Buildup,bull,WAIT,1,down,,BULLISH,up,clear,5,7,13.49,23536.7,0.06,23450
2026-09-27,19:22:27,2026-09-27T20:27:00,23522.56,23553.39,23522.13,23553.29,23553.3,bull,60,EMA9>EMA21,bull,80,put writing|call unwinding,1.01,12721813,12844989,14077977,bull,96,Long Buildup,bull,WAIT,50,up,,MILD BULLISH,up,mild,4,7,13.49,23567.4,0.06,23500
2026-09-27,19:22:28,2026-09-27T20:30:00,23553.29,23559.09,23551.38,23558.38,23558.4,bull,60,EMA9>EMA21,bull,80,put writing|call unwinding,1.013,12705435,12867878,14101338,bull,91,Long Buildup,bull,BUY CALL,75,up,,BULLISH,up,clear,5,7,13.26,23572.5,0.06,23500
2026-09-27,19:22:29,2026-09-27T20:33:00,23558.38,23580.85,23557.4,23580.07,23580.1,bull,60,EMA9>EMA21,bull,80,put writing|call unwinding,1.015,12687401,12883801,14141649,bull,96,Long Buildup,bull,BUY CALL,87,up,,BULLISH,up,clear,5,7,13.24,23594.2,0.06,23550
2026-09-27,19:22:31,2026-09-27T20:36:00,23580.07,23593.01,23579.52,23591.76,23591.8,bull,60,EMA9>EMA21,bull,80,put writing|call unwinding,1.019,12672377,12910376,14162343,bull,90,Long Buildup,bull,BUY CALL,93,up,,BULLISH,up,clear,5,7,13.3,23605.9,0.06,23550
2026-09-27,19:22:32,2026-09-27T20:39:00,23591.76,23608.35,23590.92,23605.49,23605.5,bull,60,EMA9>EMA21,bull,80,put writing|call unwinding,1.023,12660028,12950235,14212612,bull,98,Long Buildup,bull,BUY CALL,96,up,,BULLISH,up,clear,5,7,13.37,23619.7,0.06,23550
2026-09-27,19:22:33,2026-09-27T20:42:00,23605.49,23617.29,23605.1,23616.76,23616.8,bull,60,EMA9>EMA21,bull,80,put writing|call unwinding,1.025,12647584,12966686,14239073,bull,93,Long Buildup,bull,BUY CALL,97,up,,BULLISH,up,clear,5,7,13.24,23630.9,0.06,23550
2026-09-27,19:22:34,2026-09-27T20:45:00,23616.76,23636.45,23615.86,23635.76,23635.8,bull,60,EMA9>EMA21,bull,80,put writing|call unwinding,1.029,12632438,12999729,14296098,bull,100,Long Buildup,bull,BUY CALL,98,up,,BULLISH,up,clear,5,7,13.24,23649.9,0.06,23600
2026-09-27,19:22:36,2026-09-27T20:48:00,23635.76,23650.96,23635.58,23649.66,23649.7,bull,60,EMA9>EMA21,bull,80,put writing|call unwinding,1.031,12622676,13016447,14355937,bull,100,Long Buildup,bull,BUY CALL,99,up,,MILD BULLISH,up,mild,4,7,13.29,23663.8,0.06,23600
2026-09-27,19:22:37,2026-09-27T20:51:00,23649.66,23663.35,23647.16,23660.02,23660.0,bull,60,EMA9>EMA21,bull,80,put writing|call unwinding,1.033,12616994,13034307,14402791,bull,98,Long Buildup,bull,BUY CALL,99,up,,BULLISH,up,clear,5,7,13.21,23674.2,0.06,23600
2026-09-27,19:22:38,2026-09-27T20:54:00,23660.02,23676.01,23659.78,23675.55,23675.5,bull,60,EMA9>EMA21,bull,80,put writing|call unwinding,1.037,12605412,13068280,14451960,bull,98,Long Buildup,bull,BUY CALL,99,up,,STRONG BULLISH,up,strong,6,7,13.07,23689.8,0.06,23650
2026-09-27,19:22:39,2026-09-27T20:57:00,23675.55,23684.98,23674.44,23684.5,23684.5,bull,60,EMA9>EMA21,bull,80,put writing|call unwinding,1.04,12597334,13103995,14510281,bull,100,Long Buildup,bull,BUY CALL,99,up,,BULLISH,up,clear,5,7,13.08,23698.7,0.06,23650
2026-09-27,19:22:40,2026-09-27T21:00:00,23684.5,23713.04,23683.55,23710.8,23710.8,bull,60,EMA9>EMA21,bull,80,put writing|call unwinding,1.043,12588500,13131221,14557169,bull,98,Long Buildup,bull,BUY CALL,99,up,,BULLISH,up,clear,5,7,13.14,23725.0,0.06,23650
2026-09-27,19:22:42,2026-09-27T21:03:00,23710.8,23722.78,23708.44,23721.83,23721.8,bull,60,EMA9>EMA21,bull,80,put writing|call unwinding,1.047,12572044,13165509,14582773,bull,92,Long Buildup,bull,BUY CALL,99,up,,MILD BULLISH,up,mild,4,7,13.17,23736.1,0.06,23650
2026-09-27,19:22:43,2026-09-27T21:06:00,23721.83,23751.75,23721.77,23749.54,23749.5,bull,60,EMA9>EMA21,bull,80,put writing|call unwinding,1.05,12562657,13193143,14622011,bull,96,Long Buildup,bull,BUY CALL,99,up,,BULLISH,up,clear,5,7,13.22,23763.8,0.06,23700
2026-09-27,19:22:44,2026-09-27T21:09:00,23749.54,23760.26,23749.42,23759.28,23759.3,bull,60,EMA9>EMA21,bull,80,put writing|call unwinding,1.054,12555956,13228518,14671070,bull,98,Long Buildup,bull,BUY CALL,99,up,,BULLISH,up,clear,5,7,13.27,23773.5,0.06,23700
2026-09-27,19:22:45,2026-09-27T21:12:00,23759.28,23778.03,23758.2,23777.9,23777.9,bull,60,EMA9>EMA21,bull,80,put writing|call unwinding,1.057,12547563,13264134,14646509,bull,37,Short Covering,bull,BUY CALL,99,up,,MILD BULLISH,up,mild,4,7,13.28,23768.4,-0.04,23750
2026-09-27,19:22:47,2026-09-27T21:15:00,23777.9,23790.73,23775.65,23789.29,23789.3,bull,60,EMA9>EMA21,bull,80,put writing|call unwinding,1.06,12541201,13289363,14625315,bull,36,Short Covering,bull,BUY CALL,99,up,,MILD BULLISH,up,mild,4,7,13.3,23779.8,-0.04,23750
2026-09-27,19:22:48,2026-09-27T21:18:00,23789.29,23801.76,23786.94,23800.77,23800.8,bull,60,EMA9>EMA21,bull,80,put writing|call unwinding,1.063,12532441,13322483,14604040,bull,36,Short Covering,bull,BUY CALL,99,up,,MILD BEARISH,down,mild,4,7,13.3,23791.3,-0.04,23750
2026-09-27,19:22:49,2026-09-27T21:21:00,23800.77,23814.72,23800.25,23814.25,23814.2,bull,60,EMA9>EMA21,bull,80,put writing|call unwinding,1.067,12515109,13359599,14571158,bull,38,Short Covering,bull,BUY CALL,99,up,,MILD BULLISH,up,mild,4,7,13.24,23804.7,-0.04,23750
2026-09-27,19:22:50,2026-09-27T21:24:00,23814.25,23828.46,23813.89,23827.27,23827.3,bull,60,EMA9>EMA21,bull,80,put writing|call unwinding,1.07,12505390,13375102,14532282,bull,38,Short Covering,bull,BUY CALL,99,up,,MILD BULLISH,up,mild,4,7,13.23,23817.7,-0.04,23800
2026-09-27,19:22:51,2026-09-27T21:27:00,23827.27,23836.13,23826.37,23835.81,23835.8,bull,60,EMA9>EMA21,bull,80,put writing|call unwinding,1.072,12496521,13393564,14504961,bull,37,Short Covering,bull,BUY CALL,99,up,,MILD BULLISH,up,mild,4,7,13.18,23826.3,-0.04,23800
2026-09-27,19:22:53,2026-09-27T21:30:00,23835.81,23838.12,23834.97,23835.51,23835.5,bull,60,EMA9>EMA21,bull,80,put writing|call unwinding,1.075,12483230,13414244,14491596,bull,35,Short Covering,bull,BUY CALL,99,up,,MILD BULLISH,up,mild,4,7,13.07,23826.0,-0.04,23800
2026-09-27,19:22:54,2026-09-27T21:33:00,23835.51,23842.54,23833.65,23841.75,23841.8,bull,60,EMA9>EMA21,bull,80,put writing|call unwinding,1.079,12464074,13443534,14476903,bull,35,Short Covering,bull,BUY CALL,99,up,,MILD BULLISH,up,mild,4,7,13.05,23832.2,-0.04,23800
2026-09-27,19:22:55,2026-09-27T21:36:00,23841.75,23850.68,23840.82,23849.61,23849.6,bull,60,EMA9>EMA21,bear,-80,call writing|put unwinding,1.074,12498578,13426778,14449324,bull,37,Short Covering,bull,TRAP,49,up,BULL TRAP,STRONG BULLISH,up,strong,6,7,12.88,23840.1,-0.04,23900
2026-09-27,19:22:56,2026-09-27T21:39:00,23849.61,23858.6,23848.98,23857.02,23857.0,bull,60,EMA9>EMA21,bear,-80,call writing|put unwinding,1.071,12521655,13410170,14410727,bull,38,Short Covering,bull,TRAP,25,up,BULL TRAP,MILD BULLISH,up,mild,4,7,12.8,23847.5,-0.04,23900
2026-09-27,19:22:58,2026-09-27T21:42:00,23857.02,23857.33,23845.6,23847.61,23847.6,bull,60,EMA9>EMA21,bear,-80,call writing|put unwinding,1.068,12551058,13404859,14394145,bull,35,Short Covering,bull,TRAP,12,up,BULL TRAP,BULLISH,up,clear,5,7,12.76,23838.1,-0.04,23900
2026-09-27,19:22:59,2026-09-27T21:45:00,23847.61,23849.41,23846.18,23848.51,23848.5,bull,60,EMA9>EMA21,bear,-80,call writing|put unwinding,1.066,12572015,13395537,14362908,bull,38,Short Covering,neutral,TRAP,6,up,BULL TRAP,MILD BULLISH,up,mild,4,7,12.68,23839.0,-0.04,23900
2026-09-27,19:23:00,2026-09-27T21:48:00,23848.51,23867.54,23846.62,23867.51,23867.5,bull,60,EMA9>EMA21,bear,-80,call writing|put unwinding,1.061,12608506,13383404,14332819,bull,37,Short Covering,bull,TRAP,3,up,BULL TRAP,MILD BULLISH,up,mild,4,7,12.61,23858.0,-0.04,23900
2026-09-27,19:23:01,2026-09-27T21:51:00,23867.51,23874.29,23864.41,23873.64,23873.6,bull,60,EMA9>EMA21,bear,-80,call writing|put unwinding,1.058,12645832,13374251,14304898,bull,37,Short Covering,bull,TRAP,2,up,BULL TRAP,MILD BULLISH,up,mild,4,7,12.66,23864.1,-0.04,23900
2026-09-27,19:23:03,2026-09-27T21:54:00,23873.64,23874.09,23866.75,23867.9,23867.9,bull,60,EMA9>EMA21,bear,-80,call writing|put unwinding,1.054,12677714,13365300,14279566,bull,37,Short Covering,bull,TRAP,1,up,BULL TRAP,MILD BEARISH,down,mild,3,7,12.68,23858.4,-0.04,23900
2026-09-27,19:23:04,2026-09-27T21:57:00,23867.9,23868.54,23842.7,23842.75,23842.8,bull,60,EMA9>EMA21,bear,-80,call writing|put unwinding,1.051,12696242,13348946,14268823,bull,34,Short Covering,bear,TRAP,0,up,BULL TRAP,NEUTRAL / RANGE,neutral,mixed,0,7,12.61,23833.2,-0.04,23900
2026-09-27,19:23:05,2026-09-27T22:00:00,23842.75,23843.27,23820.79,23821.98,23822.0,bull,60,EMA9>EMA21,bear,-80,call writing|put unwinding,1.048,12732302,13343207,14234858,bull,38,Short Covering,bear,TRAP,0,up,BULL TRAP,MILD BEARISH,down,mild,3,7,12.52,23812.5,-0.04,23850
2026-09-27,19:23:06,2026-09-27T22:03:00,23821.98,23823.11,23809.47,23811.7,23811.7,bull,60,EMA9>EMA21,bear,-80,call writing|put unwinding,1.045,12753662,13329087,14214771,bull,36,Short Covering,bear,TRAP,0,up,BULL TRAP,MILD BEARISH,down,mild,4,7,12.65,23802.2,-0.04,23850
2026-09-27,19:23:07,2026-09-27T22:06:00,23811.7,23812.02,23782.07,23782.84,23782.8,bull,40,EMA9>EMA21,bear,-80,call writing|put unwinding,1.042,12785485,13322327,14191736,bull,37,Short Covering,bear,TRAP,0,up,BULL TRAP,NEUTRAL / RANGE,neutral,mixed,0,7,12.59,23773.3,-0.04,23850
2026-09-27,19:23:09,2026-09-27T22:09:00,23782.84,23784.36,23778.22,23781.07,23781.1,bull,40,EMA9>EMA21,bear,-80,call writing|put unwinding,1.039,12806763,13303525,14176367,bull,35,Short Covering,bear,TRAP,0,up,BULL TRAP,MILD BULLISH,up,mild,4,7,12.74,23771.6,-0.04,23850
2026-09-27,19:23:10,2026-09-27T22:12:00,23781.07,23781.83,23749.28,23750.38,23750.4,bull,20,EMA9>EMA21,bear,-80,call writing|put unwinding,1.036,12827421,13293505,14165786,bull,34,Short Covering,bear,WAIT,0,up,,NEUTRAL / RANGE,neutral,mixed,0,7,12.78,23740.9,-0.04,23800
2026-09-27,19:23:11,2026-09-27T22:15:00,23750.38,23750.83,23729.33,23730.7,23730.7,bull,20,EMA9>EMA21,bear,-80,call writing|put unwinding,1.033,12853009,13279467,14144942,bull,36,Short Covering,bear,WAIT,0,up,,MILD BEARISH,down,mild,4,7,12.94,23721.2,-0.04,23800
2026-09-27,19:23:12,2026-09-27T22:18:00,23730.7,23731.36,23702.06,23702.62,23702.6,bear,-60,EMA9<EMA21,bear,-80,call writing|put unwinding,1.031,12875074,13270753,14107646,bear,-38,Long Unwinding,bear,WAIT,50,down,,MILD BEARISH,down,mild,3,7,13.03,23693.1,-0.04,23750
2026-09-27,19:23:14,2026-09-27T22:21:00,23702.62,23703.05,23686.13,23687.86,23687.9,bear,-60,EMA9<EMA21,bear,-80,call writing|put unwinding,1.029,12893831,13262661,14070841,bear,-38,Long Unwinding,bear,BUY PUT,74,down,,MILD BULLISH,up,mild,4,7,13.15,23678.4,-0.04,23750
2026-09-27,19:23:15,2026-09-27T22:24:00,23687.86,23688.27,23673.73,23674.86,23674.9,bear,-60,EMA9<EMA21,bear,-80,call writing|put unwinding,1.027,12913211,13255757,14047483,bear,-37,Long Unwinding,bear,BUY PUT,87,down,,MILD BEARISH,down,mild,3,7,13.24,23665.4,-0.04,23700
2026-09-27,19:23:16,2026-09-27T22:27:00,23674.86,23676.58,23652.62,23654.24,23654.2,bear,-60,EMA9<EMA21,bear,-80,call writing|put unwinding,1.023,12942133,13240428,14012660,bear,-38,Long Unwinding,bear,BUY PUT,93,down,,MILD BULLISH,up,mild,3,7,13.3,23644.8,-0.04,23700
2026-09-27,19:23:17,2026-09-27T22:30:00,23654.24,23655.87,23630.2,23631.15,23631.2,bear,-60,EMA9<EMA21,bear,-80,call writing|put unwinding,1.02,12966267,13222908,13991649,bear,-36,Long Unwinding,bear,BUY PUT,96,down,,NEUTRAL / RANGE,neutral,mixed,0,7,13.43,23621.7,-0.04,23700
2026-09-27,19:23:19,2026-09-27T22:33:00,23631.15,23633.39,23619.62,23619.69,23619.7,bear,-60,EMA9<EMA21,bear,-80,call writing|put unwinding,1.018,12981367,13213865,13968271,bear,-37,Long Unwinding,bear,BUY PUT,97,down,,MILD BEARISH,down,mild,3,7,13.51,23610.2,-0.04,23650
2026-09-27,19:23:20,2026-09-27T22:36:00,23619.69,23620.51,23604.54,23605.16,23605.2,bear,-60,EMA9<EMA21,bear,-80,call writing|put unwinding,1.014,13014981,13194034,13951718,bear,-35,Long Unwinding,bear,BUY PUT,98,down,,MILD BEARISH,down,mild,3,7,13.51,23595.7,-0.04,23650
2026-09-27,19:23:21,2026-09-27T22:39:00,23605.16,23606.7,23587.95,23589.65,23589.7,bear,-60,EMA9<EMA21,bear,-80,call writing|put unwinding,1.011,13035183,13180121,13922139,bear,-37,Long Unwinding,bear,BUY PUT,99,down,,NEUTRAL / RANGE,neutral,mixed,0,7,13.5,23580.2,-0.04,23650
2026-09-27,19:23:22,2026-09-27T22:42:00,23589.65,23590.23,23572.4,23572.72,23572.7,bear,-60,EMA9<EMA21,bear,-80,call writing|put unwinding,1.008,13056352,13160495,13888324,bear,-38,Long Unwinding,bear,BUY PUT,99,down,,MILD BEARISH,down,mild,3,7,13.52,23563.3,-0.04,23600
2026-09-27,19:23:23,2026-09-27T22:45:00,23572.72,23573.76,23549.72,23550.3,23550.3,bear,-60,EMA9<EMA21,bear,-80,call writing|put unwinding,1.006,13073518,13154099,13863145,bear,-37,Long Unwinding,bear,BUY PUT,99,down,,NEUTRAL / RANGE,neutral,mixed,0,7,13.6,23540.9,-0.04,23600
2026-09-27,19:23:25,2026-09-27T22:48:00,23550.3,23555.3,23550.01,23555.1,23555.1,bear,-60,EMA9<EMA21,bull,80,put writing|call unwinding,1.009,13058762,13178582,13897986,bear,-95,Short Buildup,bear,TRAP,49,down,BEAR TRAP,MILD BULLISH,up,mild,3,7,13.57,23569.2,0.06,23500
2026-09-27,19:23:26,2026-09-27T22:51:00,23555.1,23555.56,23541.55,23541.71,23541.7,bear,-60,EMA9<EMA21,bull,80,put writing|call unwinding,1.012,13042846,13197349,13928402,bear,-94,Short Buildup,bear,TRAP,25,down,BEAR TRAP,MILD BULLISH,up,mild,3,7,13.55,23555.8,0.06,23500
2026-09-27,19:23:27,2026-09-27T22:54:00,23541.71,23541.87,23510.39,23510.79,23510.8,bear,-60,EMA9<EMA21,bull,80,put writing|call unwinding,1.015,13026182,13222173,13977052,bear,-98,Short Buildup,bear,TRAP,12,down,BEAR TRAP,MILD BULLISH,up,mild,3,7,13.58,23524.9,0.06,23450
2026-09-27,19:23:28,2026-09-27T22:57:00,23510.79,23513.35,23501.78,23501.79,23501.8,bear,-60,EMA9<EMA21,bull,80,put writing|call unwinding,1.018,13011986,13247929,13999916,bear,-91,Short Buildup,bear,TRAP,6,down,BEAR TRAP,NEUTRAL / RANGE,neutral,mixed,0,7,13.59,23515.9,0.06,23450
2026-09-27,19:23:30,2026-09-27T23:00:00,23501.79,23503.54,23501.4,23502.0,23502.0,bear,-60,EMA9<EMA21,bull,80,put writing|call unwinding,1.022,13002722,13282380,14024065,bear,-92,Short Buildup,bear,TRAP,3,down,BEAR TRAP,NEUTRAL / RANGE,neutral,mixed,0,7,13.68,23516.1,0.06,23450
2026-09-27,19:23:31,2026-09-27T23:03:00,23502.0,23502.99,23494.57,23496.13,23496.1,bear,-60,EMA9<EMA21,bull,80,put writing|call unwinding,1.024,12991176,13304561,14065581,bear,-97,Short Buildup,bear,TRAP,2,down,BEAR TRAP,MILD BULLISH,up,mild,3,7,13.69,23510.2,0.06,23450
2026-09-27,19:23:32,2026-09-27T23:06:00,23496.13,23499.14,23495.28,23499.03,23499.0,bear,-60,EMA9<EMA21,neutral,0,call unwinding|put unwinding,1.024,12989210,13303927,14069117,bear,-74,Short Buildup,bear,WAIT,36,down,,MILD BULLISH,up,mild,4,7,13.82,23499.0,0.0,23500
2026-09-27,19:23:33,2026-09-27T23:09:00,23499.03,23500.09,23493.94,23496.32,23496.3,bear,-60,EMA9<EMA21,bull,80,put writing|call unwinding,1.025,12985927,13306509,14062613,bear,-32,Long Unwinding,bear,TRAP,18,down,BEAR TRAP,MILD BEARISH,down,mild,3,7,13.96,23496.3,0.0,23500
2026-09-27,19:23:35,2026-09-27T23:12:00,23496.32,23516.68,23495.63,23513.42,23513.4,bear,-60,EMA9<EMA21,neutral,0,put writing|call writing,1.025,12987164,13311647,14068503,bear,-79,Short Buildup,bull,WAIT,9,down,,NEUTRAL / RANGE,neutral,mixed,0,7,13.88,23513.4,0.0,23500
2026-09-27,19:23:36,2026-09-27T23:15:00,23513.42,23513.76,23496.75,23496.95,23497.0,bear,-60,EMA9<EMA21,bear,-80,call writing|put unwinding,1.024,12992079,13309811,14076263,bear,-81,Short Buildup,neutral,WAIT,40,down,,MILD BULLISH,up,mild,2,7,13.85,23496.9,0.0,23500
2026-09-27,19:23:37,2026-09-27T23:18:00,23496.95,23496.96,23494.42,23495.15,23495.2,bear,-60,EMA9<EMA21,neutral,0,put writing|call writing,1.025,12993563,13312486,14070453,bear,-32,Long Unwinding,neutral,WAIT,20,down,,MILD BULLISH,up,mild,4,7,13.79,23495.2,0.0,23500
2026-09-27,19:23:38,2026-09-27T23:21:00,23495.15,23506.09,23493.3,23504.92,23504.9,bear,-60,EMA9<EMA21,bull,80,put writing|call unwinding,1.025,12988395,13317751,14069042,bear,-26,Long Unwinding,bear,TRAP,10,down,BEAR TRAP,MILD BULLISH,up,mild,4,7,13.81,23504.9,0.0,23500
2026-09-27,19:23:39,2026-09-27T23:24:00,23504.92,23511.4,23504.55,23510.87,23510.9,bear,-60,EMA9<EMA21,bull,80,put writing|call unwinding,1.026,12985408,13323647,14075047,bear,-79,Short Buildup,bull,TRAP,5,down,BEAR TRAP,MILD BULLISH,up,mild,3,7,13.83,23510.9,0.0,23500
2026-09-27,19:23:41,2026-09-27T23:27:00,23510.87,23516.8,23510.68,23515.81,23515.8,bear,-60,EMA9<EMA21,neutral,0,put writing|call writing,1.026,12988104,13329139,14069279,bear,-31,Long Unwinding,bull,WAIT,3,down,,MILD BULLISH,up,mild,2,7,13.85,23515.8,0.0,23500
2026-09-27,19:23:42,2026-09-27T23:30:00,23515.81,23526.54,23515.35,23525.24,23525.2,bear,-60,EMA9<EMA21,neutral,0,put writing|call writing,1.026,12992822,13329866,14073873,bear,-77,Short Buildup,bull,WAIT,1,down,,MILD BULLISH,up,mild,4,7,13.7,23525.2,0.0,23550
2026-09-27,19:23:43,2026-09-27T23:33:00,23525.24,23532.42,23522.78,23531.97,23532.0,bear,-60,EMA9<EMA21,neutral,0,call unwinding|put unwinding,1.026,12990144,13325971,14079592,bear,-79,Short Buildup,bull,WAIT,1,down,,MILD BULLISH,up,mild,4,7,13.84,23532.0,0.0,23550
2026-09-27,19:23:44,2026-09-27T23:36:00,23531.97,23543.72,23531.46,23542.96,23543.0,bear,-60,EMA9<EMA21,neutral,0,call unwinding|put unwinding,1.026,12989504,13322457,14077734,bear,-27,Long Unwinding,bull,WAIT,0,down,,MILD BULLISH,up,mild,2,7,13.78,23543.0,0.0,23550
2026-09-27,19:23:46,2026-09-27T23:39:00,23542.96,23577.57,23541.24,23576.58,23576.6,bear,-40,EMA9<EMA21,neutral,0,put writing|call writing,1.026,12991017,13327497,14081747,bear,-75,Short Buildup,bull,WAIT,0,down,,MILD BULLISH,up,mild,3,7,13.71,23576.6,0.0,23600
2026-09-27,19:23:47,2026-09-27T23:42:00,23576.58,23583.16,23576.21,23582.84,23582.8,bear,-40,EMA9<EMA21,bull,80,put writing|call unwinding,1.026,12988435,13330365,14081302,bear,-22,Long Unwinding,bull,TRAP,0,down,BEAR TRAP,MILD BULLISH,up,mild,2,7,13.83,23582.8,0.0,23600
2026-09-27,19:23:48,2026-09-27T23:45:00,23582.84,23583.02,23564.96,23566.12,23566.1,bear,-40,EMA9<EMA21,bull,80,put writing|call unwinding,1.027,12985357,13331600,14074811,bear,-32,Long Unwinding,bull,TRAP,0,down,BEAR TRAP,MILD BULLISH,up,mild,2,7,13.88,23566.1,0.0,23550
2026-09-27,19:23:49,2026-09-27T23:48:00,23566.12,23577.03,23564.91,23576.86,23576.9,bear,-40,EMA9<EMA21,bull,80,put writing|call unwinding,1.03,12980087,13370703,14109556,bear,-95,Short Buildup,neutral,TRAP,0,down,BEAR TRAP,BULLISH,up,clear,5,7,13.9,23591.0,0.06,23550
2026-09-27,19:23:50,2026-09-27T23:51:00,23576.86,23594.3,23576.73,23591.8,23591.8,bull,60,EMA9>EMA21,bull,80,put writing|call unwinding,1.033,12962187,13395923,14168379,bull,100,Long Buildup,bull,WAIT,50,up,,BULLISH,up,clear,5,7,13.82,23606.0,0.06,23550
2026-09-27,19:23:52,2026-09-27T23:54:00,23591.8,23617.83,23591.35,23617.74,23617.7,bull,60,EMA9>EMA21,bull,80,put writing|call unwinding,1.036,12955339,13423812,14222362,bull,99,Long Buildup,bull,BUY CALL,74,up,,MILD BULLISH,up,mild,4,7,13.71,23631.9,0.06,23550
2026-09-27,19:23:53,2026-09-27T23:57:00,23617.74,23632.75,23617.17,23631.69,23631.7,bull,60,EMA9>EMA21,bull,80,put writing|call unwinding,1.041,12935411,13463090,14246915,bull,92,Long Buildup,bull,BUY CALL,87,up,,BULLISH,up,clear,5,7,13.74,23645.9,0.06,23600
2026-09-27,19:23:54,2026-09-28T00:00:00,23631.69,23653.41,23631.66,23650.28,23650.3,bull,60,EMA9>EMA21,bull,80,put writing|call unwinding,1.045,12917890,13495410,14305949,bull,100,Long Buildup,bull,BUY CALL,93,up,,BULLISH,up,clear,5,7,13.75,23664.5,0.06,23600
2026-09-27,19:23:55,2026-09-28T00:03:00,23650.28,23681.92,23649.5,23681.54,23681.5,bull,60,EMA9>EMA21,bull,80,put writing|call unwinding,1.048,12908780,13526679,14329162,bull,91,Long Buildup,bull,BUY CALL,96,up,,MILD BULLISH,up,mild,4,7,13.68,23695.7,0.06,23650
2026-09-27,19:23:57,2026-09-28T00:06:00,23681.54,23708.55,23681.52,23708.36,23708.4,bull,60,EMA9>EMA21,bull,80,put writing|call unwinding,1.052,12895852,13560087,14364058,bull,95,Long Buildup,bull,BUY CALL,97,up,,BULLISH,up,clear,5,7,13.6,23722.6,0.06,23650
2026-09-27,19:23:58,2026-09-28T00:09:00,23708.36,23730.22,23706.41,23729.96,23730.0,bull,60,EMA9>EMA21,bull,80,put writing|call unwinding,1.055,12886948,13595631,14409643,bull,98,Long Buildup,bull,BUY CALL,98,up,,BULLISH,up,clear,5,7,13.5,23744.2,0.06,23700
2026-09-27,19:23:59,2026-09-28T00:12:00,23729.96,23762.44,23728.97,23762.44,23762.4,bull,60,EMA9>EMA21,bull,80,put writing|call unwinding,1.058,12876460,13617489,14430850,bull,91,Long Buildup,bull,BUY CALL,99,up,,MILD BULLISH,up,mild,4,7,13.49,23776.7,0.06,23700
2026-09-27,19:24:00,2026-09-28T00:15:00,23762.44,23770.89,23761.89,23770.86,23770.9,bull,60,EMA9>EMA21,bull,80,put writing|call unwinding,1.061,12862718,13651798,14457792,bull,93,Long Buildup,bull,BUY CALL,99,up,,BULLISH,up,clear,5,7,13.46,23785.1,0.06,23700
2026-09-27,19:24:02,2026-09-28T00:18:00,23770.86,23788.84,23769.44,23788.58,23788.6,bull,60,EMA9>EMA21,bull,80,put writing|call unwinding,1.063,12853297,13668860,14499487,bull,97,Long Buildup,bull,BUY CALL,99,up,,BULLISH,up,clear,5,7,13.45,23802.9,0.06,23750
2026-09-27,19:24:03,2026-09-28T00:21:00,23788.58,23817.3,23786.86,23816.19,23816.2,bull,60,EMA9>EMA21,bull,80,put writing|call unwinding,1.066,12847303,13697692,14548341,bull,98,Long Buildup,bull,BUY CALL,99,up,,BULLISH,up,clear,5,7,13.39,23830.5,0.06,23750
2026-09-27,19:24:04,2026-09-28T00:24:00,23816.19,23845.1,23815.28,23843.45,23843.5,bull,60,EMA9>EMA21,bull,80,put writing|call unwinding,1.07,12831285,13732359,14601454,bull,99,Long Buildup,bull,BUY CALL,99,up,,BULLISH,up,clear,5,7,13.41,23857.8,0.06,23800
2026-09-27,19:24:05,2026-09-28T00:27:00,23843.45,23853.6,23842.73,23853.04,23853.0,bull,60,EMA9>EMA21,bull,80,put writing|call unwinding,1.073,12814408,13752100,14657794,bull,99,Long Buildup,bull,BUY CALL,99,up,,BULLISH,up,clear,5,7,13.27,23867.3,0.06,23800
2026-09-27,19:24:06,2026-09-28T00:30:00,23853.04,23880.43,23852.13,23878.94,23878.9,bull,60,EMA9>EMA21,bull,80,put writing|call unwinding,1.076,12800093,13775291,14709763,bull,99,Long Buildup,bull,BUY CALL,99,up,,BULLISH,up,clear,5,7,13.16,23893.3,0.06,23850
2026-09-27,19:24:08,2026-09-28T00:33:00,23878.94,23894.86,23877.62,23892.63,23892.6,bull,60,EMA9>EMA21,bull,80,put writing|call unwinding,1.079,12790820,13806810,14741267,bull,94,Long Buildup,bull,BUY CALL,99,up,,BULLISH,up,clear,5,7,13.11,23907.0,0.06,23850
2026-09-27,19:24:09,2026-09-28T00:36:00,23892.63,23903.15,23892.48,23901.21,23901.2,bull,60,EMA9>EMA21,bull,80,put writing|call unwinding,1.082,12785602,13835040,14800722,bull,100,Long Buildup,bull,BUY CALL,99,up,,BULLISH,up,clear,5,7,13.14,23915.6,0.06,23850
2026-09-27,19:24:10,2026-09-28T00:39:00,23901.21,23910.83,23900.38,23908.86,23908.9,bull,60,EMA9>EMA21,bull,80,put writing|call unwinding,1.086,12772004,13864511,14849603,bull,98,Long Buildup,bull,BUY CALL,99,up,,BULLISH,up,clear,5,7,13.15,23923.2,0.06,23850
2026-09-27,19:24:11,2026-09-28T00:42:00,23908.86,23911.3,23907.85,23909.55,23909.5,bull,60,EMA9>EMA21,bull,80,put writing|call unwinding,1.089,12764662,13899966,14814784,bull,38,Short Covering,bull,BUY CALL,99,up,,MILD BULLISH,up,mild,4,7,13.11,23900.0,-0.04,23850
2026-09-27,19:24:13,2026-09-28T00:45:00,23909.55,23931.45,23909.22,23929.93,23929.9,bull,60,EMA9>EMA21,bull,80,put writing|call unwinding,1.091,12757136,13923950,14779127,bull,38,Short Covering,bull,BUY CALL,99,up,,MILD BULLISH,up,mild,4,7,13.07,23920.4,-0.04,23900
2026-09-27,19:24:14,2026-09-28T00:48:00,23929.93,23936.27,23929.91,23934.24,23934.2,bull,60,EMA9>EMA21,bull,80,put writing|call unwinding,1.094,12748209,13948873,14767276,bull,34,Short Covering,bull,BUY CALL,99,up,,MILD BULLISH,up,mild,3,7,13.18,23924.7,-0.04,23900
2026-09-27,19:24:15,2026-09-28T00:51:00,23934.24,23942.52,23933.23,23942.52,23942.5,bull,60,EMA9>EMA21,bull,80,put writing|call unwinding,1.098,12732635,13984768,14742677,bull,37,Short Covering,bull,BUY CALL,99,up,,MILD BULLISH,up,mild,4,7,13.07,23932.9,-0.04,23900
2026-09-27,19:24:16,2026-09-28T00:54:00,23942.52,23943.51,23941.42,23941.86,23941.9,bull,60,EMA9>EMA21,bull,80,put writing|call unwinding,1.1,12725420,14000261,14717739,bull,37,Short Covering,bull,BUY CALL,99,up,,MILD BULLISH,up,mild,4,7,13.1,23932.3,-0.04,23900
2026-09-27,19:24:17,2026-09-28T00:57:00,23941.86,23967.35,23941.21,23966.59,23966.6,bull,60,EMA9>EMA21,bull,80,put writing|call unwinding,1.102,12719895,14017197,14698590,bull,36,Short Covering,bull,BUY CALL,99,up,,MILD BULLISH,up,mild,4,7,13.05,23957.0,-0.04,23900
2026-09-27,19:24:19,2026-09-28T01:00:00,23966.59,23976.91,23964.66,23975.32,23975.3,bull,60,EMA9>EMA21,bull,80,put writing|call unwinding,1.104,12710704,14038105,14662832,bull,38,Short Covering,bull,BUY CALL,99,up,,MILD BULLISH,up,mild,4,7,13.11,23965.7,-0.04,23950
2026-09-27,19:24:20,2026-09-28T01:03:00,23975.32,23981.76,23974.54,23978.39,23978.4,bull,60,EMA9>EMA21,bull,80,put writing|call unwinding,1.107,12704435,14068423,14640466,bull,36,Short Covering,bull,BUY CALL,99,up,,MILD BULLISH,up,mild,4,7,13.05,23968.8,-0.04,23950
2026-09-27,19:24:21,2026-09-28T01:06:00,23978.39,23981.2,23977.95,23979.19,23979.2,bull,60,EMA9>EMA21,bear,-80,call writing|put unwinding,1.106,12719732,14062913,14606372,bull,38,Short Covering,bull,TRAP,49,up,BULL TRAP,MILD BULLISH,up,mild,3,7,12.99,23969.6,-0.04,24050
2026-09-27,19:24:22,2026-09-28T01:09:00,23979.19,23979.58,23977.23,23978.55,23978.5,bull,60,EMA9>EMA21,bear,-80,call writing|put unwinding,1.103,12746163,14054912,14584108,bull,36,Short Covering,bull,TRAP,25,up,BULL TRAP,BULLISH,up,clear,5,7,13.08,23969.0,-0.04,24050
2026-09-27,19:24:24,2026-09-28T01:12:00,23978.55,23990.84,23977.92,23990.05,23990.0,bull,60,EMA9>EMA21,bear,-80,call writing|put unwinding,1.099,12771523,14041806,14552473,bull,38,Short Covering,bull,TRAP,12,up,BULL TRAP,MILD BULLISH,up,mild,3,7,13.14,23980.5,-0.04,24050
2026-09-27,19:24:25,2026-09-28T01:15:00,23990.05,24004.19,23988.06,24003.39,24003.4,bull,60,EMA9>EMA21,bear,-80,call writing|put unwinding,1.096,12790606,14022313,14529180,bull,37,Short Covering,bull,TRAP,6,up,BULL TRAP,NEUTRAL / RANGE,neutral,mixed,0,7,13.11,23993.8,-0.04,24050
2026-09-27,19:24:26,2026-09-28T01:18:00,24003.39,24019.05,24002.06,24018.79,24018.8,bull,60,EMA9>EMA21,bear,-80,call writing|put unwinding,1.092,12830487,14012922,14518277,bull,34,Short Covering,bull,TRAP,3,up,BULL TRAP,NEUTRAL / RANGE,neutral,mixed,0,7,13.05,24009.2,-0.04,24050
2026-09-27,19:24:27,2026-09-28T01:21:00,24018.79,24032.56,24017.88,24032.45,24032.5,bull,60,EMA9>EMA21,bear,-80,call writing|put unwinding,1.089,12852714,13994898,14506658,bull,34,Short Covering,bull,TRAP,2,up,BULL TRAP,MILD BULLISH,up,mild,3,7,13.05,24022.8,-0.04,24100
2026-09-27,19:24:29,2026-09-28T01:24:00,24032.45,24033.03,24009.08,24009.4,24009.4,bull,60,EMA9>EMA21,bear,-80,call writing|put unwinding,1.086,12874686,13983795,14489483,bull,35,Short Covering,neutral,TRAP,1,up,BULL TRAP,MILD BEARISH,down,mild,3,7,13.14,23999.8,-0.04,24050
2026-09-27,19:24:30,2026-09-28T01:27:00,24009.4,24011.0,24001.26,24003.52,24003.5,bull,60,EMA9>EMA21,bear,-80,call writing|put unwinding,1.082,12908007,13968045,14457649,bull,38,Short Covering,bear,TRAP,0,up,BULL TRAP,MILD BEARISH,down,mild,3,7,13.22,23993.9,-0.04,24050
2026-09-27,19:24:31,2026-09-28T01:30:00,24003.52,24003.59,23987.83,23989.77,23989.8,bull,60,EMA9>EMA21,bear,-80,call writing|put unwinding,1.079,12933523,13959180,14428649,bull,37,Short Covering,bear,TRAP,0,up,BULL TRAP,NEUTRAL / RANGE,neutral,mixed,0,7,13.28,23980.2,-0.04,24050
2026-09-27,19:24:32,2026-09-28T01:33:00,23989.77,23990.26,23964.93,23965.67,23965.7,bull,60,EMA9>EMA21,bear,-80,call writing|put unwinding,1.076,12968388,13948012,14391389,bull,38,Short Covering,bear,TRAP,0,up,BULL TRAP,MILD BEARISH,down,mild,3,7,13.36,23956.1,-0.04,24000
2026-09-27,19:24:33,2026-09-28T01:36:00,23965.67,23965.86,23929.91,23930.38,23930.4,bull,40,EMA9>EMA21,bear,-80,call writing|put unwinding,1.073,12992722,13942044,14368380,bull,37,Short Covering,bear,TRAP,0,up,BULL TRAP,NEUTRAL / RANGE,neutral,mixed,0,7,13.23,23920.8,-0.04,24000
2026-09-27,19:24:35,2026-09-28T01:39:00,23930.38,23932.69,23911.92,23912.01,23912.0,bull,40,EMA9>EMA21,bear,-80,call writing|put unwinding,1.07,13017889,13929206,14344827,bull,37,Short Covering,bear,TRAP,0,up,BULL TRAP,MILD BEARISH,down,mild,3,7,13.34,23902.4,-0.04,23950
2026-09-27,19:24:36,2026-09-28T01:42:00,23912.01,23912.39,23888.1,23890.01,23890.0,bull,20,EMA9>EMA21,bear,-80,call writing|put unwinding,1.068,13036340,13921268,14325966,bull,36,Short Covering,bear,WAIT,0,up,,NEUTRAL / RANGE,neutral,mixed,0,7,13.35,23880.5,-0.04,23950
2026-09-27,19:24:37,2026-09-28T01:45:00,23890.01,23891.86,23859.98,23860.06,23860.1,bull,20,EMA9>EMA21,bear,-80,call writing|put unwinding,1.065,13069405,13915634,14315393,bull,34,Short Covering,bear,WAIT,0,up,,NEUTRAL / RANGE,neutral,mixed,0,7,13.3,23850.5,-0.04,23900
2026-09-27,19:24:38,2026-09-28T01:48:00,23860.06,23861.36,23854.25,23855.35,23855.3,bear,-60,EMA9<EMA21,bear,-80,call writing|put unwinding,1.061,13096055,13901226,14289751,bear,-37,Long Unwinding,bear,WAIT,50,down,,MILD BEARISH,down,mild,3,7,13.32,23845.8,-0.04,23900
2026-09-27,19:24:40,2026-09-28T01:51:00,23855.35,23856.02,23831.54,23833.04,23833.0,bear,-60,EMA9<EMA21,bear,-80,call writing|put unwinding,1.058,13122580,13887733,14259539,bear,-38,Long Unwinding,bear,BUY PUT,74,down,,NEUTRAL / RANGE,neutral,mixed,0,7,13.27,23823.5,-0.04,23900
2026-09-27,19:24:41,2026-09-28T01:54:00,23833.04,23834.68,23814.62,23816.4,23816.4,bear,-60,EMA9<EMA21,bear,-80,call writing|put unwinding,1.055,13148203,13877791,14242499,bear,-35,Long Unwinding,bear,BUY PUT,87,down,,MILD BEARISH,down,mild,3,7,13.31,23806.9,-0.04,23850
2026-09-27,19:24:42,2026-09-28T01:57:00,23816.4,23817.08,23796.92,23798.11,23798.1,bear,-60,EMA9<EMA21,bear,-80,call writing|put unwinding,1.052,13175004,13859941,14204715,bear,-38,Long Unwinding,bear,BUY PUT,93,down,,NEUTRAL / RANGE,neutral,mixed,0,7,13.27,23788.6,-0.04,23850
2026-09-27,19:24:43,2026-09-28T02:00:00,23798.11,23799.67,23784.78,23785.57,23785.6,bear,-60,EMA9<EMA21,bear,-80,call writing|put unwinding,1.049,13203992,13852839,14172701,bear,-38,Long Unwinding,bear,BUY PUT,96,down,,NEUTRAL / RANGE,neutral,mixed,0,7,13.35,23776.1,-0.04,23850
2026-09-27,19:24:44,2026-09-28T02:03:00,23785.57,23785.94,23766.17,23767.75,23767.8,bear,-60,EMA9<EMA21,bear,-80,call writing|put unwinding,1.045,13243914,13835959,14135482,bear,-38,Long Unwinding,bear,BUY PUT,97,down,,MILD BEARISH,down,mild,3,7,13.43,23758.2,-0.04,23800
2026-09-27,19:24:46,2026-09-28T02:06:00,23767.75,23768.65,23746.59,23748.26,23748.3,bear,-60,EMA9<EMA21,bear,-80,call writing|put unwinding,1.042,13277615,13830581,14102639,bear,-38,Long Unwinding,bear,BUY PUT,98,down,,NEUTRAL / RANGE,neutral,mixed,0,7,13.51,23738.8,-0.04,23800
2026-09-27,19:24:47,2026-09-28T02:09:00,23748.26,23749.02,23724.62,23724.7,23724.7,bear,-60,EMA9<EMA21,bear,-80,call writing|put unwinding,1.039,13293338,13818308,14082336,bear,-36,Long Unwinding,bear,BUY PUT,99,down,,MILD BEARISH,down,mild,3,7,13.58,23715.2,-0.04,23750
2026-09-27,19:24:48,2026-09-28T02:12:00,23724.7,23725.15,23700.76,23702.36,23702.4,bear,-60,EMA9<EMA21,bear,-80,call writing|put unwinding,1.036,13323554,13809657,14048033,bear,-38,Long Unwinding,bear,BUY PUT,99,down,,NEUTRAL / RANGE,neutral,mixed,0,7,13.54,23692.9,-0.04,23750
2026-09-27,19:24:49,2026-09-28T02:15:00,23702.36,23703.25,23684.86,23685.88,23685.9,bear,-60,EMA9<EMA21,bear,-80,call writing|put unwinding,1.033,13356872,13796374,14009056,bear,-38,Long Unwinding,bear,BUY PUT,99,down,,NEUTRAL / RANGE,neutral,mixed,0,7,13.58,23676.4,-0.04,23750
2026-09-27,19:24:51,2026-09-28T02:18:00,23685.88,23687.03,23669.75,23670.52,23670.5,bear,-60,EMA9<EMA21,bull,80,put writing|call unwinding,1.036,13342498,13816701,14057676,bear,-98,Short Buildup,bear,TRAP,49,down,BEAR TRAP,MILD BULLISH,up,mild,4,7,13.53,23684.7,0.06,23600
2026-09-27,19:24:52,2026-09-28T02:21:00,23670.52,23671.56,23664.0,23665.21,23665.2,bear,-60,EMA9<EMA21,bull,80,put writing|call unwinding,1.039,13336097,13855324,14091614,bear,-95,Short Buildup,bear,TRAP,25,down,BEAR TRAP,BULLISH,up,clear,5,7,13.56,23679.4,0.06,23600
2026-09-27,19:24:53,2026-09-28T02:24:00,23665.21,23666.35,23660.52,23661.69,23661.7,bear,-60,EMA9<EMA21,bull,80,put writing|call unwinding,1.041,13329048,13870781,14113327,bear,-91,Short Buildup,bear,TRAP,12,down,BEAR TRAP,MILD BULLISH,up,mild,3,7,13.48,23675.9,0.06,23600
2026-09-27,19:24:54,2026-09-28T02:27:00,23661.69,23661.8,23651.34,23653.21,23653.2,bear,-60,EMA9<EMA21,bull,80,put writing|call unwinding,1.044,13313339,13900835,14137904,bear,-92,Short Buildup,bear,TRAP,6,down,BEAR TRAP,MILD BULLISH,up,mild,3,7,13.42,23667.4,0.06,23600
2026-09-27,19:24:55,2026-09-28T02:30:00,23653.21,23653.24,23648.03,23649.13,23649.1,bear,-60,EMA9<EMA21,bull,80,put writing|call unwinding,1.047,13304929,13933171,14190439,bear,-99,Short Buildup,bear,TRAP,3,down,BEAR TRAP,MILD BULLISH,up,mild,4,7,13.44,23663.3,0.06,23600
2026-09-27,19:24:57,2026-09-28T02:33:00,23649.13,23650.4,23629.7,23630.19,23630.2,bear,-60,EMA9<EMA21,bull,80,put writing|call unwinding,1.05,13289212,13953919,14216499,bear,-92,Short Buildup,bear,TRAP,2,down,BEAR TRAP,MILD BULLISH,up,mild,3,7,13.45,23644.4,0.06,23600
2026-09-27,19:24:58,2026-09-28T02:36:00,23630.19,23635.87,23629.5,23635.59,23635.6,bear,-60,EMA9<EMA21,bull,80,put writing|call unwinding,1.05,13284151,13954887,14209974,bear,-32,Long Unwinding,bear,TRAP,1,down,BEAR TRAP,MILD BULLISH,up,mild,3,7,13.44,23635.6,0.0,23650
2026-09-27,19:24:59,2026-09-28T02:39:00,23635.59,23643.32,23633.44,23640.99,23641.0,bear,-60,EMA9<EMA21,neutral,0,call unwinding|put unwinding,1.05,13280937,13950644,14208009,bear,-28,Long Unwinding,bear,WAIT,36,down,,MILD BULLISH,up,mild,3,7,13.44,23641.0,0.0,23650
2026-09-27,19:25:00,2026-09-28T02:42:00,23640.99,23641.32,23622.75,23622.82,23622.8,bear,-60,EMA9<EMA21,bear,-80,call writing|put unwinding,1.05,13286704,13949528,14203239,bear,-31,Long Unwinding,bear,BUY PUT,67,down,,MILD BULLISH,up,mild,2,7,13.39,23622.8,0.0,23600
2026-09-27,19:25:02,2026-09-28T02:45:00,23622.82,23650.67,23621.35,23650.08,23650.1,bear,-60,EMA9<EMA21,bear,-80,call writing|put unwinding,1.049,13292106,13945768,14208108,bear,-77,Short Buildup,bull,BUY PUT,69,down,,NEUTRAL / RANGE,neutral,mixed,0,7,13.36,23650.1,0.0,23650
2026-09-27,19:25:03,2026-09-28T02:48:00,23650.08,23658.07,23647.85,23657.82,23657.8,bear,-60,EMA9<EMA21,neutral,0,put writing|call writing,1.049,13293550,13950530,14211927,bear,-75,Short Buildup,bull,WAIT,35,down,,MILD BULLISH,up,mild,4,7,13.24,23657.8,0.0,23650
2026-09-27,19:25:04,2026-09-28T02:51:00,23657.82,23661.32,23656.18,23660.41,23660.4,bear,-60,EMA9<EMA21,bear,-80,call writing|put unwinding,1.049,13297527,13948293,14216431,bear,-76,Short Buildup,bull,WAIT,53,down,,MILD BULLISH,up,mild,3,7,13.34,23660.4,0.0,23650
2026-09-27,19:25:05,2026-09-28T02:54:00,23660.41,23661.91,23658.34,23659.9,23659.9,bear,-60,EMA9<EMA21,bull,80,put writing|call unwinding,1.049,13297064,13953508,14223398,bear,-80,Short Buildup,bull,TRAP,26,down,BEAR TRAP,MILD BULLISH,up,mild,4,7,13.4,23659.9,0.0,23650
2026-09-27,19:25:06,2026-09-28T02:57:00,23659.9,23674.65,23658.59,23673.75,23673.8,bear,-60,EMA9<EMA21,bull,80,put writing|call unwinding,1.05,13294693,13954278,14226734,bear,-74,Short Buildup,bull,TRAP,13,down,BEAR TRAP,MILD BULLISH,up,mild,2,7,13.37,23673.7,0.0,23650
2026-09-27,19:25:08,2026-09-28T03:00:00,23673.75,23685.5,23673.65,23684.37,23684.4,bear,-60,EMA9<EMA21,bull,80,put writing|call unwinding,1.05,13293717,13957255,14228706,bear,-69,Short Buildup,bull,TRAP,7,down,BEAR TRAP,MILD BULLISH,up,mild,2,7,13.36,23684.4,0.0,23700
2026-09-27,19:25:09,2026-09-28T03:03:00,23684.37,23695.29,23683.31,23692.46,23692.5,bear,-60,EMA9<EMA21,neutral,0,put writing|call writing,1.05,13295932,13957381,14231410,bear,-72,Short Buildup,bull,WAIT,3,down,,MILD BULLISH,up,mild,3,7,13.31,23692.5,0.0,23700
2026-09-27,19:25:10,2026-09-28T03:06:00,23692.46,23692.48,23682.08,23683.9,23683.9,bear,-60,EMA9<EMA21,neutral,0,put writing|call writing,1.05,13299622,13958673,14223537,bear,-33,Long Unwinding,bull,WAIT,2,down,,MILD BULLISH,up,mild,2,7,13.23,23683.9,0.0,23700
2026-09-27,19:25:11,2026-09-28T03:09:00,23683.9,23684.95,23670.51,23670.53,23670.5,bear,-60,EMA9<EMA21,bear,-80,call writing|put unwinding,1.049,13301111,13957115,14227242,bear,-75,Short Buildup,bear,WAIT,50,down,,MILD BULLISH,up,mild,2,7,13.18,23670.5,0.0,23650
2026-09-27,19:25:13,2026-09-28T03:12:00,23670.53,23682.71,23669.73,23681.24,23681.2,bear,-60,EMA9<EMA21,neutral,0,call unwinding|put unwinding,1.049,13300579,13952720,14227155,bear,-16,Long Unwinding,bear,BUY PUT,61,down,,MILD BULLISH,up,mild,3,7,13.15,23681.2,0.0,23700
2026-09-27,19:25:14,2026-09-28T03:15:00,23681.24,23682.52,23655.87,23657.12,23657.1,bear,-60,EMA9<EMA21,neutral,0,put writing|call writing,1.049,13302089,13955725,14225757,bear,-26,Long Unwinding,bear,BUY PUT,66,down,,MILD BULLISH,up,mild,2,7,13.22,23657.1,0.0,23650
2026-09-27,19:25:15,2026-09-28T03:18:00,23657.12,23681.58,23654.77,23681.4,23681.4,bear,-60,EMA9<EMA21,bull,80,put writing|call unwinding,1.053,13282677,13984727,14249708,bear,-92,Short Buildup,bull,TRAP,33,down,BEAR TRAP,MILD BULLISH,up,mild,4,7,13.11,23695.6,0.06,23650
2026-09-27,19:25:16,2026-09-28T03:21:00,23681.4,23698.43,23680.49,23697.2,23697.2,bear,-40,EMA9<EMA21,bull,80,put writing|call unwinding,1.055,13276031,14004850,14273080,bear,-91,Short Buildup,bull,TRAP,16,down,BEAR TRAP,BULLISH,up,clear,5,7,13.1,23711.4,0.06,23650
2026-09-27,19:25:18,2026-09-28T03:24:00,23697.2,23715.21,23695.57,23714.65,23714.7,bear,-40,EMA9<EMA21,bull,80,put writing|call unwinding,1.058,13261328,14028901,14297048,bear,-92,Short Buildup,bull,TRAP,8,down,BEAR TRAP,BULLISH,up,clear,5,7,13.11,23728.9,0.06,23650
2026-09-27,19:25:19,2026-09-28T03:27:00,23714.65,23738.79,23714.14,23737.23,23737.2,bull,60,EMA9>EMA21,bull,80,put writing|call unwinding,1.06,13251315,14045920,14331570,bull,95,Long Buildup,bull,WAIT,54,up,,BULLISH,up,clear,5,7,13.12,23751.5,0.06,23700
2026-09-27,19:25:20,2026-09-28T03:30:00,23737.23,23761.06,23736.31,23759.38,23759.4,bull,60,EMA9>EMA21,bull,80,put writing|call unwinding,1.063,13238172,14074908,14371079,bull,96,Long Buildup,bull,BUY CALL,76,up,,BULLISH,up,clear,5,7,13.15,23773.6,0.06,23700
2026-09-27,19:25:21,2026-09-28T03:33:00,23759.38,23781.73,23759.15,23781.23,23781.2,bull,60,EMA9>EMA21,bull,80,put writing|call unwinding,1.065,13233165,14092443,14395325,bull,92,Long Buildup,bull,BUY CALL,88,up,,BULLISH,up,clear,5,7,13.18,23795.5,0.06,23750
2026-09-27,19:25:22,2026-09-28T03:36:00,23781.23,23804.03,23780.75,23803.98,23804.0,bull,60,EMA9>EMA21,bull,80,put writing|call unwinding,1.068,13227502,14128803,14429680,bull,95,Long Buildup,bull,BUY CALL,93,up,,BULLISH,up,clear,5,7,13.2,23818.3,0.06,23750
2026-09-27,19:25:24,2026-09-28T03:39:00,23803.98,23821.96,23803.12,23820.82,23820.8,bull,60,EMA9>EMA21,bull,80,put writing|call unwinding,1.072,13214606,14164303,14450025,bull,90,Long Buildup,bull,BUY CALL,96,up,,BULLISH,up,clear,5,7,13.1,23835.1,0.06,23750
2026-09-27,19:25:25,2026-09-28T03:42:00,23820.82,23830.66,23819.99,23830.63,23830.6,bull,60,EMA9>EMA21,bull,80,put writing|call unwinding,1.076,13198296,14200252,14501105,bull,99,Long Buildup,bull,BUY CALL,98,up,,BULLISH,up,clear,5,7,13.12,23844.9,0.06,23800
2026-09-27,19:25:26,2026-09-28T03:45:00,23830.63,23851.99,23828.97,23851.2,23851.2,bull,60,EMA9>EMA21,bull,80,put writing|call unwinding,1.079,13186306,14230761,14534970,bull,95,Long Buildup,bull,BUY CALL,98,up,,BULLISH,up,clear,5,7,13.16,23865.5,0.06,23800
2026-09-27,19:25:27,2026-09-28T03:48:00,23851.2,23869.67,23850.02,23867.57,23867.6,bull,60,EMA9>EMA21,bull,80,put writing|call unwinding,1.082,13177306,14262018,14588559,bull,99,Long Buildup,bull,BUY CALL,99,up,,MILD BULLISH,up,mild,4,7,13.08,23881.9,0.06,23800
2026-09-27,19:25:29,2026-09-28T03:51:00,23867.57,23887.04,23867.09,23885.89,23885.9,bull,60,EMA9>EMA21,bull,80,put writing|call unwinding,1.086,13161152,14287300,14648311,bull,100,Long Buildup,bull,BUY CALL,99,up,,BULLISH,up,clear,5,7,13.04,23900.2,0.06,23850
2026-09-27,19:25:30,2026-09-28T03:54:00,23885.89,23909.95,23884.96,23909.74,23909.7,bull,60,EMA9>EMA21,bull,80,put writing|call unwinding,1.089,13149006,14320024,14707605,bull,100,Long Buildup,bull,BUY CALL,99,up,,BULLISH,up,clear,5,7,12.97,23924.1,0.06,23850
2026-09-27,19:25:31,2026-09-28T03:57:00,23909.74,23922.78,23909.73,23922.1,23922.1,bull,60,EMA9>EMA21,bull,80,put writing|call unwinding,1.093,13132057,14358974,14761927,bull,99,Long Buildup,bull,BUY CALL,99,up,,BULLISH,up,clear,5,7,12.98,23936.5,0.06,23850
2026-09-27,19:25:32,2026-09-28T04:00:00,23922.1,23933.74,23920.61,23933.31,23933.3,bull,60,EMA9>EMA21,bull,80,put writing|call unwinding,1.097,13113054,14384045,14819280,bull,100,Long Buildup,bull,BUY CALL,99,up,,BULLISH,up,clear,5,7,12.88,23947.7,0.06,23900
2026-09-27,19:25:33,2026-09-28T04:03:00,23933.31,23958.13,23931.24,23956.23,23956.2,bull,60,EMA9>EMA21,bull,80,put writing|call unwinding,1.1,13093116,14405042,14877215,bull,100,Long Buildup,bull,BUY CALL,99,up,,STRONG BULLISH,up,strong,6,7,12.74,23970.6,0.06,23900
2026-09-27,19:25:35,2026-09-28T04:06:00,23956.23,23981.16,23952.69,23980.54,23980.5,bull,60,EMA9>EMA21,bull,80,put writing|call unwinding,1.103,13074129,14420258,14921238,bull,97,Long Buildup,bull,BUY CALL,99,up,,BULLISH,up,clear,5,7,12.8,23994.9,0.06,23950
2026-09-27,19:25:36,2026-09-28T04:09:00,23980.54,24002.75,23980.08,24001.77,24001.8,bull,60,EMA9>EMA21,bull,80,put writing|call unwinding,1.106,13064289,14451327,14945049,bull,92,Long Buildup,bull,BUY CALL,99,up,,BULLISH,up,clear,5,7,12.81,24016.2,0.06,23950
2026-09-27,19:25:37,2026-09-28T04:12:00,24001.77,24013.42,24000.74,24012.33,24012.3,bull,60,EMA9>EMA21,bull,80,put writing|call unwinding,1.109,13056813,14486172,14921301,bull,37,Short Covering,bull,BUY CALL,99,up,,NEUTRAL / RANGE,neutral,mixed,0,7,12.81,24002.7,-0.04,23950
2026-09-27,19:25:38,2026-09-28T04:15:00,24012.33,24038.68,24011.27,24036.98,24037.0,bull,60,EMA9>EMA21,bull,80,put writing|call unwinding,1.114,13038555,14522365,14881468,bull,39,Short Covering,bull,BUY CALL,99,up,,MILD BULLISH,up,mild,4,7,12.91,24027.4,-0.04,24000
2026-09-27,19:25:40,2026-09-28T04:18:00,24036.98,24038.63,24036.46,24037.92,24037.9,bull,60,EMA9>EMA21,bull,80,put writing|call unwinding,1.117,13026953,14550943,14858159,bull,37,Short Covering,bull,BUY CALL,99,up,,MILD BULLISH,up,mild,4,7,12.87,24028.3,-0.04,24000
2026-09-27,19:25:41,2026-09-28T04:21:00,24037.92,24049.44,24037.79,24047.68,24047.7,bull,60,EMA9>EMA21,bull,80,put writing|call unwinding,1.12,13013804,14579499,14845067,bull,34,Short Covering,bull,BUY CALL,99,up,,MILD BULLISH,up,mild,4,7,12.83,24038.1,-0.04,24000
2026-09-27,19:25:42,2026-09-28T04:24:00,24047.68,24059.64,24047.15,24059.36,24059.4,bull,60,EMA9>EMA21,bull,80,put writing|call unwinding,1.123,13002584,14595937,14819508,bull,37,Short Covering,bull,BUY CALL,99,up,,MILD BULLISH,up,mild,4,7,12.9,24049.7,-0.04,24000
2026-09-27,19:25:43,2026-09-28T04:27:00,24059.36,24071.05,24058.39,24071.01,24071.0,bull,60,EMA9>EMA21,bull,80,put writing|call unwinding,1.126,12997558,14634887,14807827,bull,34,Short Covering,bull,BUY CALL,99,up,,MILD BULLISH,up,mild,3,7,12.8,24061.4,-0.04,24000
2026-09-27,19:25:44,2026-09-28T04:30:00,24071.01,24080.02,24070.67,24076.49,24076.5,bull,60,EMA9>EMA21,bull,80,put writing|call unwinding,1.129,12978884,14650677,14780584,bull,37,Short Covering,bull,BUY CALL,99,up,,MILD BULLISH,up,mild,4,7,12.74,24066.9,-0.04,24050
2026-09-27,19:25:46,2026-09-28T04:33:00,24076.49,24077.9,24076.17,24077.35,24077.3,bull,60,EMA9>EMA21,bull,80,put writing|call unwinding,1.133,12960608,14688972,14768425,bull,34,Short Covering,bull,BUY CALL,99,up,,MILD BULLISH,up,mild,2,7,12.84,24067.7,-0.04,24050
2026-09-27,19:25:47,2026-09-28T04:36:00,24077.35,24101.71,24075.71,24101.48,24101.5,bull,60,EMA9>EMA21,bear,-80,call writing|put unwinding,1.129,13000157,14679709,14742708,bull,37,Short Covering,bull,TRAP,49,up,BULL TRAP,BULLISH,up,clear,5,7,12.91,24091.8,-0.04,24150
2026-09-27,19:25:48,2026-09-28T04:39:00,24101.48,24101.77,24097.27,24098.82,24098.8,bull,60,EMA9>EMA21,bear,-80,call writing|put unwinding,1.126,13021074,14660074,14722923,bull,36,Short Covering,bull,TRAP,25,up,BULL TRAP,BULLISH,up,clear,5,7,12.99,24089.2,-0.04,24150
2026-09-27,19:25:49,2026-09-28T04:42:00,24098.82,24107.92,24097.21,24107.26,24107.3,bull,60,EMA9>EMA21,bear,-80,call writing|put unwinding,1.121,13060124,14644387,14694206,bull,37,Short Covering,bull,TRAP,12,up,BULL TRAP,MILD BULLISH,up,mild,4,7,13.05,24097.6,-0.04,24150
2026-09-27,19:25:51,2026-09-28T04:45:00,24107.26,24118.69,24106.35,24117.04,24117.0,bull,60,EMA9>EMA21,bear,-80,call writing|put unwinding,1.118,13087659,14630350,14666226,bull,37,Short Covering,bull,TRAP,6,up,BULL TRAP,MILD BULLISH,up,mild,3,7,13.07,24107.4,-0.04,24150
2026-09-27,19:25:52,2026-09-28T04:48:00,24117.04,24126.71,24115.56,24125.64,24125.6,bull,60,EMA9>EMA21,bear,-80,call writing|put unwinding,1.114,13124008,14621755,14635459,bull,38,Short Covering,bull,TRAP,3,up,BULL TRAP,BULLISH,up,clear,5,7,13.08,24116.0,-0.04,24200
2026-09-27,19:25:53,2026-09-28T04:51:00,24125.64,24125.71,24110.85,24111.65,24111.7,bull,60,EMA9>EMA21,bear,-80,call writing|put unwinding,1.112,13140329,14605700,14600195,bull,38,Short Covering,bull,TRAP,2,up,BULL TRAP,MILD BULLISH,up,mild,4,7,13.06,24102.0,-0.04,24150
2026-09-27,19:25:54,2026-09-28T04:54:00,24111.65,24111.86,24080.86,24082.84,24082.8,bull,60,EMA9>EMA21,bear,-80,call writing|put unwinding,1.108,13171307,14595221,14581374,bull,36,Short Covering,bear,TRAP,1,up,BULL TRAP,MILD BULLISH,up,mild,4,7,13.12,24073.2,-0.04,24150
2026-09-27,19:25:56,2026-09-28T04:57:00,24082.84,24085.02,24071.3,24071.56,24071.6,bull,60,EMA9>EMA21,bear,-80,call writing|put unwinding,1.103,13209337,14575945,14570681,bull,34,Short Covering,bear,TRAP,0,up,BULL TRAP,MILD BEARISH,down,mild,3,7,13.19,24061.9,-0.04,24100
2026-09-27,19:25:57,2026-09-28T05:00:00,24071.56,24071.96,24054.02,24054.69,24054.7,bull,60,EMA9>EMA21,bear,-80,call writing|put unwinding,1.099,13248458,14561617,14550448,bull,36,Short Covering,bear,TRAP,0,up,BULL TRAP,MILD BEARISH,down,mild,3,7,13.26,24045.1,-0.04,24100
2026-09-27,19:25:58,2026-09-28T05:03:00,24054.69,24055.47,24027.98,24030.18,24030.2,bull,40,EMA9>EMA21,bear,-80,call writing|put unwinding,1.095,13284839,14542333,14536564,bull,35,Short Covering,bear,TRAP,0,up,BULL TRAP,NEUTRAL / RANGE,neutral,mixed,0,7,13.23,24020.6,-0.04,24100
2026-09-27,19:25:59,2026-09-28T05:06:00,24030.18,24032.89,24001.55,24001.74,24001.7,bull,40,EMA9>EMA21,bear,-80,call writing|put unwinding,1.092,13301510,14524896,14497687,bull,38,Short Covering,bear,TRAP,0,up,BULL TRAP,MILD BULLISH,up,mild,3,7,13.25,23992.1,-0.04,24050
2026-09-27,19:26:00,2026-09-28T05:09:00,24001.74,24002.64,23989.13,23991.73,23991.7,bull,40,EMA9>EMA21,bear,-80,call writing|put unwinding,1.09,13320462,14513188,14472354,bull,37,Short Covering,bear,TRAP,0,up,BULL TRAP,NEUTRAL / RANGE,neutral,mixed,0,7,13.3,23982.1,-0.04,24050
2026-09-27,19:26:02,2026-09-28T05:12:00,23991.73,23993.48,23967.94,23968.56,23968.6,bull,20,EMA9>EMA21,bear,-80,call writing|put unwinding,1.086,13349850,14494902,14442028,bull,38,Short Covering,bear,WAIT,0,up,,MILD BEARISH,down,mild,3,7,13.33,23959.0,-0.04,24000
2026-09-27,19:26:03,2026-09-28T05:15:00,23968.56,23968.96,23950.37,23950.59,23950.6,bear,-60,EMA9<EMA21,bear,-80,call writing|put unwinding,1.081,13386283,14474962,14420230,bear,-36,Long Unwinding,bear,WAIT,50,down,,MILD BULLISH,up,mild,4,7,13.43,23941.0,-0.04,24000
2026-09-27,19:26:04,2026-09-28T05:18:00,23950.59,23950.76,23925.77,23927.54,23927.5,bear,-60,EMA9<EMA21,bear,-80,call writing|put unwinding,1.079,13406982,14466837,14401775,bear,-36,Long Unwinding,bear,BUY PUT,74,down,,NEUTRAL / RANGE,neutral,mixed,0,7,13.47,23918.0,-0.04,24000
2026-09-27,19:26:05,2026-09-28T05:21:00,23927.54,23928.23,23910.14,23912.42,23912.4,bear,-60,EMA9<EMA21,bear,-80,call writing|put unwinding,1.076,13430769,14449931,14373600,bear,-37,Long Unwinding,bear,BUY PUT,87,down,,MILD BEARISH,down,mild,3,7,13.44,23902.9,-0.04,23950
2026-09-27,19:26:07,2026-09-28T05:24:00,23912.42,23912.43,23895.56,23896.09,23896.1,bear,-60,EMA9<EMA21,bear,-80,call writing|put unwinding,1.074,13446023,14435035,14339574,bear,-38,Long Unwinding,bear,BUY PUT,93,down,,NEUTRAL / RANGE,neutral,mixed,0,7,13.39,23886.5,-0.04,23950
2026-09-27,19:26:08,2026-09-28T05:27:00,23896.09,23896.3,23886.14,23886.55,23886.5,bear,-60,EMA9<EMA21,bear,-80,call writing|put unwinding,1.071,13468661,14425970,14310690,bear,-37,Long Unwinding,bear,BUY PUT,96,down,,NEUTRAL / RANGE,neutral,mixed,0,7,13.46,23877.0,-0.04,23950
2026-09-27,19:26:09,2026-09-28T05:30:00,23886.55,23887.76,23866.35,23867.75,23867.8,bear,-60,EMA9<EMA21,bear,-80,call writing|put unwinding,1.067,13503368,14406535,14299456,bear,-34,Long Unwinding,bear,BUY PUT,97,down,,MILD BEARISH,down,mild,3,7,13.55,23858.2,-0.04,23900
2026-09-27,19:26:10,2026-09-28T05:33:00,23867.75,23867.96,23848.76,23850.4,23850.4,bear,-60,EMA9<EMA21,bear,-80,call writing|put unwinding,1.064,13525244,14391873,14275667,bear,-37,Long Unwinding,bear,BUY PUT,98,down,,NEUTRAL / RANGE,neutral,mixed,0,7,13.64,23840.9,-0.04,23900
2026-09-27,19:26:11,2026-09-28T05:36:00,23850.4,23851.09,23841.86,23843.46,23843.5,bear,-60,EMA9<EMA21,bear,-80,call writing|put unwinding,1.06,13564423,14382591,14248882,bear,-37,Long Unwinding,bear,BUY PUT,99,down,,NEUTRAL / RANGE,neutral,mixed,0,7,13.63,23833.9,-0.04,23900
2026-09-27,19:26:13,2026-09-28T05:39:00,23843.46,23844.83,23825.02,23825.9,23825.9,bear,-60,EMA9<EMA21,bear,-80,call writing|put unwinding,1.057,13601463,14372614,14211554,bear,-38,Long Unwinding,bear,BUY PUT,99,down,,NEUTRAL / RANGE,neutral,mixed,0,7,13.69,23816.4,-0.04,23900
2026-09-27,19:26:14,2026-09-28T05:42:00,23825.9,23826.29,23805.29,23805.73,23805.7,bear,-60,EMA9<EMA21,bear,-80,call writing|put unwinding,1.053,13630584,14356893,14172841,bear,-38,Long Unwinding,bear,BUY PUT,99,down,,MILD BEARISH,down,mild,3,7,13.73,23796.2,-0.04,23850
2026-09-27,19:26:15,2026-09-28T05:45:00,23805.73,23805.98,23802.35,23803.77,23803.8,bear,-60,EMA9<EMA21,bear,-80,call writing|put unwinding,1.05,13652542,14339239,14138100,bear,-38,Long Unwinding,bear,BUY PUT,99,down,,MILD BEARISH,down,mild,3,7,13.71,23794.3,-0.04,23850
2026-09-27,19:26:16,2026-09-28T05:48:00,23803.77,23805.39,23799.51,23801.2,23801.2,bear,-60,EMA9<EMA21,bull,80,put writing|call unwinding,1.054,13635160,14374864,14185645,bear,-98,Short Buildup,bear,TRAP,49,down,BEAR TRAP,NEUTRAL / RANGE,neutral,mixed,0,7,13.78,23815.5,0.06,23750
2026-09-27,19:26:18,2026-09-28T05:51:00,23801.2,23804.04,23792.49,23792.78,23792.8,bear,-60,EMA9<EMA21,bull,80,put writing|call unwinding,1.058,13618163,14408077,14214345,bear,-93,Short Buildup,bear,TRAP,25,down,BEAR TRAP,MILD BULLISH,up,mild,4,7,13.72,23807.1,0.06,23750
2026-09-27,19:26:19,2026-09-28T05:54:00,23792.78,23794.03,23791.73,23793.48,23793.5,bear,-60,EMA9<EMA21,bull,80,put writing|call unwinding,1.062,13601190,14442656,14272855,bear,-100,Short Buildup,bear,TRAP,12,down,BEAR TRAP,MILD BULLISH,up,mild,3,7,13.79,23807.8,0.06,23750
2026-09-27,19:26:20,2026-09-28T05:57:00,23793.48,23793.98,23783.44,23784.35,23784.3,bear,-60,EMA9<EMA21,bull,80,put writing|call unwinding,1.064,13590707,14461235,14310671,bear,-96,Short Buildup,bear,TRAP,6,down,BEAR TRAP,MILD BULLISH,up,mild,3,7,13.79,23798.6,0.06,23750
2026-09-27,19:26:21,2026-09-28T06:00:00,23784.35,23785.68,23767.22,23768.05,23768.0,bear,-60,EMA9<EMA21,bull,80,put writing|call unwinding,1.066,13582264,14481842,14356132,bear,-97,Short Buildup,bear,TRAP,3,down,BEAR TRAP,MILD BULLISH,up,mild,3,7,13.75,23782.3,0.06,23700
2026-09-27,19:26:23,2026-09-28T06:03:00,23768.05,23768.25,23761.26,23761.73,23761.7,bear,-60,EMA9<EMA21,bull,80,put writing|call unwinding,1.07,13565116,14515977,14408151,bear,-99,Short Buildup,bear,TRAP,2,down,BEAR TRAP,MILD BULLISH,up,mild,3,7,13.78,23776.0,0.06,23700
2026-09-27,19:26:24,2026-09-28T06:06:00,23761.73,23771.26,23761.52,23771.08,23771.1,bear,-60,EMA9<EMA21,bear,-80,call writing|put unwinding,1.07,13565372,14512173,14414594,bear,-80,Short Buildup,bear,WAIT,50,down,,MILD BULLISH,up,mild,2,7,13.72,23771.1,0.0,23750
2026-09-27,19:26:25,2026-09-28T06:09:00,23771.08,23772.96,23770.82,23772.45,23772.5,bear,-60,EMA9<EMA21,neutral,0,call unwinding|put unwinding,1.07,13559773,14509279,14415482,bear,-62,Short Buildup,bull,WAIT,25,down,,MILD BULLISH,up,mild,3,7,13.82,23772.5,0.0,23750
2026-09-27,19:26:26,2026-09-28T06:12:00,23772.45,23784.16,23769.41,23782.82,23782.8,bear,-60,EMA9<EMA21,bull,80,put writing|call unwinding,1.071,13557405,14513564,14416060,bear,-58,Short Buildup,bull,TRAP,13,down,BEAR TRAP,MILD BULLISH,up,mild,2,7,13.82,23782.8,0.0,23800
2026-09-27,19:26:27,2026-09-28T06:15:00,23782.82,23784.82,23779.46,23780.3,23780.3,bear,-60,EMA9<EMA21,neutral,0,call unwinding|put unwinding,1.071,13551737,14513367,14414226,bear,-27,Long Unwinding,bull,WAIT,6,down,,MILD BULLISH,up,mild,2,7,13.82,23780.3,0.0,23800
2026-09-27,19:26:29,2026-09-28T06:18:00,23780.3,23783.65,23778.98,23781.71,23781.7,bear,-60,EMA9<EMA21,bull,80,put writing|call unwinding,1.072,13546060,14514780,14411357,bear,-29,Long Unwinding,bull,TRAP,3,down,BEAR TRAP,MILD BULLISH,up,mild,3,7,13.77,23781.7,0.0,23800
2026-09-27,19:26:30,2026-09-28T06:21:00,23781.71,23788.32,23780.66,23787.87,23787.9,bear,-60,EMA9<EMA21,bear,-80,call writing|put unwinding,1.071,13547427,14512826,14406755,bear,-31,Long Unwinding,bull,WAIT,37,down,,MILD BULLISH,up,mild,3,7,13.74,23787.9,0.0,23800
2026-09-27,19:26:31,2026-09-28T06:24:00,23787.87,23788.13,23780.82,23781.92,23781.9,bear,-60,EMA9<EMA21,bull,80,put writing|call unwinding,1.072,13546176,14516953,14404821,bear,-28,Long Unwinding,neutral,TRAP,19,down,BEAR TRAP,MILD BULLISH,up,mild,3,7,13.76,23781.9,0.0,23800
2026-09-27,19:26:32,2026-09-28T06:27:00,23781.92,23783.29,23769.29,23771.44,23771.4,bear,-60,EMA9<EMA21,neutral,0,call unwinding|put unwinding,1.072,13541540,14515971,14399965,bear,-31,Long Unwinding,bear,WAIT,45,down,,MILD BULLISH,up,mild,2,7,13.78,23771.4,0.0,23750
2026-09-27,19:26:34,2026-09-28T06:30:00,23771.44,23771.74,23760.04,23761.56,23761.6,bear,-60,EMA9<EMA21,neutral,0,call unwinding|put unwinding,1.072,13536007,14511159,14407864,bear,-82,Short Buildup,bear,BUY PUT,58,down,,MILD BULLISH,up,mild,4,7,13.79,23761.6,0.0,23750
2026-09-27,19:26:35,2026-09-28T06:33:00,23761.56,23777.1,23760.92,23776.68,23776.7,bear,-60,EMA9<EMA21,bull,80,put writing|call unwinding,1.072,13535211,14515070,14409658,bear,-68,Short Buildup,bear,TRAP,29,down,BEAR TRAP,MILD BULLISH,up,mild,3,7,13.8,23776.7,0.0,23800
2026-09-27,19:26:36,2026-09-28T06:36:00,23776.68,23783.0,23776.68,23781.51,23781.5,bear,-60,EMA9<EMA21,bull,80,put writing|call unwinding,1.073,13529443,14520829,14403472,bear,-32,Long Unwinding,bull,TRAP,14,down,BEAR TRAP,MILD BULLISH,up,mild,3,7,13.91,23781.5,0.0,23800
2026-09-27,19:26:37,2026-09-28T06:39:00,23781.51,23792.15,23779.48,23791.78,23791.8,bear,-60,EMA9<EMA21,neutral,0,call unwinding|put unwinding,1.073,13529425,14517393,14396132,bear,-32,Long Unwinding,bull,WAIT,7,down,,MILD BULLISH,up,mild,2,7,14.03,23791.8,0.0,23800
2026-09-27,19:26:38,2026-09-28T06:42:00,23791.78,23809.84,23791.28,23807.66,23807.7,bear,-40,EMA9<EMA21,neutral,0,put writing|call writing,1.073,13533684,14521357,14399625,bear,-74,Short Buildup,bull,WAIT,4,down,,NEUTRAL / RANGE,neutral,mixed,0,7,13.9,23807.7,0.0,23800
2026-09-27,19:26:40,2026-09-28T06:45:00,23807.66,23808.31,23784.94,23785.7,23785.7,bear,-60,EMA9<EMA21,bear,-80,call writing|put unwinding,1.072,13536821,14517659,14396179,bear,-30,Long Unwinding,neutral,WAIT,37,down,,MILD BULLISH,up,mild,3,7,13.96,23785.7,0.0,23800
2026-09-27,19:26:41,2026-09-28T06:48:00,23785.7,23798.04,23783.53,23796.46,23796.5,bear,-60,EMA9<EMA21,bull,80,put writing|call unwinding,1.076,13526366,14548509,14426089,bear,-94,Short Buildup,neutral,TRAP,19,down,BEAR TRAP,BULLISH,up,clear,5,7,13.9,23810.7,0.06,23750
2026-09-27,19:26:42,2026-09-28T06:51:00,23796.46,23807.06,23796.25,23804.65,23804.7,bear,-40,EMA9<EMA21,bull,80,put writing|call unwinding,1.08,13506421,14584672,14461694,bear,-95,Short Buildup,neutral,TRAP,9,down,BEAR TRAP,BULLISH,up,clear,5,7,14.0,23818.9,0.06,23750
2026-09-27,19:26:43,2026-09-28T06:54:00,23804.65,23826.36,23804.12,23824.8,23824.8,bear,-40,EMA9<EMA21,bull,80,put writing|call unwinding,1.083,13497223,14618574,14501953,bear,-96,Short Buildup,bull,TRAP,5,down,BEAR TRAP,BULLISH,up,clear,5,7,13.99,23839.1,0.06,23750
2026-09-27,19:26:45,2026-09-28T06:57:00,23824.8,23853.51,23823.55,23853.22,23853.2,bull,60,EMA9>EMA21,bull,80,put writing|call unwinding,1.086,13477659,14638201,14526775,bull,92,Long Buildup,bull,WAIT,52,up,,BULLISH,up,clear,5,7,13.92,23867.5,0.06,23800
2026-09-27,19:26:46,2026-09-28T07:00:00,23853.22,23882.43,23851.49,23882.19,23882.2,bull,60,EMA9>EMA21,bull,80,put writing|call unwinding,1.09,13458362,14669010,14573323,bull,98,Long Buildup,bull,BUY CALL,75,up,,BULLISH,up,clear,5,7,13.87,23896.5,0.06,23850
2026-09-27,19:26:47,2026-09-28T07:03:00,23882.19,23890.91,23879.98,23890.35,23890.3,bull,60,EMA9>EMA21,bull,80,put writing|call unwinding,1.094,13443031,14708881,14617044,bull,97,Long Buildup,bull,BUY CALL,87,up,,BULLISH,up,clear,5,7,13.81,23904.7,0.06,23850
2026-09-27,19:26:48,2026-09-28T07:06:00,23890.35,23906.02,23887.92,23905.25,23905.2,bull,60,EMA9>EMA21,bull,80,put writing|call unwinding,1.097,13432167,14741165,14648137,bull,94,Long Buildup,bull,BUY CALL,93,up,,MILD BULLISH,up,mild,4,7,13.8,23919.6,0.06,23850
2026-09-27,19:26:49,2026-09-28T07:09:00,23905.25,23922.93,23905.06,23921.28,23921.3,bull,60,EMA9>EMA21,bull,80,put writing|call unwinding,1.1,13423581,14770771,14703222,bull,99,Long Buildup,bull,BUY CALL,96,up,,BULLISH,up,clear,5,7,13.72,23935.6,0.06,23850
2026-09-27,19:26:51,2026-09-28T07:12:00,23921.28,23931.61,23919.93,23930.77,23930.8,bull,60,EMA9>EMA21,bull,80,put writing|call unwinding,1.103,13416238,14793805,14738596,bull,95,Long Buildup,bull,BUY CALL,98,up,,BULLISH,up,clear,5,7,13.66,23945.1,0.06,23900
2026-09-27,19:26:52,2026-09-28T07:15:00,23930.77,23949.11,23930.51,23947.62,23947.6,bull,60,EMA9>EMA21,bull,80,put writing|call unwinding,1.105,13407664,14811029,14769270,bull,94,Long Buildup,bull,BUY CALL,98,up,,BULLISH,up,clear,5,7,13.62,23962.0,0.06,23900
2026-09-27,19:26:53,2026-09-28T07:18:00,23947.62,23964.84,23946.76,23963.3,23963.3,bull,60,EMA9>EMA21,bull,80,put writing|call unwinding,1.108,13396115,14836537,14809552,bull,96,Long Buildup,bull,BUY CALL,99,up,,BULLISH,up,clear,5,7,13.54,23977.7,0.06,23900
2026-09-27,19:26:54,2026-09-28T07:21:00,23963.3,23996.39,23962.53,23995.04,23995.0,bull,60,EMA9>EMA21,bull,80,put writing|call unwinding,1.11,13379437,14857084,14855171,bull,98,Long Buildup,bull,BUY CALL,99,up,,BULLISH,up,clear,5,7,13.51,24009.4,0.06,23950
2026-09-27,19:26:56,2026-09-28T07:24:00,23995.04,24023.34,23993.99,24021.24,24021.2,bull,60,EMA9>EMA21,bull,80,put writing|call unwinding,1.113,13373441,14879402,14914997,bull,100,Long Buildup,bull,BUY CALL,99,up,,BULLISH,up,clear,5,7,13.5,24035.6,0.06,23950
2026-09-27,19:26:57,2026-09-28T07:27:00,24021.24,24036.67,24019.29,24035.48,24035.5,bull,60,EMA9>EMA21,bull,80,put writing|call unwinding,1.114,13368340,14898975,14966379,bull,99,Long Buildup,bull,BUY CALL,99,up,,MILD BULLISH,up,mild,4,7,13.54,24049.9,0.06,24000
2026-09-27,19:26:58,2026-09-28T07:30:00,24035.48,24056.35,24034.91,24055.65,24055.7,bull,60,EMA9>EMA21,bull,80,put writing|call unwinding,1.117,13358298,14925268,15017833,bull,99,Long Buildup,bull,BUY CALL,99,up,,BULLISH,up,clear,5,7,13.56,24070.1,0.06,24000
2026-09-27,19:26:59,2026-09-28T07:33:00,24055.65,24059.93,24054.9,24058.59,24058.6,bull,60,EMA9>EMA21,bull,80,put writing|call unwinding,1.12,13342038,14947475,15074634,bull,100,Long Buildup,bull,BUY CALL,99,up,,BULLISH,up,clear,5,7,13.61,24073.0,0.06,24000
2026-09-27,19:27:01,2026-09-28T07:36:00,24058.59,24074.4,24057.09,24072.29,24072.3,bull,60,EMA9>EMA21,bull,80,put writing|call unwinding,1.124,13330542,14981265,15110875,bull,95,Long Buildup,bull,BUY CALL,99,up,,BULLISH,up,clear,5,7,13.56,24086.7,0.06,24000
2026-09-27,19:27:02,2026-09-28T07:39:00,24072.29,24096.46,24070.76,24095.9,24095.9,bull,60,EMA9>EMA21,bull,80,put writing|call unwinding,1.128,13310561,15008118,15161594,bull,98,Long Buildup,bull,BUY CALL,99,up,,STRONG BULLISH,up,strong,6,7,13.41,24110.4,0.06,24050
2026-09-27,19:27:03,2026-09-28T07:42:00,24095.9,24107.77,24095.66,24107.51,24107.5,bull,60,EMA9>EMA21,bull,80,put writing|call unwinding,1.131,13295754,15042479,15123906,bull,38,Short Covering,bull,BUY CALL,99,up,,MILD BULLISH,up,mild,4,7,13.35,24097.9,-0.04,24050
2026-09-27,19:27:04,2026-09-28T07:45:00,24107.51,24122.25,24105.46,24121.61,24121.6,bull,60,EMA9>EMA21,bull,80,put writing|call unwinding,1.134,13287652,15074658,15096464,bull,37,Short Covering,bull,BUY CALL,99,up,,MILD BULLISH,up,mild,4,7,13.36,24112.0,-0.04,24050
2026-09-27,19:27:05,2026-09-28T07:48:00,24121.61,24139.64,24120.78,24139.05,24139.0,bull,60,EMA9>EMA21,bull,80,put writing|call unwinding,1.138,13273339,15100897,15064364,bull,38,Short Covering,bull,BUY CALL,99,up,,MILD BULLISH,up,mild,4,7,13.38,24129.4,-0.04,24100
2026-09-27,19:27:07,2026-09-28T07:51:00,24139.05,24148.51,24138.4,24148.1,24148.1,bull,60,EMA9>EMA21,bull,80,put writing|call unwinding,1.141,13264540,15138694,15042390,bull,36,Short Covering,bull,BUY CALL,99,up,,MILD BULLISH,up,mild,4,7,13.29,24138.4,-0.04,24100
2026-09-27,19:27:08,2026-09-28T07:54:00,24148.1,24156.35,24145.51,24155.9,24155.9,bull,60,EMA9>EMA21,bull,80,put writing|call unwinding,1.144,13253035,15154877,15016448,bull,37,Short Covering,bull,BUY CALL,99,up,,MILD BULLISH,up,mild,4,7,13.37,24146.2,-0.04,24100
2026-09-27,19:27:09,2026-09-28T07:57:00,24155.9,24160.87,24155.66,24160.43,24160.4,bull,60,EMA9>EMA21,bull,80,put writing|call unwinding,1.147,13236253,15178194,14976973,bull,38,Short Covering,bull,BUY CALL,99,up,,MILD BULLISH,up,mild,4,7,13.33,24150.8,-0.04,24100
2026-09-27,19:27:10,2026-09-28T08:00:00,24160.43,24174.75,24158.22,24174.12,24174.1,bull,60,EMA9>EMA21,bull,80,put writing|call unwinding,1.149,13229055,15194876,14939692,bull,38,Short Covering,bull,BUY CALL,99,up,,MILD BULLISH,up,mild,4,7,13.24,24164.4,-0.04,24100
2026-09-27,19:27:12,2026-09-28T08:03:00,24174.12,24186.7,24173.31,24185.85,24185.8,bull,60,EMA9>EMA21,bull,80,put writing|call unwinding,1.151,13223791,15216924,14910549,bull,37,Short Covering,bull,BUY CALL,99,up,,MILD BULLISH,up,mild,4,7,13.26,24176.2,-0.04,24150
2026-09-27,19:27:13,2026-09-28T08:06:00,24185.85,24203.45,24184.96,24201.94,24201.9,bull,60,EMA9>EMA21,bear,-80,call writing|put unwinding,1.147,13254936,15209347,14889340,bull,36,Short Covering,bull,TRAP,49,up,BULL TRAP,MILD BULLISH,up,mild,3,7,13.27,24192.3,-0.04,24250
2026-09-27,19:27:14,2026-09-28T08:09:00,24201.94,24222.03,24201.14,24220.29,24220.3,bull,60,EMA9>EMA21,bear,-80,call writing|put unwinding,1.145,13282748,15202940,14850162,bull,38,Short Covering,bull,TRAP,25,up,BULL TRAP,MILD BULLISH,up,mild,3,7,13.28,24210.6,-0.04,24250
2026-09-27,19:27:15,2026-09-28T08:12:00,24220.29,24233.88,24220.01,24233.18,24233.2,bull,60,EMA9>EMA21,bear,-80,call writing|put unwinding,1.141,13319222,15194775,14828219,bull,36,Short Covering,bull,TRAP,12,up,BULL TRAP,BULLISH,up,clear,5,7,13.15,24223.5,-0.04,24300
2026-09-27,19:27:16,2026-09-28T08:15:00,24233.18,24240.89,24232.83,24238.38,24238.4,bull,60,EMA9>EMA21,bear,-80,call writing|put unwinding,1.138,13338966,15175020,14815713,bull,34,Short Covering,bull,TRAP,6,up,BULL TRAP,BULLISH,up,clear,5,7,13.11,24228.7,-0.04,24300
2026-09-27,19:27:18,2026-09-28T08:18:00,24238.38,24247.28,24237.54,24246.23,24246.2,bull,60,EMA9>EMA21,bear,-80,call writing|put unwinding,1.134,13375935,15163084,14787991,bull,37,Short Covering,bull,TRAP,3,up,BULL TRAP,BULLISH,up,clear,5,7,13.1,24236.5,-0.04,24300
2026-09-27,19:27:19,2026-09-28T08:21:00,24246.23,24257.56,24245.86,24257.34,24257.3,bull,60,EMA9>EMA21,bear,-80,call writing|put unwinding,1.131,13393719,15146079,14760654,bull,37,Short Covering,bull,TRAP,2,up,BULL TRAP,MILD BULLISH,up,mild,4,7,13.11,24247.6,-0.04,24300
2026-09-27,19:27:20,2026-09-28T08:24:00,24257.34,24258.0,24239.4,24240.68,24240.7,bull,60,EMA9>EMA21,bear,-80,call writing|put unwinding,1.127,13425803,15127063,14727014,bull,38,Short Covering,neutral,TRAP,1,up,BULL TRAP,MILD BULLISH,up,mild,3,7,13.02,24231.0,-0.04,24300
2026-09-27,19:27:21,2026-09-28T08:27:00,24240.68,24240.76,24207.58,24208.08,24208.1,bull,60,EMA9>EMA21,bear,-80,call writing|put unwinding,1.122,13465491,15114184,14703921,bull,37,Short Covering,bear,TRAP,0,up,BULL TRAP,MILD BEARISH,down,mild,3,7,13.07,24198.4,-0.04,24250
2026-09-27,19:27:23,2026-09-28T08:30:00,24208.08,24208.97,24200.77,24202.5,24202.5,bull,60,EMA9>EMA21,bear,-80,call writing|put unwinding,1.119,13500558,15108941,14681351,bull,36,Short Covering,bear,TRAP,0,up,BULL TRAP,MILD BEARISH,down,mild,3,7,13.07,24192.8,-0.04,24250
2026-09-27,19:27:24,2026-09-28T08:33:00,24202.5,24203.86,24166.66,24168.94,24168.9,bull,60,EMA9>EMA21,bear,-80,call writing|put unwinding,1.116,13527654,15091978,14667005,bull,35,Short Covering,bear,TRAP,0,up,BULL TRAP,MILD BEARISH,down,mild,3,7,13.08,24159.3,-0.04,24200
2026-09-27,19:27:25,2026-09-28T08:36:00,24168.94,24169.7,24145.02,24146.1,24146.1,bull,40,EMA9>EMA21,bear,-80,call writing|put unwinding,1.112,13564535,15085250,14640097,bull,37,Short Covering,bear,TRAP,0,up,BULL TRAP,NEUTRAL / RANGE,neutral,mixed,0,7,13.16,24136.4,-0.04,24200
2026-09-27,19:27:26,2026-09-28T08:39:00,24146.1,24146.69,24132.19,24132.53,24132.5,bull,40,EMA9>EMA21,bear,-80,call writing|put unwinding,1.108,13592548,15067134,14629789,bull,34,Short Covering,bear,TRAP,0,up,BULL TRAP,NEUTRAL / RANGE,neutral,mixed,0,7,13.19,24122.9,-0.04,24200
2026-09-27,19:27:28,2026-09-28T08:42:00,24132.53,24133.47,24111.85,24112.58,24112.6,bull,40,EMA9>EMA21,bear,-80,call writing|put unwinding,1.106,13611667,15059920,14602503,bull,37,Short Covering,bear,TRAP,0,up,BULL TRAP,MILD BEARISH,down,mild,3,7,13.28,24102.9,-0.04,24150
2026-09-27,19:27:29,2026-09-28T08:45:00,24112.58,24113.69,24095.43,24095.61,24095.6,bull,20,EMA9>EMA21,bear,-80,call writing|put unwinding,1.105,13626716,15051081,14583767,bull,36,Short Covering,bear,WAIT,0,up,,NEUTRAL / RANGE,neutral,mixed,0,7,13.28,24086.0,-0.04,24150
2026-09-27,19:27:30,2026-09-28T08:48:00,24095.61,24095.97,24076.65,24077.21,24077.2,bear,-60,EMA9<EMA21,bear,-80,call writing|put unwinding,1.101,13649829,15034372,14570772,bear,-34,Long Unwinding,bear,WAIT,50,down,,NEUTRAL / RANGE,neutral,mixed,0,7,13.29,24067.6,-0.04,24150
2026-09-27,19:27:31,2026-09-28T08:51:00,24077.21,24079.16,24057.75,24059.16,24059.2,bear,-60,EMA9<EMA21,bear,-80,call writing|put unwinding,1.098,13669904,15015369,14552164,bear,-36,Long Unwinding,bear,BUY PUT,74,down,,MILD BEARISH,down,mild,3,7,13.34,24049.5,-0.04,24100
2026-09-27,19:27:32,2026-09-28T08:54:00,24059.16,24060.17,24026.04,24027.09,24027.1,bear,-60,EMA9<EMA21,bear,-80,call writing|put unwinding,1.096,13689242,15000849,14533170,bear,-36,Long Unwinding,bear,BUY PUT,87,down,,NEUTRAL / RANGE,neutral,mixed,0,7,13.31,24017.5,-0.04,24100
2026-09-27,19:27:34,2026-09-28T08:57:00,24027.09,24027.78,24000.7,24001.38,24001.4,bear,-60,EMA9<EMA21,bear,-80,call writing|put unwinding,1.093,13723790,14995482,14517727,bear,-35,Long Unwinding,bear,BUY PUT,93,down,,NEUTRAL / RANGE,neutral,mixed,0,7,13.39,23991.8,-0.04,24050
2026-09-27,19:27:35,2026-09-28T09:00:00,24001.38,24002.99,23981.2,23981.31,23981.3,bear,-60,EMA9<EMA21,bear,-80,call writing|put unwinding,1.091,13745360,14989412,14503180,bear,-35,Long Unwinding,bear,BUY PUT,96,down,,MILD BULLISH,up,mild,3,7,13.41,23971.7,-0.04,24050
2026-09-27,19:27:36,2026-09-28T09:03:00,23981.31,23982.82,23949.15,23949.34,23949.3,bear,-60,EMA9<EMA21,bear,-80,call writing|put unwinding,1.088,13773559,14983426,14486534,bear,-35,Long Unwinding,bear,BUY PUT,97,down,,NEUTRAL / RANGE,neutral,mixed,0,7,13.42,23939.8,-0.04,24000
2026-09-27,19:27:37,2026-09-28T09:06:00,23949.34,23951.07,23929.11,23929.18,23929.2,bear,-60,EMA9<EMA21,bear,-80,call writing|put unwinding,1.084,13804251,14969734,14459323,bear,-37,Long Unwinding,bear,BUY PUT,98,down,,NEUTRAL / RANGE,neutral,mixed,0,7,13.55,23919.6,-0.04,24000
2026-09-27,19:27:39,2026-09-28T09:09:00,23929.18,23930.64,23904.21,23905.05,23905.0,bear,-60,EMA9<EMA21,bear,-80,call writing|put unwinding,1.081,13839534,14960243,14440034,bear,-36,Long Unwinding,bear,BUY PUT,99,down,,MILD BEARISH,down,mild,3,7,13.58,23895.5,-0.04,23950
2026-09-27,19:27:40,2026-09-28T09:12:00,23905.05,23905.94,23886.98,23887.68,23887.7,bear,-60,EMA9<EMA21,bear,-80,call writing|put unwinding,1.079,13859386,14955130,14428387,bear,-34,Long Unwinding,bear,BUY PUT,99,down,,NEUTRAL / RANGE,neutral,mixed,0,7,13.52,23878.1,-0.04,23950
2026-09-27,19:27:41,2026-09-28T09:15:00,23887.68,23888.19,23875.25,23877.05,23877.0,bear,-60,EMA9<EMA21,bear,-80,call writing|put unwinding,1.077,13883001,14946190,14395887,bear,-38,Long Unwinding,bear,BUY PUT,99,down,,NEUTRAL / RANGE,neutral,mixed,0,7,13.53,23867.5,-0.04,23950
2026-09-27,19:27:42,2026-09-28T09:18:00,23877.05,23877.62,23862.35,23862.54,23862.5,bear,-60,EMA9<EMA21,bull,80,put writing|call unwinding,1.081,13865758,14983398,14424573,bear,-93,Short Buildup,bear,TRAP,49,down,BEAR TRAP,NEUTRAL / RANGE,neutral,mixed,0,7,13.52,23876.9,0.06,23800
2026-09-27,19:27:44,2026-09-28T09:21:00,23862.54,23863.33,23854.74,23856.07,23856.1,bear,-60,EMA9<EMA21,bull,80,put writing|call unwinding,1.084,13849244,15018132,14478619,bear,-99,Short Buildup,bear,TRAP,25,down,BEAR TRAP,NEUTRAL / RANGE,neutral,mixed,0,7,13.54,23870.4,0.06,23800
2026-09-27,19:27:45,2026-09-28T09:24:00,23856.07,23856.69,23849.76,23850.02,23850.0,bear,-60,EMA9<EMA21,bull,80,put writing|call unwinding,1.086,13842973,15038888,14531780,bear,-99,Short Buildup,bear,TRAP,12,down,BEAR TRAP,NEUTRAL / RANGE,neutral,mixed,0,7,13.68,23864.3,0.06,23800
2026-09-27,19:27:46,2026-09-28T09:27:00,23850.02,23858.61,23848.9,23858.18,23858.2,bear,-60,EMA9<EMA21,bull,80,put writing|call unwinding,1.09,13826638,15064527,14572137,bear,-96,Short Buildup,bear,TRAP,6,down,BEAR TRAP,NEUTRAL / RANGE,neutral,mixed,0,7,13.72,23872.5,0.06,23800
2026-09-27,19:27:47,2026-09-28T09:30:00,23858.18,23858.61,23847.99,23848.14,23848.1,bear,-60,EMA9<EMA21,bull,80,put writing|call unwinding,1.093,13817927,15099939,14608461,bear,-95,Short Buildup,bear,TRAP,3,down,BEAR TRAP,MILD BULLISH,up,mild,4,7,13.77,23862.4,0.06,23800
2026-09-27,19:27:48,2026-09-28T09:33:00,23848.14,23849.08,23829.58,23829.98,23830.0,bear,-60,EMA9<EMA21,bull,80,put writing|call unwinding,1.096,13808675,15134391,14666269,bear,-100,Short Buildup,bear,TRAP,2,down,BEAR TRAP,MILD BULLISH,up,mild,3,7,13.82,23844.3,0.06,23800
2026-09-27,19:27:50,2026-09-28T09:36:00,23829.98,23832.24,23826.16,23826.76,23826.8,bear,-60,EMA9<EMA21,bull,80,put writing|call unwinding,1.096,13807033,15136153,14663004,bear,-29,Long Unwinding,bear,TRAP,1,down,BEAR TRAP,MILD BULLISH,up,mild,3,7,13.79,23826.8,0.0,23850
2026-09-27,19:27:51,2026-09-28T09:39:00,23826.76,23833.35,23825.93,23832.16,23832.2,bear,-60,EMA9<EMA21,neutral,0,put writing|call writing,1.096,13812130,15137573,14658400,bear,-31,Long Unwinding,bear,WAIT,36,down,,MILD BULLISH,up,mild,2,7,13.67,23832.2,0.0,23850
2026-09-27,19:27:52,2026-09-28T09:42:00,23832.16,23833.22,23831.62,23832.14,23832.1,bear,-60,EMA9<EMA21,neutral,0,put writing|call writing,1.096,13818027,15140480,14665614,bear,-81,Short Buildup,bull,WAIT,18,down,,MILD BULLISH,up,mild,2,7,13.62,23832.1,0.0,23850
2026-09-27,19:27:53,2026-09-28T09:45:00,23832.14,23832.75,23824.76,23825.24,23825.2,bear,-60,EMA9<EMA21,neutral,0,call unwinding|put unwinding,1.096,13812778,15137895,14673205,bear,-81,Short Buildup,neutral,WAIT,9,down,,NEUTRAL / RANGE,neutral,mixed,0,7,13.66,23825.2,0.0,23850
2026-09-27,19:27:55,2026-09-28T09:48:00,23825.24,23825.88,23812.09,23813.89,23813.9,bear,-60,EMA9<EMA21,neutral,0,call unwinding|put unwinding,1.096,13812058,15135410,14672403,bear,-24,Long Unwinding,bear,WAIT,40,down,,MILD BULLISH,up,mild,2,7,13.65,23813.9,0.0,23800
2026-09-27,19:27:56,2026-09-28T09:51:00,23813.89,23831.8,23812.78,23830.75,23830.8,bear,-60,EMA9<EMA21,bull,80,put writing|call unwinding,1.097,13806222,15140484,14666134,bear,-32,Long Unwinding,neutral,TRAP,20,down,BEAR TRAP,MILD BULLISH,up,mild,4,7,13.72,23830.7,0.0,23850
2026-09-27,19:27:57,2026-09-28T09:54:00,23830.75,23831.2,23822.48,23824.29,23824.3,bear,-60,EMA9<EMA21,neutral,0,put writing|call writing,1.097,13807410,15142079,14672237,bear,-79,Short Buildup,neutral,WAIT,10,down,,MILD BULLISH,up,mild,3,7,13.78,23824.3,0.0,23800
2026-09-27,19:27:58,2026-09-28T09:57:00,23824.29,23824.92,23810.73,23811.19,23811.2,bear,-60,EMA9<EMA21,neutral,0,call unwinding|put unwinding,1.097,13802332,15139032,14676568,bear,-76,Short Buildup,neutral,WAIT,5,down,,MILD BULLISH,up,mild,3,7,13.84,23811.2,0.0,23800
2026-09-27,19:27:59,2026-09-28T10:00:00,23811.19,23846.98,23809.77,23846.23,23846.2,bear,-60,EMA9<EMA21,neutral,0,call unwinding|put unwinding,1.097,13797963,15134907,14684079,bear,-81,Short Buildup,bull,WAIT,2,down,,MILD BULLISH,up,mild,2,7,13.71,23846.2,0.0,23850
2026-09-27,19:28:01,2026-09-28T10:03:00,23846.23,23846.94,23845.13,23846.67,23846.7,bear,-60,EMA9<EMA21,bear,-80,call writing|put unwinding,1.096,13798941,15128998,14690613,bear,-80,Short Buildup,bull,WAIT,37,down,,MILD BULLISH,up,mild,2,7,13.67,23846.7,0.0,23850
2026-09-27,19:28:02,2026-09-28T10:06:00,23846.67,23848.88,23845.44,23845.47,23845.5,bear,-60,EMA9<EMA21,bull,80,put writing|call unwinding,1.097,13798275,15134930,14695057,bear,-76,Short Buildup,bull,TRAP,18,down,BEAR TRAP,MILD BULLISH,up,mild,2,7,13.68,23845.5,0.0,23850
2026-09-27,19:28:03,2026-09-28T10:09:00,23845.47,23847.61,23839.02,23839.26,23839.3,bear,-60,EMA9<EMA21,neutral,0,put writing|call writing,1.097,13800939,15137279,14701724,bear,-80,Short Buildup,bear,WAIT,45,down,,MILD BULLISH,up,mild,3,7,13.72,23839.3,0.0,23850
2026-09-27,19:28:04,2026-09-28T10:12:00,23839.26,23870.81,23838.07,23869.84,23869.8,bear,-60,EMA9<EMA21,bull,80,put writing|call unwinding,1.097,13800357,15139186,14705696,bear,-75,Short Buildup,bull,TRAP,22,down,BEAR TRAP,MILD BULLISH,up,mild,3,7,13.64,23869.8,0.0,23850
2026-09-27,19:28:06,2026-09-28T10:15:00,23869.84,23870.15,23859.97,23860.09,23860.1,bear,-60,EMA9<EMA21,bear,-80,call writing|put unwinding,1.097,13801222,15136566,14703303,bear,-28,Long Unwinding,bull,WAIT,47,down,,NEUTRAL / RANGE,neutral,mixed,0,7,13.69,23860.1,0.0,23850
2026-09-27,19:28:07,2026-09-28T10:18:00,23860.09,23881.15,23859.27,23879.61,23879.6,bear,-40,EMA9<EMA21,bull,80,put writing|call unwinding,1.101,13787548,15174949,14747494,bear,-97,Short Buildup,bull,TRAP,23,down,BEAR TRAP,BULLISH,up,clear,5,7,13.74,23893.9,0.06,23850
2026-09-27,19:28:08,2026-09-28T10:21:00,23879.61,23907.3,23878.01,23906.21,23906.2,bear,-20,EMA9<EMA21,bull,80,put writing|call unwinding,1.104,13781605,15211388,14791272,bear,-97,Short Buildup,bull,WAIT,12,down,,BULLISH,up,clear,5,7,13.68,23920.6,0.06,23850
2026-09-27,19:28:09,2026-09-28T10:24:00,23906.21,23918.93,23904.93,23918.01,23918.0,bear,-20,EMA9<EMA21,bull,80,put writing|call unwinding,1.107,13767685,15246188,14838982,bear,-98,Short Buildup,bull,WAIT,6,down,,BULLISH,up,clear,5,7,13.63,23932.4,0.06,23850
2026-09-27,19:28:10,2026-09-28T10:27:00,23918.01,23937.86,23916.59,23937.43,23937.4,bull,60,EMA9>EMA21,bull,80,put writing|call unwinding,1.111,13759240,15284532,14893971,bull,99,Long Buildup,bull,WAIT,52,up,,BULLISH,up,clear,5,7,13.52,23951.8,0.06,23900
2026-09-27,19:28:12,2026-09-28T10:30:00,23937.43,23962.2,23936.68,23961.58,23961.6,bull,60,EMA9>EMA21,bull,80,put writing|call unwinding,1.114,13747139,15314009,14949278,bull,99,Long Buildup,bull,BUY CALL,76,up,,BULLISH,up,clear,5,7,13.55,23976.0,0.06,23900
2026-09-27,19:28:13,2026-09-28T10:33:00,23961.58,23983.74,23961.17,23983.29,23983.3,bull,60,EMA9>EMA21,bull,80,put writing|call unwinding,1.116,13739637,15333805,14971588,bull,91,Long Buildup,bull,BUY CALL,87,up,,BULLISH,up,clear,5,7,13.54,23997.7,0.06,23950
2026-09-27,19:28:14,2026-09-28T10:36:00,23983.29,23990.37,23982.02,23990.02,23990.0,bull,60,EMA9>EMA21,bull,80,put writing|call unwinding,1.119,13723991,15356045,15000271,bull,93,Long Buildup,bull,BUY CALL,93,up,,BULLISH,up,clear,5,7,13.46,24004.4,0.06,23950
2026-09-27,19:28:15,2026-09-28T10:39:00,23990.02,24014.09,23989.41,24013.79,24013.8,bull,60,EMA9>EMA21,bull,80,put writing|call unwinding,1.123,13705206,15392765,15048523,bull,98,Long Buildup,bull,BUY CALL,96,up,,BULLISH,up,clear,5,7,13.49,24028.2,0.06,23950
2026-09-27,19:28:17,2026-09-28T10:42:00,24013.79,24039.61,24013.43,24038.78,24038.8,bull,60,EMA9>EMA21,bull,80,put writing|call unwinding,1.126,13697054,15422336,15100128,bull,99,Long Buildup,bull,BUY CALL,98,up,,BULLISH,up,clear,5,7,13.6,24053.2,0.06,24000
2026-09-27,19:28:18,2026-09-28T10:45:00,24038.78,24068.39,24038.11,24067.47,24067.5,bull,60,EMA9>EMA21,bull,80,put writing|call unwinding,1.13,13688650,15461758,15145548,bull,97,Long Buildup,bull,BUY CALL,98,up,,BULLISH,up,clear,5,7,13.57,24081.9,0.06,24000
2026-09-27,19:28:19,2026-09-28T10:48:00,24067.47,24094.11,24067.33,24093.18,24093.2,bull,60,EMA9>EMA21,bull,80,put writing|call unwinding,1.133,13671991,15491080,15187047,bull,97,Long Buildup,bull,BUY CALL,99,up,,MILD BULLISH,up,mild,4,7,13.59,24107.6,0.06,24050
2026-09-27,19:28:20,2026-09-28T10:51:00,24093.18,24111.38,24091.66,24111.01,24111.0,bull,60,EMA9>EMA21,bull,80,put writing|call unwinding,1.137,13655496,15523962,15238252,bull,99,Long Buildup,bull,BUY CALL,99,up,,BULLISH,up,clear,5,7,13.5,24125.5,0.06,24050
2026-09-27,19:28:22,2026-09-28T10:54:00,24111.01,24115.91,24108.88,24115.09,24115.1,bull,60,EMA9>EMA21,bull,80,put writing|call unwinding,1.14,13644556,15552407,15290730,bull,99,Long Buildup,bull,BUY CALL,99,up,,BULLISH,up,clear,5,7,13.47,24129.6,0.06,24050
2026-09-27,19:28:23,2026-09-28T10:57:00,24115.09,24143.32,24114.0,24140.77,24140.8,bull,60,EMA9>EMA21,bull,80,put writing|call unwinding,1.142,13633183,15568717,15344427,bull,99,Long Buildup,bull,BUY CALL,99,up,,BULLISH,up,clear,5,7,13.34,24155.3,0.06,24100
2026-09-27,19:28:24,2026-09-28T11:00:00,24140.77,24161.16,24140.59,24159.45,24159.5,bull,60,EMA9>EMA21,bull,80,put writing|call unwinding,1.144,13626857,15595586,15388211,bull,97,Long Buildup,bull,BUY CALL,99,up,,BULLISH,up,clear,5,7,13.32,24173.9,0.06,24100
2026-09-27,19:28:25,2026-09-28T11:03:00,24159.45,24166.87,24158.59,24163.38,24163.4,bull,60,EMA9>EMA21,bull,80,put writing|call unwinding,1.149,13607789,15632228,15443840,bull,99,Long Buildup,bull,BUY CALL,99,up,,BULLISH,up,clear,5,7,13.32,24177.9,0.06,24100
2026-09-27,19:28:26,2026-09-28T11:06:00,24163.38,24176.96,24163.03,24176.3,24176.3,bull,60,EMA9>EMA21,bull,80,put writing|call unwinding,1.152,13599807,15664761,15474722,bull,94,Long Buildup,bull,BUY CALL,99,up,,BULLISH,up,clear,5,7,13.27,24190.8,0.06,24150
2026-09-27,19:28:28,2026-09-28T11:09:00,24176.3,24183.41,24175.43,24182.23,24182.2,bull,60,EMA9>EMA21,bull,80,put writing|call unwinding,1.154,13583146,15681180,15516456,bull,97,Long Buildup,bull,BUY CALL,99,up,,BULLISH,up,clear,5,7,13.4,24196.7,0.06,24150
2026-09-27,19:28:29,2026-09-28T11:12:00,24182.23,24197.74,24181.36,24196.07,24196.1,bull,60,EMA9>EMA21,bull,80,put writing|call unwinding,1.158,13571067,15713128,15490985,bull,37,Short Covering,bull,BUY CALL,99,up,,MILD BULLISH,up,mild,4,7,13.42,24186.4,-0.04,24150
2026-09-27,19:28:30,2026-09-28T11:15:00,24196.07,24211.27,24195.98,24210.43,24210.4,bull,60,EMA9>EMA21,bull,80,put writing|call unwinding,1.162,13560721,15752460,15476889,bull,35,Short Covering,bull,BUY CALL,99,up,,MILD BULLISH,up,mild,4,7,13.37,24200.7,-0.04,24150
2026-09-27,19:28:31,2026-09-28T11:18:00,24210.43,24217.18,24210.22,24216.48,24216.5,bull,60,EMA9>EMA21,bull,80,put writing|call unwinding,1.165,13555527,15788059,15442593,bull,38,Short Covering,bull,BUY CALL,99,up,,NEUTRAL / RANGE,neutral,mixed,0,7,13.27,24206.8,-0.04,24150
2026-09-27,19:28:33,2026-09-28T11:21:00,24216.48,24232.88,24215.63,24230.26,24230.3,bull,60,EMA9>EMA21,bull,80,put writing|call unwinding,1.167,13547262,15813485,15426791,bull,35,Short Covering,bull,BUY CALL,99,up,,MILD BULLISH,up,mild,3,7,13.29,24220.6,-0.04,24200
2026-09-27,19:28:34,2026-09-28T11:24:00,24230.26,24238.6,24228.92,24236.53,24236.5,bull,60,EMA9>EMA21,bull,80,put writing|call unwinding,1.171,13535381,15843643,15391125,bull,38,Short Covering,bull,BUY CALL,99,up,,MILD BULLISH,up,mild,4,7,13.32,24226.8,-0.04,24200
2026-09-27,19:28:35,2026-09-28T11:27:00,24236.53,24245.03,24236.42,24243.97,24244.0,bull,60,EMA9>EMA21,bull,80,put writing|call unwinding,1.175,13516878,15878246,15356165,bull,38,Short Covering,bull,BUY CALL,99,up,,MILD BULLISH,up,mild,4,7,13.2,24234.3,-0.04,24200
2026-09-27,19:28:36,2026-09-28T11:30:00,24243.97,24251.8,24243.67,24250.07,24250.1,bull,60,EMA9>EMA21,bull,80,put writing|call unwinding,1.178,13497182,15897395,15321186,bull,38,Short Covering,bull,BUY CALL,99,up,,MILD BULLISH,up,mild,4,7,13.27,24240.4,-0.04,24200
2026-09-27,19:28:38,2026-09-28T11:33:00,24250.07,24255.08,24248.34,24254.21,24254.2,bull,60,EMA9>EMA21,bull,80,put writing|call unwinding,1.18,13491140,15921274,15295567,bull,37,Short Covering,bull,BUY CALL,99,up,,MILD BULLISH,up,mild,4,7,13.21,24244.5,-0.04,24200
2026-09-27,19:28:39,2026-09-28T11:36:00,24254.21,24271.63,24252.61,24270.71,24270.7,bull,60,EMA9>EMA21,bear,-80,call writing|put unwinding,1.177,13509832,15904804,15283306,bull,34,Short Covering,bull,TRAP,49,up,BULL TRAP,MILD BULLISH,up,mild,4,7,13.22,24261.0,-0.04,24300
2026-09-27,19:28:40,2026-09-28T11:39:00,24270.71,24291.29,24268.32,24288.74,24288.7,bull,60,EMA9>EMA21,bear,-80,call writing|put unwinding,1.173,13537754,15884810,15264837,bull,36,Short Covering,bull,TRAP,25,up,BULL TRAP,BULLISH,up,clear,5,7,13.13,24279.0,-0.04,24350
2026-09-27,19:28:41,2026-09-28T11:42:00,24288.74,24294.62,24287.29,24294.33,24294.3,bull,60,EMA9>EMA21,bear,-80,call writing|put unwinding,1.17,13564879,15869459,15247504,bull,35,Short Covering,bull,TRAP,12,up,BULL TRAP,BULLISH,up,clear,5,7,13.0,24284.6,-0.04,24350
2026-09-27,19:28:42,2026-09-28T11:45:00,24294.33,24306.58,24293.77,24305.51,24305.5,bull,60,EMA9>EMA21,bear,-80,call writing|put unwinding,1.167,13593143,15862155,15223331,bull,37,Short Covering,bull,TRAP,6,up,BULL TRAP,MILD BULLISH,up,mild,4,7,13.08,24295.8,-0.04,24350
2026-09-27,19:28:44,2026-09-28T11:48:00,24305.51,24319.01,24304.64,24317.84,24317.8,bull,60,EMA9>EMA21,bear,-80,call writing|put unwinding,1.164,13609386,15843747,15211885,bull,34,Short Covering,bull,TRAP,3,up,BULL TRAP,MILD BULLISH,up,mild,4,7,13.15,24308.1,-0.04,24350
2026-09-27,19:28:45,2026-09-28T11:51:00,24317.84,24324.31,24317.3,24323.48,24323.5,bull,60,EMA9>EMA21,bear,-80,call writing|put unwinding,1.161,13634274,15828956,15176762,bull,38,Short Covering,bull,TRAP,2,up,BULL TRAP,MILD BULLISH,up,mild,4,7,13.26,24313.8,-0.04,24350
2026-09-27,19:28:46,2026-09-28T11:54:00,24323.48,24323.54,24304.1,24304.38,24304.4,bull,60,EMA9>EMA21,bear,-80,call writing|put unwinding,1.157,13674265,15820439,15158049,bull,36,Short Covering,neutral,TRAP,1,up,BULL TRAP,MILD BULLISH,up,mild,3,7,13.29,24294.7,-0.04,24350
2026-09-27,19:28:47,2026-09-28T11:57:00,24304.38,24304.61,24291.05,24291.11,24291.1,bull,60,EMA9>EMA21,bear,-80,call writing|put unwinding,1.154,13696633,15806563,15142516,bull,35,Short Covering,bear,TRAP,0,up,BULL TRAP,NEUTRAL / RANGE,neutral,mixed,0,7,13.17,24281.4,-0.04,24350
2026-09-27,19:28:49,2026-09-28T12:00:00,24291.11,24291.61,24267.6,24267.63,24267.6,bull,60,EMA9>EMA21,bear,-80,call writing|put unwinding,1.151,13721901,15792704,15125366,bull,35,Short Covering,bear,TRAP,0,up,BULL TRAP,MILD BEARISH,down,mild,3,7,13.24,24257.9,-0.04,24300
2026-09-27,19:28:50,2026-09-28T12:03:00,24267.63,24268.16,24243.85,24246.28,24246.3,bull,60,EMA9>EMA21,bear,-80,call writing|put unwinding,1.148,13743227,15783993,15097914,bull,37,Short Covering,bear,TRAP,0,up,BULL TRAP,NEUTRAL / RANGE,neutral,mixed,0,7,13.21,24236.6,-0.04,24300
2026-09-27,19:28:51,2026-09-28T12:06:00,24246.28,24247.57,24221.5,24221.81,24221.8,bull,40,EMA9>EMA21,bear,-80,call writing|put unwinding,1.146,13760460,15775030,15059572,bull,38,Short Covering,bear,TRAP,0,up,BULL TRAP,MILD BEARISH,down,mild,3,7,13.28,24212.1,-0.04,24250
2026-09-27,19:28:52,2026-09-28T12:09:00,24221.81,24222.27,24210.09,24211.58,24211.6,bull,40,EMA9>EMA21,bear,-80,call writing|put unwinding,1.143,13797681,15765458,15047423,bull,34,Short Covering,bear,TRAP,0,up,BULL TRAP,NEUTRAL / RANGE,neutral,mixed,0,7,13.36,24201.9,-0.04,24250
2026-09-27,19:28:53,2026-09-28T12:12:00,24211.58,24213.23,24191.31,24192.16,24192.2,bull,40,EMA9>EMA21,bear,-80,call writing|put unwinding,1.14,13822803,15752368,15011535,bull,38,Short Covering,bear,TRAP,0,up,BULL TRAP,NEUTRAL / RANGE,neutral,mixed,0,7,13.49,24182.5,-0.04,24250
2026-09-27,19:28:55,2026-09-28T12:15:00,24192.16,24192.59,24153.9,24156.25,24156.2,bull,20,EMA9>EMA21,bear,-80,call writing|put unwinding,1.136,13861159,15741086,14981650,bull,37,Short Covering,bear,WAIT,0,up,,MILD BEARISH,down,mild,3,7,13.49,24146.6,-0.04,24200
2026-09-27,19:28:56,2026-09-28T12:18:00,24156.25,24157.7,24136.91,24137.71,24137.7,bear,-60,EMA9<EMA21,bear,-80,call writing|put unwinding,1.132,13891607,15723473,14962042,bear,-36,Long Unwinding,bear,WAIT,50,down,,NEUTRAL / RANGE,neutral,mixed,0,7,13.45,24128.1,-0.04,24200
2026-09-27,19:28:57,2026-09-28T12:21:00,24137.71,24140.64,24119.46,24120.42,24120.4,bear,-60,EMA9<EMA21,bear,-80,call writing|put unwinding,1.128,13928506,15716851,14925730,bear,-38,Long Unwinding,bear,BUY PUT,74,down,,MILD BEARISH,down,mild,3,7,13.51,24110.8,-0.04,24150
2026-09-27,19:28:58,2026-09-28T12:24:00,24120.42,24120.51,24113.83,24114.65,24114.7,bear,-60,EMA9<EMA21,bear,-80,call writing|put unwinding,1.125,13960329,15706082,14886247,bear,-38,Long Unwinding,bear,BUY PUT,87,down,,MILD BEARISH,down,mild,3,7,13.5,24105.0,-0.04,24150
2026-09-27,19:29:00,2026-09-28T12:27:00,24114.65,24115.49,24096.16,24096.16,24096.2,bear,-60,EMA9<EMA21,bear,-80,call writing|put unwinding,1.122,13987697,15687553,14849373,bear,-38,Long Unwinding,bear,BUY PUT,93,down,,NEUTRAL / RANGE,neutral,mixed,0,7,13.53,24086.5,-0.04,24150
2026-09-27,19:29:01,2026-09-28T12:30:00,24096.16,24097.93,24083.36,24083.63,24083.6,bear,-60,EMA9<EMA21,bear,-80,call writing|put unwinding,1.117,14027568,15668850,14823580,bear,-37,Long Unwinding,bear,BUY PUT,96,down,,NEUTRAL / RANGE,neutral,mixed,0,7,13.55,24074.0,-0.04,24150
2026-09-27,19:29:02,2026-09-28T12:33:00,24083.63,24085.41,24071.89,24072.87,24072.9,bear,-60,EMA9<EMA21,bear,-80,call writing|put unwinding,1.113,14064004,15654607,14787904,bear,-38,Long Unwinding,bear,BUY PUT,97,down,,MILD BEARISH,down,mild,3,7,13.48,24063.2,-0.04,24100
2026-09-27,19:29:03,2026-09-28T12:36:00,24072.87,24073.36,24054.86,24056.28,24056.3,bear,-60,EMA9<EMA21,bear,-80,call writing|put unwinding,1.11,14096665,15649560,14754017,bear,-38,Long Unwinding,bear,BUY PUT,98,down,,MILD BEARISH,down,mild,4,7,13.65,24046.7,-0.04,24100
2026-09-27,19:29:05,2026-09-28T12:39:00,24056.28,24058.43,24046.88,24048.31,24048.3,bear,-60,EMA9<EMA21,bear,-80,call writing|put unwinding,1.108,14112309,15629627,14733054,bear,-36,Long Unwinding,bear,BUY PUT,99,down,,NEUTRAL / RANGE,neutral,mixed,0,7,13.74,24038.7,-0.04,24100
2026-09-27,19:29:06,2026-09-28T12:42:00,24048.31,24048.52,24019.53,24019.55,24019.5,bear,-60,EMA9<EMA21,bear,-80,call writing|put unwinding,1.104,14142702,15618953,14710748,bear,-36,Long Unwinding,bear,BUY PUT,99,down,,MILD BEARISH,down,mild,3,7,13.79,24009.9,-0.04,24050
2026-09-27,19:29:07,2026-09-28T12:45:00,24019.55,24021.83,24002.71,24004.92,24004.9,bear,-60,EMA9<EMA21,bear,-80,call writing|put unwinding,1.102,14168716,15607824,14678485,bear,-38,Long Unwinding,bear,BUY PUT,99,down,,MILD BEARISH,down,mild,3,7,13.82,23995.3,-0.04,24050
2026-09-27,19:29:08,2026-09-28T12:48:00,24004.92,24006.02,23997.14,23999.52,23999.5,bear,-60,EMA9<EMA21,bull,80,put writing|call unwinding,1.105,14148959,15631572,14716407,bear,-96,Short Buildup,bear,TRAP,49,down,BEAR TRAP,NEUTRAL / RANGE,neutral,mixed,0,7,13.87,24013.9,0.06,23950
2026-09-27,19:29:09,2026-09-28T12:51:00,23999.52,23999.65,23995.96,23997.2,23997.2,bear,-60,EMA9<EMA21,bull,80,put writing|call unwinding,1.108,14139939,15660326,14746577,bear,-94,Short Buildup,bear,TRAP,25,down,BEAR TRAP,MILD BULLISH,up,mild,3,7,13.89,24011.6,0.06,23950
2026-09-27,19:29:11,2026-09-28T12:54:00,23997.2,23997.91,23982.58,23983.25,23983.2,bear,-60,EMA9<EMA21,bull,80,put writing|call unwinding,1.111,14125577,15699226,14804539,bear,-100,Short Buildup,bear,TRAP,12,down,BEAR TRAP,MILD BULLISH,up,mild,3,7,13.9,23997.6,0.06,23950
2026-09-27,19:29:12,2026-09-28T12:57:00,23983.25,23983.53,23973.86,23975.37,23975.4,bear,-60,EMA9<EMA21,bull,80,put writing|call unwinding,1.113,14116685,15717547,14829160,bear,-92,Short Buildup,bear,TRAP,6,down,BEAR TRAP,MILD BULLISH,up,mild,3,7,13.86,23989.8,0.06,23950
2026-09-27,19:29:13,2026-09-28T13:00:00,23975.37,23975.74,23968.6,23969.63,23969.6,bear,-60,EMA9<EMA21,bull,80,put writing|call unwinding,1.115,14109043,15736894,14861347,bear,-94,Short Buildup,bear,TRAP,3,down,BEAR TRAP,MILD BULLISH,up,mild,4,7,13.88,23984.0,0.06,23900
2026-09-27,19:29:14,2026-09-28T13:03:00,23969.63,23977.77,23968.41,23975.67,23975.7,bear,-60,EMA9<EMA21,bull,80,put writing|call unwinding,1.118,14101310,15760311,14890877,bear,-94,Short Buildup,bear,TRAP,2,down,BEAR TRAP,MILD BULLISH,up,mild,3,7,13.81,23990.1,0.06,23950
2026-09-27,19:29:16,2026-09-28T13:06:00,23975.67,23981.4,23973.69,23980.28,23980.3,bear,-60,EMA9<EMA21,neutral,0,call unwinding|put unwinding,1.118,14098742,15760122,14896983,bear,-79,Short Buildup,bull,WAIT,1,down,,MILD BULLISH,up,mild,3,7,13.9,23980.3,0.0,24000
2026-09-27,19:29:17,2026-09-28T13:09:00,23980.28,23995.8,23980.14,23995.58,23995.6,bear,-60,EMA9<EMA21,bear,-80,call writing|put unwinding,1.117,14103946,15756798,14893905,bear,-29,Long Unwinding,bull,WAIT,36,down,,NEUTRAL / RANGE,neutral,mixed,0,7,13.91,23995.6,0.0,24000
2026-09-27,19:29:18,2026-09-28T13:12:00,23995.58,24005.08,23994.66,24003.99,24004.0,bear,-60,EMA9<EMA21,bear,-80,call writing|put unwinding,1.117,14106263,15756598,14897273,bear,-74,Short Buildup,bull,BUY PUT,53,down,,MILD BULLISH,up,mild,2,7,13.87,24004.0,0.0,24000
2026-09-27,19:29:19,2026-09-28T13:15:00,24003.99,24005.03,24000.05,24000.94,24000.9,bear,-60,EMA9<EMA21,neutral,0,call unwinding|put unwinding,1.117,14104276,15754507,14896576,bear,-24,Long Unwinding,bull,WAIT,27,down,,MILD BULLISH,up,mild,3,7,13.83,24000.9,0.0,24000
2026-09-27,19:29:20,2026-09-28T13:18:00,24000.94,24004.77,24000.88,24004.43,24004.4,bear,-60,EMA9<EMA21,neutral,0,put writing|call writing,1.117,14107366,15756717,14896411,bear,-19,Long Unwinding,bull,WAIT,13,down,,MILD BULLISH,up,mild,3,7,13.84,24004.4,0.0,24000
2026-09-27,19:29:22,2026-09-28T13:21:00,24004.43,24005.31,23999.69,23999.85,23999.8,bear,-60,EMA9<EMA21,neutral,0,call unwinding|put unwinding,1.117,14103072,15753738,14895056,bear,-26,Long Unwinding,bear,WAIT,42,down,,MILD BULLISH,up,mild,4,7,13.75,23999.9,0.0,24000
2026-09-27,19:29:23,2026-09-28T13:24:00,23999.85,24008.97,23998.39,24008.52,24008.5,bear,-60,EMA9<EMA21,neutral,0,put writing|call writing,1.117,14105803,15756452,14890583,bear,-31,Long Unwinding,bull,WAIT,21,down,,MILD BULLISH,up,mild,3,7,13.88,24008.5,0.0,24000
2026-09-27,19:29:24,2026-09-28T13:27:00,24008.52,24008.99,23994.75,23996.13,23996.1,bear,-60,EMA9<EMA21,neutral,0,put writing|call writing,1.117,14105868,15756489,14885543,bear,-31,Long Unwinding,bear,WAIT,46,down,,MILD BULLISH,up,mild,3,7,13.95,23996.1,0.0,24000
2026-09-27,19:29:25,2026-09-28T13:30:00,23996.13,24003.35,23994.87,24002.79,24002.8,bear,-60,EMA9<EMA21,bear,-80,call writing|put unwinding,1.117,14106700,15755879,14880849,bear,-31,Long Unwinding,neutral,BUY PUT,59,down,,MILD BULLISH,up,mild,3,7,13.97,24002.8,0.0,24000
2026-09-27,19:29:27,2026-09-28T13:33:00,24002.79,24003.79,23990.75,23991.28,23991.3,bear,-60,EMA9<EMA21,neutral,0,put writing|call writing,1.117,14108256,15760971,14878464,bear,-28,Long Unwinding,bear,BUY PUT,65,down,,MILD BULLISH,up,mild,2,7,14.01,23991.3,0.0,24000
2026-09-27,19:29:28,2026-09-28T13:36:00,23991.28,23993.17,23982.15,23982.34,23982.3,bear,-60,EMA9<EMA21,neutral,0,call unwinding|put unwinding,1.117,14103363,15755305,14880227,bear,-68,Short Buildup,bear,BUY PUT,68,down,,MILD BULLISH,up,mild,3,7,13.86,23982.3,0.0,24000
2026-09-27,19:29:29,2026-09-28T13:39:00,23982.34,23983.08,23977.4,23977.73,23977.7,bear,-60,EMA9<EMA21,bear,-80,call writing|put unwinding,1.117,14106922,15752168,14883654,bear,-74,Short Buildup,bear,BUY PUT,83,down,,MILD BULLISH,up,mild,3,7,13.82,23977.7,0.0,24000
2026-09-27,19:29:30,2026-09-28T13:42:00,23977.73,23979.93,23977.14,23979.61,23979.6,bear,-60,EMA9<EMA21,neutral,0,call unwinding|put unwinding,1.117,14102062,15751357,14878063,bear,-31,Long Unwinding,bear,BUY PUT,77,down,,NEUTRAL / RANGE,neutral,mixed,0,7,13.88,23979.6,0.0,24000
2026-09-27,19:29:32,2026-09-28T13:45:00,23979.61,23980.0,23969.64,23970.19,23970.2,bear,-60,EMA9<EMA21,bear,-80,call writing|put unwinding,1.117,14105956,15750056,14876759,bear,-26,Long Unwinding,bear,BUY PUT,88,down,,MILD BULLISH,up,mild,3,7,13.92,23970.2,0.0,23950
2026-09-27,19:29:33,2026-09-28T13:48:00,23970.19,23994.49,23969.4,23993.43,23993.4,bear,-60,EMA9<EMA21,bull,80,put writing|call unwinding,1.12,14097921,15783009,14921396,bear,-97,Short Buildup,bull,TRAP,44,down,BEAR TRAP,BULLISH,up,clear,5,7,13.93,24007.8,0.06,23950
2026-09-27,19:29:34,2026-09-28T13:51:00,23993.43,24012.1,23992.83,24010.29,24010.3,bear,-40,EMA9<EMA21,bull,80,put writing|call unwinding,1.122,14081437,15804071,14971594,bear,-98,Short Buildup,bull,TRAP,22,down,BEAR TRAP,BULLISH,up,clear,5,7,13.98,24024.7,0.06,23950
2026-09-27,19:29:35,2026-09-28T13:54:00,24010.29,24029.05,24009.47,24028.76,24028.8,bear,-40,EMA9<EMA21,bull,80,put writing|call unwinding,1.126,14070542,15839713,15023817,bear,-99,Short Buildup,bull,TRAP,11,down,BEAR TRAP,BULLISH,up,clear,5,7,14.04,24043.2,0.06,24000
2026-09-27,19:29:36,2026-09-28T13:57:00,24028.76,24051.22,24028.22,24050.72,24050.7,bear,-20,EMA9<EMA21,bull,80,put writing|call unwinding,1.128,14054096,15855692,15072353,bear,-98,Short Buildup,bull,WAIT,6,down,,BULLISH,up,clear,5,7,13.96,24065.1,0.06,24000
2026-09-27,19:29:38,2026-09-28T14:00:00,24050.72,24082.25,24047.71,24081.32,24081.3,bull,60,EMA9>EMA21,bull,80,put writing|call unwinding,1.13,14047477,15877284,15101377,bull,93,Long Buildup,bull,WAIT,52,up,,BULLISH,up,clear,5,7,13.92,24095.8,0.06,24050
2026-09-27,19:29:39,2026-09-28T14:03:00,24081.32,24105.79,24081.19,24104.3,24104.3,bull,60,EMA9>EMA21,bull,80,put writing|call unwinding,1.134,14028477,15911021,15149706,bull,98,Long Buildup,bull,BUY CALL,76,up,,BULLISH,up,clear,5,7,13.93,24118.8,0.06,24050
2026-09-27,19:29:40,2026-09-28T14:06:00,24104.3,24140.91,24103.41,24140.08,24140.1,bull,60,EMA9>EMA21,bull,80,put writing|call unwinding,1.137,14019902,15940823,15207317,bull,100,Long Buildup,bull,BUY CALL,87,up,,MILD BULLISH,up,mild,4,7,13.95,24154.6,0.06,24100
2026-09-27,19:29:41,2026-09-28T14:09:00,24140.08,24163.55,24138.78,24161.71,24161.7,bull,60,EMA9>EMA21,bull,80,put writing|call unwinding,1.14,14002258,15956900,15242756,bull,95,Long Buildup,bull,BUY CALL,93,up,,BULLISH,up,clear,5,7,13.85,24176.2,0.06,24100
2026-09-27,19:29:43,2026-09-28T14:12:00,24161.71,24164.43,24161.58,24163.8,24163.8,bull,60,EMA9>EMA21,bull,80,put writing|call unwinding,1.143,13988800,15990812,15279261,bull,96,Long Buildup,bull,BUY CALL,96,up,,BULLISH,up,clear,5,7,13.83,24178.3,0.06,24100
2026-09-27,19:29:44,2026-09-28T14:15:00,24163.8,24170.26,24163.18,24168.59,24168.6,bull,60,EMA9>EMA21,bull,80,put writing|call unwinding,1.146,13977221,16013792,15327290,bull,98,Long Buildup,bull,BUY CALL,98,up,,BULLISH,up,clear,5,7,13.89,24183.1,0.06,24100
2026-09-27,19:29:45,2026-09-28T14:18:00,24168.59,24199.1,24168.16,24197.58,24197.6,bull,60,EMA9>EMA21,bull,80,put writing|call unwinding,1.148,13964117,16034727,15355265,bull,93,Long Buildup,bull,BUY CALL,98,up,,BULLISH,up,clear,5,7,13.86,24212.1,0.06,24150
2026-09-27,19:29:46,2026-09-28T14:21:00,24197.58,24214.24,24197.13,24213.88,24213.9,bull,60,EMA9>EMA21,bull,80,put writing|call unwinding,1.152,13945553,16061753,15393817,bull,96,Long Buildup,bull,BUY CALL,99,up,,BULLISH,up,clear,5,7,13.78,24228.4,0.06,24150
2026-09-27,19:29:47,2026-09-28T14:24:00,24213.88,24220.84,24213.63,24218.99,24219.0,bull,60,EMA9>EMA21,bull,80,put writing|call unwinding,1.155,13930760,16083849,15448265,bull,99,Long Buildup,bull,BUY CALL,99,up,,MILD BULLISH,up,mild,4,7,13.8,24233.5,0.06,24150
2026-09-27,19:29:49,2026-09-28T14:27:00,24218.99,24232.36,24217.12,24231.22,24231.2,bull,60,EMA9>EMA21,bull,80,put writing|call unwinding,1.159,13912790,16121395,15495958,bull,98,Long Buildup,bull,BUY CALL,99,up,,BULLISH,up,clear,5,7,13.74,24245.8,0.06,24200
2026-09-27,19:29:50,2026-09-28T14:30:00,24231.22,24248.22,24231.04,24247.6,24247.6,bull,60,EMA9>EMA21,bull,80,put writing|call unwinding,1.161,13902707,16136552,15538349,bull,97,Long Buildup,bull,BUY CALL,99,up,,BULLISH,up,clear,5,7,13.72,24262.1,0.06,24200
2026-09-27,19:29:51,2026-09-28T14:33:00,24247.6,24266.73,24246.59,24265.11,24265.1,bull,60,EMA9>EMA21,bull,80,put writing|call unwinding,1.164,13894278,16168898,15560972,bull,91,Long Buildup,bull,BUY CALL,99,up,,BULLISH,up,clear,5,7,13.7,24279.7,0.06,24200
2026-09-27,19:29:52,2026-09-28T14:36:00,24265.11,24279.66,24264.72,24279.65,24279.7,bull,60,EMA9>EMA21,bull,80,put writing|call unwinding,1.167,13875448,16191745,15584195,bull,91,Long Buildup,bull,BUY CALL,99,up,,BULLISH,up,clear,5,7,13.63,24294.2,0.06,24250
2026-09-27,19:29:54,2026-09-28T14:39:00,24279.65,24282.39,24279.61,24281.57,24281.6,bull,60,EMA9>EMA21,bull,80,put writing|call unwinding,1.169,13866156,16207364,15613636,bull,94,Long Buildup,bull,BUY CALL,99,up,,MILD BULLISH,up,mild,4,7,13.59,24296.1,0.06,24250
2026-09-27,19:29:55,2026-09-28T14:42:00,24281.57,24289.42,24280.93,24288.81,24288.8,bull,60,EMA9>EMA21,bull,80,put writing|call unwinding,1.172,13851359,16231620,15600680,bull,34,Short Covering,bull,BUY CALL,99,up,,MILD BULLISH,up,mild,4,7,13.52,24279.1,-0.04,24250
2026-09-27,19:29:56,2026-09-28T14:45:00,24288.81,24291.62,24287.86,24290.61,24290.6,bull,60,EMA9>EMA21,bull,80,put writing|call unwinding,1.175,13839549,16265268,15575440,bull,37,Short Covering,bull,BUY CALL,99,up,,MILD BULLISH,up,mild,3,7,13.42,24280.9,-0.04,24250
2026-09-27,19:29:57,2026-09-28T14:48:00,24290.61,24310.49,24290.19,24309.32,24309.3,bull,60,EMA9>EMA21,bull,80,put writing|call unwinding,1.178,13831599,16297814,15535816,bull,38,Short Covering,bull,BUY CALL,99,up,,MILD BULLISH,up,mild,4,7,13.34,24299.6,-0.04,24250
2026-09-27,19:29:59,2026-09-28T14:51:00,24309.32,24327.11,24308.36,24326.65,24326.7,bull,60,EMA9>EMA21,bull,80,put writing|call unwinding,1.181,13817423,16320604,15521963,bull,35,Short Covering,bull,BUY CALL,99,up,,MILD BULLISH,up,mild,4,7,13.21,24316.9,-0.04,24300
2026-09-27,19:30:00,2026-09-28T14:54:00,24326.65,24336.31,24324.88,24335.56,24335.6,bull,60,EMA9>EMA21,bull,80,put writing|call unwinding,1.184,13800025,16336001,15499583,bull,36,Short Covering,bull,BUY CALL,99,up,,MILD BULLISH,up,mild,3,7,13.14,24325.8,-0.04,24300
2026-09-27,19:30:01,2026-09-28T14:57:00,24335.56,24354.59,24333.7,24353.7,24353.7,bull,60,EMA9>EMA21,bull,80,put writing|call unwinding,1.187,13789900,16372780,15483694,bull,35,Short Covering,bull,BUY CALL,99,up,,MILD BULLISH,up,mild,4,7,13.03,24344.0,-0.04,24300
2026-09-27,19:30:02,2026-09-28T15:00:00,24353.7,24354.79,24353.56,24353.77,24353.8,bull,60,EMA9>EMA21,bull,80,put writing|call unwinding,1.19,13783311,16396825,15469379,bull,35,Short Covering,bull,BUY CALL,99,up,,MILD BULLISH,up,mild,4,7,13.01,24344.0,-0.04,24300
2026-09-27,19:30:03,2026-09-28T15:03:00,24353.77,24355.99,24353.02,24354.77,24354.8,bull,60,EMA9>EMA21,bull,80,put writing|call unwinding,1.192,13774651,16417122,15457240,bull,34,Short Covering,bull,BUY CALL,99,up,,MILD BULLISH,up,mild,4,7,13.02,24345.0,-0.04,24300
2026-09-27,19:30:05,2026-09-28T15:06:00,24354.77,24356.01,24354.36,24355.53,24355.5,bull,60,EMA9>EMA21,bear,-80,call writing|put unwinding,1.189,13793290,16397333,15419456,bull,38,Short Covering,bull,TRAP,49,up,BULL TRAP,MILD BULLISH,up,mild,3,7,13.09,24345.8,-0.04,24400
2026-09-27,19:30:06,2026-09-28T15:09:00,24355.53,24358.16,24354.74,24356.88,24356.9,bull,60,EMA9>EMA21,bear,-80,call writing|put unwinding,1.185,13822882,16381971,15402140,bull,35,Short Covering,bull,TRAP,25,up,BULL TRAP,MILD BULLISH,up,mild,4,7,13.07,24347.1,-0.04,24400
2026-09-27,19:30:07,2026-09-28T15:12:00,24356.88,24359.41,24356.49,24357.23,24357.2,bull,60,EMA9>EMA21,bear,-80,call writing|put unwinding,1.182,13856161,16373687,15384804,bull,35,Short Covering,bull,TRAP,12,up,BULL TRAP,MILD BULLISH,up,mild,4,7,13.1,24347.5,-0.04,24400
2026-09-27,19:30:08,2026-09-28T15:15:00,24357.23,24369.13,24356.96,24368.39,24368.4,bull,60,EMA9>EMA21,bear,-80,call writing|put unwinding,1.178,13878677,16353860,15361428,bull,37,Short Covering,bull,TRAP,6,up,BULL TRAP,MILD BULLISH,up,mild,2,7,13.03,24358.6,-0.04,24400
2026-09-27,19:30:10,2026-09-28T15:18:00,24368.39,24370.47,24367.14,24369.02,24369.0,bull,60,EMA9>EMA21,bear,-80,call writing|put unwinding,1.175,13908709,16344720,15338202,bull,37,Short Covering,bull,TRAP,3,up,BULL TRAP,MILD BULLISH,up,mild,3,7,13.0,24359.3,-0.04,24400
2026-09-27,19:30:11,2026-09-28T15:21:00,24369.02,24371.63,24368.5,24370.41,24370.4,bull,60,EMA9>EMA21,bear,-80,call writing|put unwinding,1.171,13943029,16332675,15301439,bull,38,Short Covering,bull,TRAP,2,up,BULL TRAP,MILD BULLISH,up,mild,4,7,12.97,24360.7,-0.04,24400
2026-09-27,19:30:12,2026-09-28T15:24:00,24370.41,24371.6,24355.68,24355.77,24355.8,bull,60,EMA9>EMA21,bear,-80,call writing|put unwinding,1.168,13974351,16317971,15263350,bull,38,Short Covering,bear,TRAP,1,up,BULL TRAP,MILD BEARISH,down,mild,3,7,13.05,24346.0,-0.04,24400
2026-09-27,19:30:13,2026-09-28T15:27:00,24355.77,24356.46,24337.99,24338.05,24338.0,bull,60,EMA9>EMA21,bear,-80,call writing|put unwinding,1.164,14009532,16307195,15245865,bull,36,Short Covering,bear,TRAP,0,up,BULL TRAP,NEUTRAL / RANGE,neutral,mixed,0,7,13.08,24328.3,-0.04,24400
2026-09-27,19:30:14,2026-09-28T15:30:00,24338.05,24338.46,24310.23,24310.51,24310.5,bull,60,EMA9>EMA21,bear,-80,call writing|put unwinding,1.16,14045746,16287777,15234282,bull,34,Short Covering,bear,TRAP,0,up,BULL TRAP,MILD BEARISH,down,mild,3,7,13.17,24300.8,-0.04,24350
2026-09-27,19:30:16,2026-09-28T15:33:00,24310.51,24311.78,24288.45,24289.3,24289.3,bull,40,EMA9>EMA21,bear,-80,call writing|put unwinding,1.157,14071099,16274928,15217473,bull,35,Short Covering,bear,TRAP,0,up,BULL TRAP,NEUTRAL / RANGE,neutral,mixed,0,7,13.19,24279.6,-0.04,24350
2026-09-27,19:30:17,2026-09-28T15:36:00,24289.3,24289.64,24262.51,24264.39,24264.4,bull,20,EMA9>EMA21,bear,-80,call writing|put unwinding,1.153,14109180,16264138,15185574,bull,38,Short Covering,bear,WAIT,0,up,,MILD BEARISH,down,mild,3,7,13.16,24254.7,-0.04,24300
2026-09-27,19:30:18,2026-09-28T15:39:00,24264.39,24265.68,24254.16,24255.15,24255.2,bull,20,EMA9>EMA21,bear,-80,call writing|put unwinding,1.15,14128724,16252682,15148273,bull,38,Short Covering,bear,WAIT,0,up,,MILD BEARISH,down,mild,3,7,13.26,24245.5,-0.04,24300
2026-09-27,19:30:19,2026-09-28T15:42:00,24255.15,24255.53,24222.21,24223.15,24223.2,bear,-60,EMA9<EMA21,bear,-80,call writing|put unwinding,1.148,14152824,16247119,15115759,bear,-38,Long Unwinding,bear,WAIT,50,down,,MILD BEARISH,down,mild,3,7,13.25,24213.5,-0.04,24250
2026-09-27,19:30:21,2026-09-28T15:45:00,24223.15,24224.54,24215.52,24215.64,24215.6,bear,-60,EMA9<EMA21,bear,-80,call writing|put unwinding,1.145,14180692,16241672,15102551,bear,-35,Long Unwinding,bear,BUY PUT,74,down,,MILD BEARISH,down,mild,3,7,13.18,24206.0,-0.04,24250
2026-09-27,19:30:22,2026-09-28T15:48:00,24215.64,24218.35,24184.03,24185.45,24185.5,bear,-60,EMA9<EMA21,bear,-80,call writing|put unwinding,1.142,14210513,16234484,15075627,bear,-37,Long Unwinding,bear,BUY PUT,87,down,,NEUTRAL / RANGE,neutral,mixed,0,7,13.22,24175.8,-0.04,24250
2026-09-27,19:30:23,2026-09-28T15:51:00,24185.45,24185.71,24168.3,24168.58,24168.6,bear,-60,EMA9<EMA21,bear,-80,call writing|put unwinding,1.139,14243481,16225341,15060298,bear,-35,Long Unwinding,bear,BUY PUT,93,down,,NEUTRAL / RANGE,neutral,mixed,0,7,13.19,24158.9,-0.04,24200
2026-09-27,19:30:24,2026-09-28T15:54:00,24168.58,24169.93,24157.16,24157.72,24157.7,bear,-60,EMA9<EMA21,bear,-80,call writing|put unwinding,1.136,14271944,16206291,15033898,bear,-37,Long Unwinding,bear,BUY PUT,96,down,,MILD BEARISH,down,mild,3,7,13.25,24148.1,-0.04,24200
2026-09-27,19:30:25,2026-09-28T15:57:00,24157.72,24160.38,24146.62,24147.51,24147.5,bear,-60,EMA9<EMA21,bear,-80,call writing|put unwinding,1.132,14303316,16195414,15016801,bear,-35,Long Unwinding,bear,BUY PUT,97,down,,NEUTRAL / RANGE,neutral,mixed,0,7,13.18,24137.8,-0.04,24200
2026-09-27,19:30:27,2026-09-28T16:00:00,24147.51,24149.16,24138.68,24140.0,24140.0,bear,-60,EMA9<EMA21,bear,-80,call writing|put unwinding,1.128,14343289,16184591,14999373,bear,-36,Long Unwinding,bear,BUY PUT,98,down,,NEUTRAL / RANGE,neutral,mixed,0,7,13.13,24130.3,-0.04,24200
2026-09-27,19:30:28,2026-09-28T16:03:00,24140.0,24140.18,24131.37,24131.41,24131.4,bear,-60,EMA9<EMA21,bear,-80,call writing|put unwinding,1.126,14360486,16168473,14971871,bear,-37,Long Unwinding,bear,BUY PUT,99,down,,NEUTRAL / RANGE,neutral,mixed,0,7,13.06,24121.8,-0.04,24200
2026-09-27,19:30:29,2026-09-28T16:06:00,24131.41,24131.43,24104.78,24105.74,24105.7,bear,-60,EMA9<EMA21,bear,-80,call writing|put unwinding,1.122,14398261,16156959,14955367,bear,-35,Long Unwinding,bear,BUY PUT,99,down,,MILD BEARISH,down,mild,3,7,13.05,24096.1,-0.04,24150
2026-09-27,19:30:31,2026-09-28T16:09:00,24105.74,24106.37,24091.92,24092.93,24092.9,bear,-60,EMA9<EMA21,bear,-80,call writing|put unwinding,1.119,14428795,16151796,14930950,bear,-37,Long Unwinding,bear,BUY PUT,99,down,,NEUTRAL / RANGE,neutral,mixed,0,7,13.05,24083.3,-0.04,24150
2026-09-27,19:30:32,2026-09-28T16:12:00,24092.93,24094.1,24073.95,24075.74,24075.7,bear,-60,EMA9<EMA21,bear,-80,call writing|put unwinding,1.116,14459036,16138992,14919597,bear,-34,Long Unwinding,bear,BUY PUT,99,down,,NEUTRAL / RANGE,neutral,mixed,0,7,13.05,24066.1,-0.04,24150
2026-09-27,19:30:33,2026-09-28T16:15:00,24075.74,24075.85,24056.32,24056.66,24056.7,bear,-60,EMA9<EMA21,bear,-80,call writing|put unwinding,1.113,14483253,16119289,14894776,bear,-37,Long Unwinding,bear,BUY PUT,99,down,,MILD BEARISH,down,mild,3,7,13.05,24047.0,-0.04,24100
2026-09-27,19:30:34,2026-09-28T16:18:00,24056.66,24057.89,24049.26,24049.61,24049.6,bear,-60,EMA9<EMA21,bull,80,put writing|call unwinding,1.115,14471644,16137843,14947173,bear,-99,Short Buildup,bear,TRAP,49,down,BEAR TRAP,NEUTRAL / RANGE,neutral,mixed,0,7,12.98,24064.0,0.06,24000
2026-09-27,19:30:36,2026-09-28T16:21:00,24049.61,24050.55,24032.36,24033.22,24033.2,bear,-60,EMA9<EMA21,bull,80,put writing|call unwinding,1.118,14461202,16166391,14974940,bear,-93,Short Buildup,bear,TRAP,25,down,BEAR TRAP,MILD BULLISH,up,mild,3,7,13.0,24047.6,0.06,24000
2026-09-27,19:30:37,2026-09-28T16:24:00,24033.22,24036.61,24030.85,24031.33,24031.3,bear,-60,EMA9<EMA21,bull,80,put writing|call unwinding,1.121,14443586,16198063,15014702,bear,-96,Short Buildup,bear,TRAP,12,down,BEAR TRAP,MILD BULLISH,up,mild,3,7,13.08,24045.7,0.06,24000
2026-09-27,19:30:38,2026-09-28T16:27:00,24031.33,24032.75,24030.27,24032.17,24032.2,bear,-60,EMA9<EMA21,bull,80,put writing|call unwinding,1.124,14436209,16220253,15060895,bear,-98,Short Buildup,bear,TRAP,6,down,BEAR TRAP,MILD BULLISH,up,mild,4,7,13.11,24046.6,0.06,24000
2026-09-27,19:30:39,2026-09-28T16:30:00,24032.17,24032.68,24024.96,24025.05,24025.0,bear,-60,EMA9<EMA21,bull,80,put writing|call unwinding,1.127,14426175,16252603,15082177,bear,-91,Short Buildup,bear,TRAP,3,down,BEAR TRAP,MILD BULLISH,up,mild,3,7,13.15,24039.5,0.06,24000
2026-09-27,19:30:41,2026-09-28T16:33:00,24025.05,24027.84,24022.96,24025.48,24025.5,bear,-60,EMA9<EMA21,bull,80,put writing|call unwinding,1.129,14408744,16270354,15113701,bear,-94,Short Buildup,bear,TRAP,2,down,BEAR TRAP,MILD BULLISH,up,mild,4,7,12.99,24039.9,0.06,24000
2026-09-27,19:30:42,2026-09-28T16:36:00,24025.48,24028.5,24023.76,24028.04,24028.0,bear,-60,EMA9<EMA21,bull,80,put writing|call unwinding,1.129,14408532,16270588,15121417,bear,-81,Short Buildup,bear,TRAP,1,down,BEAR TRAP,MILD BULLISH,up,mild,2,7,12.98,24028.0,0.0,24050
2026-09-27,19:30:43,2026-09-28T16:39:00,24028.04,24028.93,24018.76,24021.1,24021.1,bear,-60,EMA9<EMA21,bear,-80,call writing|put unwinding,1.129,14414216,16267798,15120546,bear,-25,Long Unwinding,bear,WAIT,50,down,,MILD BULLISH,up,mild,3,7,13.02,24021.1,0.0,24000
2026-09-27,19:30:44,2026-09-28T16:42:00,24021.1,24031.28,24020.19,24029.68,24029.7,bear,-60,EMA9<EMA21,bull,80,put writing|call unwinding,1.129,14413816,16269596,15128064,bear,-81,Short Buildup,bull,TRAP,25,down,BEAR TRAP,MILD BULLISH,up,mild,2,7,12.93,24029.7,0.0,24050
2026-09-27,19:30:45,2026-09-28T16:45:00,24029.68,24034.83,24027.72,24033.63,24033.6,bear,-60,EMA9<EMA21,bull,80,put writing|call unwinding,1.129,14412691,16275560,15122693,bear,-31,Long Unwinding,bull,TRAP,12,down,BEAR TRAP,MILD BULLISH,up,mild,3,7,12.96,24033.6,0.0,24050
2026-09-27,19:30:47,2026-09-28T16:48:00,24033.63,24039.98,24032.57,24038.24,24038.2,bear,-60,EMA9<EMA21,neutral,0,call unwinding|put unwinding,1.129,14409033,16273920,15118334,bear,-30,Long Unwinding,bull,WAIT,6,down,,NEUTRAL / RANGE,neutral,mixed,0,7,12.94,24038.2,0.0,24050
2026-09-27,19:30:48,2026-09-28T16:51:00,24038.24,24039.52,24025.53,24026.22,24026.2,bear,-60,EMA9<EMA21,neutral,0,put writing|call writing,1.129,14413050,16279355,15113218,bear,-31,Long Unwinding,bear,WAIT,39,down,,MILD BULLISH,up,mild,4,7,12.97,24026.2,0.0,24050
2026-09-27,19:30:49,2026-09-28T16:54:00,24026.22,24028.03,24017.61,24020.02,24020.0,bear,-60,EMA9<EMA21,neutral,0,put writing|call writing,1.13,14416057,16284272,15109110,bear,-30,Long Unwinding,bear,BUY PUT,55,down,,MILD BULLISH,up,mild,4,7,12.93,24020.0,0.0,24000
2026-09-27,19:30:50,2026-09-28T16:57:00,24020.02,24021.81,24018.74,24021.31,24021.3,bear,-60,EMA9<EMA21,bear,-80,call writing|put unwinding,1.129,14421162,16281498,15116297,bear,-81,Short Buildup,bear,BUY PUT,77,down,,MILD BULLISH,up,mild,3,7,12.9,24021.3,0.0,24000
2026-09-27,19:30:52,2026-09-28T17:00:00,24021.31,24041.77,24021.16,24041.69,24041.7,bear,-60,EMA9<EMA21,neutral,0,call unwinding|put unwinding,1.129,14417975,16277735,15117263,bear,-62,Short Buildup,bull,WAIT,38,down,,MILD BULLISH,up,mild,4,7,12.9,24041.7,0.0,24050
2026-09-27,19:30:53,2026-09-28T17:03:00,24041.69,24042.84,24029.87,24031.48,24031.5,bear,-60,EMA9<EMA21,bull,80,put writing|call unwinding,1.13,14412575,16281883,15123427,bear,-79,Short Buildup,bull,TRAP,19,down,BEAR TRAP,MILD BULLISH,up,mild,3,7,12.92,24031.5,0.0,24050
2026-09-27,19:30:54,2026-09-28T17:06:00,24031.48,24046.94,24030.56,24046.22,24046.2,bear,-60,EMA9<EMA21,neutral,0,put writing|call writing,1.13,14418500,16286961,15123644,bear,-49,Short Buildup,bull,WAIT,10,down,,NEUTRAL / RANGE,neutral,mixed,0,7,13.02,24046.2,0.0,24050
2026-09-27,19:30:55,2026-09-28T17:09:00,24046.22,24046.48,24046.01,24046.09,24046.1,bear,-60,EMA9<EMA21,bear,-80,call writing|put unwinding,1.129,14423829,16282989,15116456,bear,-32,Long Unwinding,bull,WAIT,40,down,,MILD BULLISH,up,mild,2,7,13.02,24046.1,0.0,24050
2026-09-27,19:30:56,2026-09-28T17:12:00,24046.09,24047.21,24037.34,24038.11,24038.1,bear,-60,EMA9<EMA21,neutral,0,call unwinding|put unwinding,1.129,14419888,16279400,15119661,bear,-73,Short Buildup,bull,WAIT,20,down,,MILD BULLISH,up,mild,3,7,13.03,24038.1,0.0,24050
2026-09-27,19:30:58,2026-09-28T17:15:00,24038.11,24038.28,24036.22,24037.59,24037.6,bear,-60,EMA9<EMA21,bear,-80,call writing|put unwinding,1.128,14425404,16275041,15112044,bear,-33,Long Unwinding,bear,WAIT,60,down,,MILD BULLISH,up,mild,4,7,12.95,24037.6,0.0,24050
2026-09-27,19:30:59,2026-09-28T17:18:00,24037.59,24061.54,24035.98,24060.71,24060.7,bear,-40,EMA9<EMA21,bull,80,put writing|call unwinding,1.132,14411317,16307812,15168368,bear,-99,Short Buildup,bull,TRAP,30,down,BEAR TRAP,BULLISH,up,clear,5,7,12.84,24075.2,0.06,24000
2026-09-27,19:31:00,2026-09-28T17:21:00,24060.71,24073.27,24059.64,24073.07,24073.1,bear,-40,EMA9<EMA21,bull,80,put writing|call unwinding,1.135,14392247,16335530,15217530,bear,-98,Short Buildup,bull,TRAP,15,down,BEAR TRAP,MILD BULLISH,up,mild,4,7,12.79,24087.5,0.06,24000
2026-09-27,19:31:01,2026-09-28T17:24:00,24073.07,24092.56,24070.01,24091.94,24091.9,bear,-20,EMA9<EMA21,bull,80,put writing|call unwinding,1.138,14373067,16351772,15254582,bear,-96,Short Buildup,bull,WAIT,7,down,,BULLISH,up,clear,5,7,12.7,24106.4,0.06,24050
2026-09-27,19:31:03,2026-09-28T17:27:00,24091.94,24110.5,24091.01,24109.92,24109.9,bull,60,EMA9>EMA21,bull,80,put writing|call unwinding,1.141,14364509,16388119,15299719,bull,97,Long Buildup,bull,WAIT,53,up,,BULLISH,up,clear,5,7,12.67,24124.4,0.06,24050
2026-09-27,19:31:04,2026-09-28T17:30:00,24109.92,24126.44,24109.72,24126.1,24126.1,bull,60,EMA9>EMA21,bull,80,put writing|call unwinding,1.144,14346963,16412482,15339289,bull,96,Long Buildup,bull,BUY CALL,76,up,,MILD BULLISH,up,mild,4,7,12.65,24140.6,0.06,24100
2026-09-27,19:31:05,2026-09-28T17:33:00,24126.1,24145.09,24125.94,24144.02,24144.0,bull,60,EMA9>EMA21,bull,80,put writing|call unwinding,1.147,14340793,16442772,15376947,bull,96,Long Buildup,bull,BUY CALL,88,up,,BULLISH,up,clear,5,7,12.62,24158.5,0.06,24100
2026-09-27,19:31:06,2026-09-28T17:36:00,24144.02,24151.67,24142.83,24151.45,24151.5,bull,60,EMA9>EMA21,bull,80,put writing|call unwinding,1.149,14324470,16465739,15401545,bull,92,Long Buildup,bull,BUY CALL,93,up,,BULLISH,up,clear,5,7,12.61,24165.9,0.06,24100
2026-09-27,19:31:08,2026-09-28T17:39:00,24151.45,24180.48,24150.4,24178.15,24178.2,bull,60,EMA9>EMA21,bull,80,put writing|call unwinding,1.152,14317916,16494633,15441492,bull,96,Long Buildup,bull,BUY CALL,96,up,,BULLISH,up,clear,5,7,12.71,24192.7,0.06,24150
2026-09-27,19:31:09,2026-09-28T17:42:00,24178.15,24202.33,24175.56,24200.86,24200.9,bull,60,EMA9>EMA21,bull,80,put writing|call unwinding,1.154,14309266,16512380,15499496,bull,100,Long Buildup,bull,BUY CALL,98,up,,BULLISH,up,clear,5,7,12.68,24215.4,0.06,24150
2026-09-27,19:31:10,2026-09-28T17:45:00,24200.86,24233.28,24198.9,24231.34,24231.3,bull,60,EMA9>EMA21,bull,80,put writing|call unwinding,1.157,14300614,16552223,15534313,bull,95,Long Buildup,bull,BUY CALL,98,up,,BULLISH,up,clear,5,7,12.62,24245.9,0.06,24200
2026-09-27,19:31:11,2026-09-28T17:48:00,24231.34,24245.0,24231.02,24244.98,24245.0,bull,60,EMA9>EMA21,bull,80,put writing|call unwinding,1.16,14287397,16567760,15580011,bull,98,Long Buildup,bull,BUY CALL,99,up,,STRONG BULLISH,up,strong,6,7,12.4,24259.5,0.06,24200
2026-09-27,19:31:12,2026-09-28T17:51:00,24244.98,24261.7,24243.85,24261.08,24261.1,bull,60,EMA9>EMA21,bull,80,put writing|call unwinding,1.163,14270149,16593055,15600401,bull,90,Long Buildup,bull,BUY CALL,99,up,,BULLISH,up,clear,5,7,12.4,24275.6,0.06,24200
2026-09-27,19:31:14,2026-09-28T17:54:00,24261.08,24283.21,24260.15,24280.88,24280.9,bull,60,EMA9>EMA21,bull,80,put writing|call unwinding,1.166,14251785,16611711,15654202,bull,99,Long Buildup,bull,BUY CALL,99,up,,BULLISH,up,clear,5,7,12.46,24295.5,0.06,24250
2026-09-27,19:31:15,2026-09-28T17:57:00,24280.88,24304.35,24278.96,24302.74,24302.7,bull,60,EMA9>EMA21,bull,80,put writing|call unwinding,1.169,14241608,16649338,15710605,bull,99,Long Buildup,bull,BUY CALL,99,up,,BULLISH,up,clear,5,7,12.39,24317.3,0.06,24250
2026-09-27,19:31:16,2026-09-28T18:00:00,24302.74,24320.06,24302.2,24318.13,24318.1,bull,60,EMA9>EMA21,bull,80,put writing|call unwinding,1.171,14235967,16672109,15763488,bull,99,Long Buildup,bull,BUY CALL,99,up,,BULLISH,up,clear,5,7,12.39,24332.7,0.06,24250
2026-09-27,19:31:17,2026-09-28T18:03:00,24318.13,24350.1,24315.95,24349.69,24349.7,bull,60,EMA9>EMA21,bull,80,put writing|call unwinding,1.174,14227467,16698179,15812584,bull,98,Long Buildup,bull,BUY CALL,99,up,,BULLISH,up,clear,5,7,12.36,24364.3,0.06,24300
2026-09-27,19:31:19,2026-09-28T18:06:00,24349.69,24363.57,24349.17,24362.36,24362.4,bull,60,EMA9>EMA21,bull,80,put writing|call unwinding,1.176,14217130,16718216,15839580,bull,93,Long Buildup,bull,BUY CALL,99,up,,BULLISH,up,clear,5,7,12.34,24377.0,0.06,24300
2026-09-27,19:31:20,2026-09-28T18:09:00,24362.36,24388.09,24360.95,24387.66,24387.7,bull,60,EMA9>EMA21,bull,80,put writing|call unwinding,1.179,14198687,16744521,15888254,bull,98,Long Buildup,bull,BUY CALL,99,up,,BULLISH,up,clear,5,7,12.3,24402.3,0.06,24350
2026-09-27,19:31:21,2026-09-28T18:12:00,24387.66,24387.7,24383.19,24383.35,24383.3,bull,60,EMA9>EMA21,bull,80,put writing|call unwinding,1.183,14193410,16784008,15867620,bull,36,Short Covering,bull,BUY CALL,99,up,,MILD BULLISH,up,mild,3,7,12.3,24373.6,-0.04,24350
2026-09-27,19:31:22,2026-09-28T18:15:00,24383.35,24407.8,24382.54,24407.03,24407.0,bull,60,EMA9>EMA21,bull,80,put writing|call unwinding,1.186,14179522,16814929,15855351,bull,34,Short Covering,bull,BUY CALL,99,up,,MILD BULLISH,up,mild,3,7,12.26,24397.3,-0.04,24350
2026-09-27,19:31:23,2026-09-28T18:18:00,24407.03,24419.64,24406.29,24419.07,24419.1,bull,60,EMA9>EMA21,bull,80,put writing|call unwinding,1.189,14169686,16844171,15834804,bull,36,Short Covering,bull,BUY CALL,99,up,,MILD BEARISH,down,mild,3,7,12.27,24409.3,-0.04,24350
2026-09-27,19:31:25,2026-09-28T18:21:00,24419.07,24426.62,24417.9,24425.44,24425.4,bull,60,EMA9>EMA21,bull,80,put writing|call unwinding,1.191,14154901,16865435,15815644,bull,36,Short Covering,bull,BUY CALL,99,up,,MILD BULLISH,up,mild,4,7,12.2,24415.7,-0.04,24400
2026-09-27,19:31:26,2026-09-28T18:24:00,24425.44,24438.52,24425.1,24436.58,24436.6,bull,60,EMA9>EMA21,bull,80,put writing|call unwinding,1.196,14137287,16903894,15805217,bull,34,Short Covering,bull,BUY CALL,99,up,,MILD BULLISH,up,mild,3,7,12.28,24426.8,-0.04,24400
2026-09-27,19:31:27,2026-09-28T18:27:00,24436.58,24455.15,24435.84,24452.98,24453.0,bull,60,EMA9>EMA21,bull,80,put writing|call unwinding,1.197,14129438,16919937,15794099,bull,34,Short Covering,bull,BUY CALL,99,up,,MILD BULLISH,up,mild,4,7,12.28,24443.2,-0.04,24400
2026-09-27,19:31:28,2026-09-28T18:30:00,24452.98,24463.13,24452.24,24462.01,24462.0,bull,60,EMA9>EMA21,bull,80,put writing|call unwinding,1.2,14115307,16938004,15774365,bull,36,Short Covering,bull,BUY CALL,99,up,,MILD BULLISH,up,mild,3,7,12.27,24452.2,-0.04,24400
2026-09-27,19:31:30,2026-09-28T18:33:00,24462.01,24464.64,24461.22,24464.62,24464.6,bull,60,EMA9>EMA21,bull,80,put writing|call unwinding,1.203,14095588,16963038,15738836,bull,38,Short Covering,bull,BUY CALL,99,up,,MILD BULLISH,up,mild,4,7,12.26,24454.8,-0.04,24400
2026-09-27,19:31:31,2026-09-28T18:36:00,24464.62,24467.91,24464.05,24466.71,24466.7,bull,60,EMA9>EMA21,bear,-80,call writing|put unwinding,1.201,14122489,16957983,15708784,bull,37,Short Covering,bull,TRAP,49,up,BULL TRAP,MILD BULLISH,up,mild,4,7,12.22,24456.9,-0.04,24500
2026-09-27,19:31:32,2026-09-28T18:39:00,24466.71,24471.41,24466.7,24470.51,24470.5,bull,60,EMA9>EMA21,bear,-80,call writing|put unwinding,1.198,14144778,16942790,15685194,bull,37,Short Covering,bull,TRAP,25,up,BULL TRAP,MILD BULLISH,up,mild,3,7,12.17,24460.7,-0.04,24500
2026-09-27,19:31:33,2026-09-28T18:42:00,24470.51,24477.99,24469.44,24477.55,24477.5,bull,60,EMA9>EMA21,bear,-80,call writing|put unwinding,1.195,14168260,16934966,15661213,bull,37,Short Covering,bull,TRAP,12,up,BULL TRAP,MILD BULLISH,up,mild,3,7,12.26,24467.8,-0.04,24550
2026-09-27,19:31:35,2026-09-28T18:45:00,24477.55,24480.49,24476.78,24480.05,24480.0,bull,60,EMA9>EMA21,bear,-80,call writing|put unwinding,1.192,14192804,16919339,15626113,bull,38,Short Covering,bull,TRAP,6,up,BULL TRAP,BULLISH,up,clear,5,7,12.24,24470.3,-0.04,24550
2026-09-27,19:31:36,2026-09-28T18:48:00,24480.05,24489.76,24478.98,24489.22,24489.2,bull,60,EMA9>EMA21,bear,-80,call writing|put unwinding,1.189,14222323,16907613,15604875,bull,36,Short Covering,bull,TRAP,3,up,BULL TRAP,MILD BULLISH,up,mild,4,7,12.21,24479.4,-0.04,24550
2026-09-27,19:31:37,2026-09-28T18:51:00,24489.22,24506.86,24488.78,24506.39,24506.4,bull,60,EMA9>EMA21,bear,-80,call writing|put unwinding,1.186,14242047,16895613,15572650,bull,38,Short Covering,bull,TRAP,2,up,BULL TRAP,MILD BULLISH,up,mild,4,7,12.1,24496.6,-0.04,24550
2026-09-27,19:31:38,2026-09-28T18:54:00,24506.39,24507.34,24491.14,24491.7,24491.7,bull,60,EMA9>EMA21,bear,-80,call writing|put unwinding,1.182,14281796,16882485,15535256,bull,38,Short Covering,bull,TRAP,1,up,BULL TRAP,MILD BEARISH,down,mild,4,7,12.27,24481.9,-0.04,24550
2026-09-27,19:31:39,2026-09-28T18:57:00,24491.7,24494.15,24470.5,24470.52,24470.5,bull,60,EMA9>EMA21,bear,-80,call writing|put unwinding,1.179,14302656,16866474,15522454,bull,34,Short Covering,bear,TRAP,0,up,BULL TRAP,MILD BEARISH,down,mild,3,7,12.26,24460.7,-0.04,24500
2026-09-27,19:31:41,2026-09-28T19:00:00,24470.52,24472.32,24459.75,24459.78,24459.8,bull,60,EMA9>EMA21,bear,-80,call writing|put unwinding,1.176,14323412,16847106,15501203,bull,36,Short Covering,bear,TRAP,0,up,BULL TRAP,MILD BEARISH,down,mild,3,7,12.28,24450.0,-0.04,24500
2026-09-27,19:31:42,2026-09-28T19:03:00,24459.78,24460.77,24423.26,24423.63,24423.6,bull,60,EMA9>EMA21,bear,-80,call writing|put unwinding,1.173,14356877,16839812,15484579,bull,35,Short Covering,bear,TRAP,0,up,BULL TRAP,MILD BEARISH,down,mild,3,7,12.26,24413.9,-0.04,24450
2026-09-27,19:31:43,2026-09-28T19:06:00,24423.63,24426.55,24399.77,24401.49,24401.5,bull,40,EMA9>EMA21,bear,-80,call writing|put unwinding,1.169,14389439,16821190,15458418,bull,37,Short Covering,bear,TRAP,0,up,BULL TRAP,MILD BEARISH,down,mild,3,7,12.29,24391.7,-0.04,24450
2026-09-27,19:31:44,2026-09-28T19:09:00,24401.49,24402.81,24380.12,24382.07,24382.1,bull,40,EMA9>EMA21,bear,-80,call writing|put unwinding,1.165,14428940,16813580,15420207,bull,38,Short Covering,bear,TRAP,0,up,BULL TRAP,NEUTRAL / RANGE,neutral,mixed,0,7,12.35,24372.3,-0.04,24450
2026-09-27,19:31:46,2026-09-28T19:12:00,24382.07,24382.44,24363.09,24363.81,24363.8,bull,20,EMA9>EMA21,bear,-80,call writing|put unwinding,1.162,14455032,16794677,15381467,bull,38,Short Covering,bear,WAIT,0,up,,MILD BEARISH,down,mild,3,7,12.41,24354.1,-0.04,24400
2026-09-27,19:31:47,2026-09-28T19:15:00,24363.81,24364.33,24331.19,24332.43,24332.4,bull,20,EMA9>EMA21,bear,-80,call writing|put unwinding,1.159,14484717,16787182,15370340,bull,34,Short Covering,bear,WAIT,0,up,,MILD BULLISH,up,mild,4,7,12.54,24322.7,-0.04,24400
2026-09-27,19:31:48,2026-09-28T19:18:00,24332.43,24332.67,24299.55,24300.91,24300.9,bear,-60,EMA9<EMA21,bear,-80,call writing|put unwinding,1.156,14513590,16777085,15349527,bear,-36,Long Unwinding,bear,WAIT,50,down,,NEUTRAL / RANGE,neutral,mixed,0,7,12.58,24291.2,-0.04,24350
2026-09-27,19:31:49,2026-09-28T19:21:00,24300.91,24301.34,24283.23,24284.38,24284.4,bear,-60,EMA9<EMA21,bear,-80,call writing|put unwinding,1.153,14539012,16759698,15339246,bear,-34,Long Unwinding,bear,BUY PUT,74,down,,MILD BULLISH,up,mild,3,7,12.56,24274.7,-0.04,24350
2026-09-27,19:31:50,2026-09-28T19:24:00,24284.38,24285.59,24265.93,24267.01,24267.0,bear,-60,EMA9<EMA21,bear,-80,call writing|put unwinding,1.151,14558867,16751373,15303972,bear,-38,Long Unwinding,bear,BUY PUT,87,down,,MILD BEARISH,down,mild,3,7,12.57,24257.3,-0.04,24300
2026-09-27,19:31:52,2026-09-28T19:27:00,24267.01,24267.94,24261.4,24262.37,24262.4,bear,-60,EMA9<EMA21,bear,-80,call writing|put unwinding,1.147,14593221,16734082,15293007,bear,-34,Long Unwinding,bear,BUY PUT,93,down,,MILD BEARISH,down,mild,3,7,12.54,24252.7,-0.04,24300
2026-09-27,19:31:53,2026-09-28T19:30:00,24262.37,24263.01,24242.5,24245.22,24245.2,bear,-60,EMA9<EMA21,bear,-80,call writing|put unwinding,1.143,14628608,16715650,15281903,bear,-34,Long Unwinding,bear,BUY PUT,96,down,,NEUTRAL / RANGE,neutral,mixed,0,7,12.52,24235.5,-0.04,24300
2026-09-27,19:31:54,2026-09-28T19:33:00,24245.22,24246.18,24228.2,24228.93,24228.9,bear,-60,EMA9<EMA21,bear,-80,call writing|put unwinding,1.139,14662962,16699359,15267046,bear,-35,Long Unwinding,bear,BUY PUT,97,down,,NEUTRAL / RANGE,neutral,mixed,0,7,12.41,24219.2,-0.04,24300
2026-09-27,19:31:55,2026-09-28T19:36:00,24228.93,24228.98,24203.92,24204.53,24204.5,bear,-60,EMA9<EMA21,bear,-80,call writing|put unwinding,1.136,14684006,16680281,15248534,bear,-36,Long Unwinding,bear,BUY PUT,98,down,,MILD BEARISH,down,mild,3,7,12.47,24194.9,-0.04,24250
2026-09-27,19:31:57,2026-09-28T19:39:00,24204.53,24206.16,24182.86,24183.5,24183.5,bear,-60,EMA9<EMA21,bear,-80,call writing|put unwinding,1.132,14722415,16665734,15219245,bear,-37,Long Unwinding,bear,BUY PUT,99,down,,MILD BULLISH,up,mild,3,7,12.52,24173.8,-0.04,24250
2026-09-27,19:31:58,2026-09-28T19:42:00,24183.5,24183.69,24156.62,24156.62,24156.6,bear,-60,EMA9<EMA21,bear,-80,call writing|put unwinding,1.129,14756068,16653473,15200585,bear,-36,Long Unwinding,bear,BUY PUT,99,down,,MILD BEARISH,down,mild,3,7,12.54,24147.0,-0.04,24200
2026-09-27,19:31:59,2026-09-28T19:45:00,24156.62,24157.13,24139.98,24140.62,24140.6,bear,-60,EMA9<EMA21,bear,-80,call writing|put unwinding,1.126,14777753,16633478,15173135,bear,-37,Long Unwinding,bear,BUY PUT,99,down,,MILD BEARISH,down,mild,4,7,12.69,24131.0,-0.04,24200
2026-09-27,19:32:00,2026-09-28T19:48:00,24140.62,24142.54,24131.69,24132.09,24132.1,bear,-60,EMA9<EMA21,bull,80,put writing|call unwinding,1.129,14762682,16668483,15197399,bear,-92,Short Buildup,bear,TRAP,49,down,BEAR TRAP,MILD BULLISH,up,mild,3,7,12.64,24146.6,0.06,24100
2026-09-27,19:32:01,2026-09-28T19:51:00,24132.09,24134.71,24131.9,24132.96,24133.0,bear,-60,EMA9<EMA21,bull,80,put writing|call unwinding,1.131,14756205,16686080,15244787,bear,-98,Short Buildup,bear,TRAP,25,down,BEAR TRAP,MILD BULLISH,up,mild,3,7,12.65,24147.4,0.06,24100
2026-09-27,19:32:03,2026-09-28T19:54:00,24132.96,24133.89,24128.38,24130.63,24130.6,bear,-60,EMA9<EMA21,bull,80,put writing|call unwinding,1.134,14742265,16719946,15302620,bear,-100,Short Buildup,bear,TRAP,12,down,BEAR TRAP,MILD BULLISH,up,mild,4,7,12.49,24145.1,0.06,24100
2026-09-27,19:32:04,2026-09-28T19:57:00,24130.63,24131.32,24113.91,24114.83,24114.8,bear,-60,EMA9<EMA21,bull,80,put writing|call unwinding,1.138,14725263,16751105,15330533,bear,-93,Short Buildup,bear,TRAP,6,down,BEAR TRAP,MILD BULLISH,up,mild,3,7,12.45,24129.3,0.06,24050
2026-09-27,19:32:05,2026-09-28T20:00:00,24114.83,24115.2,24091.87,24093.32,24093.3,bear,-60,EMA9<EMA21,bull,80,put writing|call unwinding,1.141,14711734,16783729,15389994,bear,-100,Short Buildup,bear,TRAP,3,down,BEAR TRAP,MILD BULLISH,up,mild,3,7,12.34,24107.8,0.06,24050
2026-09-27,19:32:06,2026-09-28T20:03:00,24093.32,24093.95,24089.06,24089.18,24089.2,bear,-60,EMA9<EMA21,bull,80,put writing|call unwinding,1.144,14703759,16816510,15446615,bear,-99,Short Buildup,bear,TRAP,2,down,BEAR TRAP,MILD BULLISH,up,mild,3,7,12.37,24103.6,0.06,24050
2026-09-27,19:32:08,2026-09-28T20:06:00,24089.18,24095.93,24088.6,24095.78,24095.8,bear,-60,EMA9<EMA21,neutral,0,call unwinding|put unwinding,1.144,14701675,16812159,15452692,bear,-79,Short Buildup,bear,WAIT,36,down,,MILD BULLISH,up,mild,4,7,12.29,24095.8,0.0,24100
2026-09-27,19:32:09,2026-09-28T20:09:00,24095.78,24096.66,24093.02,24095.95,24096.0,bear,-60,EMA9<EMA21,bear,-80,call writing|put unwinding,1.143,14703169,16806503,15451240,bear,-26,Long Unwinding,bull,BUY PUT,54,down,,MILD BULLISH,up,mild,4,7,12.28,24096.0,0.0,24100
2026-09-27,19:32:10,2026-09-28T20:12:00,24095.95,24118.97,24095.2,24116.26,24116.3,bear,-60,EMA9<EMA21,bull,80,put writing|call unwinding,1.143,14702810,16810010,15458213,bear,-80,Short Buildup,bull,TRAP,27,down,BEAR TRAP,MILD BULLISH,up,mild,3,7,12.3,24116.3,0.0,24100
2026-09-27,19:32:11,2026-09-28T20:15:00,24116.26,24119.32,24109.05,24109.38,24109.4,bear,-60,EMA9<EMA21,neutral,0,call unwinding|put unwinding,1.143,14698739,16804179,15459332,bear,-64,Short Buildup,bull,WAIT,13,down,,MILD BULLISH,up,mild,3,7,12.38,24109.4,0.0,24100
2026-09-27,19:32:13,2026-09-28T20:18:00,24109.38,24133.42,24108.76,24133.27,24133.3,bear,-60,EMA9<EMA21,bull,80,put writing|call unwinding,1.143,14697027,16804251,15454603,bear,-31,Long Unwinding,bull,TRAP,7,down,BEAR TRAP,MILD BULLISH,up,mild,3,7,12.41,24133.3,0.0,24150
2026-09-27,19:32:14,2026-09-28T20:21:00,24133.27,24134.07,24119.78,24119.96,24120.0,bear,-60,EMA9<EMA21,neutral,0,call unwinding|put unwinding,1.143,14695670,16803331,15460322,bear,-79,Short Buildup,neutral,WAIT,3,down,,MILD BULLISH,up,mild,3,7,12.42,24120.0,0.0,24100
2026-09-27,19:32:15,2026-09-28T20:24:00,24119.96,24121.98,24119.54,24120.82,24120.8,bear,-60,EMA9<EMA21,neutral,0,call unwinding|put unwinding,1.143,14695290,16799199,15452669,bear,-33,Long Unwinding,bull,WAIT,2,down,,MILD BULLISH,up,mild,3,7,12.36,24120.8,0.0,24100
2026-09-27,19:32:16,2026-09-28T20:27:00,24120.82,24121.92,24106.26,24108.99,24109.0,bear,-60,EMA9<EMA21,neutral,0,put writing|call writing,1.143,14698111,16800384,15459406,bear,-80,Short Buildup,bear,WAIT,36,down,,MILD BULLISH,up,mild,3,7,12.28,24109.0,0.0,24100
2026-09-27,19:32:17,2026-09-28T20:30:00,24108.99,24109.91,24099.1,24099.53,24099.5,bear,-60,EMA9<EMA21,neutral,0,call unwinding|put unwinding,1.143,14696101,16799547,15465824,bear,-80,Short Buildup,bear,BUY PUT,54,down,,NEUTRAL / RANGE,neutral,mixed,0,7,12.26,24099.5,0.0,24100
2026-09-27,19:32:19,2026-09-28T20:33:00,24099.53,24103.17,24096.68,24102.46,24102.5,bear,-60,EMA9<EMA21,bear,-80,call writing|put unwinding,1.143,14697505,16798050,15461731,bear,-30,Long Unwinding,bear,BUY PUT,76,down,,MILD BULLISH,up,mild,3,7,12.18,24102.5,0.0,24100
2026-09-27,19:32:20,2026-09-28T20:36:00,24102.46,24104.26,24101.43,24104.25,24104.2,bear,-60,EMA9<EMA21,bull,80,put writing|call unwinding,1.143,14695316,16798650,15466131,bear,-76,Short Buildup,bear,TRAP,38,down,BEAR TRAP,MILD BULLISH,up,mild,3,7,12.2,24104.3,0.0,24100
2026-09-27,19:32:21,2026-09-28T20:39:00,24104.25,24104.44,24100.6,24101.45,24101.5,bear,-60,EMA9<EMA21,bear,-80,call writing|put unwinding,1.143,14697364,16795143,15461003,bear,-31,Long Unwinding,bull,WAIT,55,down,,MILD BULLISH,up,mild,3,7,12.22,24101.5,0.0,24100
2026-09-27,19:32:22,2026-09-28T20:42:00,24101.45,24101.71,24089.04,24090.15,24090.2,bear,-60,EMA9<EMA21,bear,-80,call writing|put unwinding,1.142,14698882,16792762,15454437,bear,-32,Long Unwinding,bear,BUY PUT,77,down,,MILD BULLISH,up,mild,2,7,12.26,24090.2,0.0,24100
2026-09-27,19:32:24,2026-09-28T20:45:00,24090.15,24090.47,24083.21,24084.62,24084.6,bear,-60,EMA9<EMA21,bull,80,put writing|call unwinding,1.143,14694739,16797910,15447631,bear,-32,Long Unwinding,bear,TRAP,38,down,BEAR TRAP,NEUTRAL / RANGE,neutral,mixed,0,7,12.35,24084.6,0.0,24100
2026-09-27,19:32:25,2026-09-28T20:48:00,24084.62,24094.98,24083.84,24094.85,24094.8,bear,-60,EMA9<EMA21,bull,80,put writing|call unwinding,1.147,14679223,16831867,15471166,bear,-92,Short Buildup,bear,TRAP,19,down,BEAR TRAP,MILD BULLISH,up,mild,4,7,12.23,24109.3,0.06,24050
2026-09-27,19:32:26,2026-09-28T20:51:00,24094.85,24118.45,24094.48,24116.29,24116.3,bear,-60,EMA9<EMA21,bull,80,put writing|call unwinding,1.15,14659334,16864830,15519133,bear,-98,Short Buildup,bull,TRAP,10,down,BEAR TRAP,BULLISH,up,clear,5,7,12.22,24130.8,0.06,24050
2026-09-27,19:32:27,2026-09-28T20:54:00,24116.29,24133.21,24115.25,24132.88,24132.9,bear,-40,EMA9<EMA21,bull,80,put writing|call unwinding,1.154,14650393,16902629,15542374,bear,-91,Short Buildup,bull,TRAP,5,down,BEAR TRAP,BULLISH,up,clear,5,7,12.17,24147.4,0.06,24100
2026-09-27,19:32:28,2026-09-28T20:57:00,24132.88,24149.56,24131.24,24149.14,24149.1,bear,-40,EMA9<EMA21,bull,80,put writing|call unwinding,1.158,14635039,16940513,15591703,bear,-98,Short Buildup,bull,TRAP,2,down,BEAR TRAP,BULLISH,up,clear,5,7,12.13,24163.6,0.06,24100
2026-09-27,19:32:30,2026-09-28T21:00:00,24149.14,24171.87,24148.76,24170.6,24170.6,bear,-20,EMA9<EMA21,bull,80,put writing|call unwinding,1.16,14622944,16963503,15648557,bear,-100,Short Buildup,bull,WAIT,1,down,,BULLISH,up,clear,5,7,12.06,24185.1,0.06,24100
2026-09-27,19:32:31,2026-09-28T21:03:00,24170.6,24183.63,24169.45,24183.25,24183.2,bull,60,EMA9>EMA21,bull,80,put writing|call unwinding,1.163,14608380,16982647,15690373,bull,97,Long Buildup,bull,WAIT,50,up,,BULLISH,up,clear,5,7,12.0,24197.8,0.06,24150
2026-09-27,19:32:32,2026-09-28T21:06:00,24183.25,24200.58,24180.75,24199.32,24199.3,bull,60,EMA9>EMA21,bull,80,put writing|call unwinding,1.164,14602134,16999120,15725624,bull,95,Long Buildup,bull,BUY CALL,75,up,,BULLISH,up,clear,5,7,11.94,24213.8,0.06,24150
2026-09-27,19:32:33,2026-09-28T21:09:00,24199.32,24224.58,24198.79,24222.69,24222.7,bull,60,EMA9>EMA21,bull,80,put writing|call unwinding,1.168,14582413,17027715,15753167,bull,93,Long Buildup,bull,BUY CALL,87,up,,BULLISH,up,clear,5,7,11.93,24237.2,0.06,24150
2026-09-27,19:32:35,2026-09-28T21:12:00,24222.69,24247.72,24221.63,24246.94,24246.9,bull,60,EMA9>EMA21,bull,80,put writing|call unwinding,1.17,14572119,17052430,15811067,bull,100,Long Buildup,bull,BUY CALL,93,up,,BULLISH,up,clear,5,7,11.87,24261.5,0.06,24200
2026-09-27,19:32:36,2026-09-28T21:15:00,24246.94,24277.28,24245.67,24275.25,24275.2,bull,60,EMA9>EMA21,bull,80,put writing|call unwinding,1.173,14553520,17073751,15853006,bull,97,Long Buildup,bull,BUY CALL,96,up,,MILD BULLISH,up,mild,4,7,11.88,24289.8,0.06,24250
2026-09-27,19:32:37,2026-09-28T21:18:00,24275.25,24285.94,24275.19,24283.79,24283.8,bull,60,EMA9>EMA21,bull,80,put writing|call unwinding,1.176,14544422,17098104,15882734,bull,94,Long Buildup,bull,BUY CALL,97,up,,BULLISH,up,clear,5,7,11.8,24298.4,0.06,24250
2026-09-27,19:32:38,2026-09-28T21:21:00,24283.79,24306.84,24283.38,24306.18,24306.2,bull,60,EMA9>EMA21,bull,80,put writing|call unwinding,1.179,14532131,17132343,15940014,bull,100,Long Buildup,bull,BUY CALL,98,up,,BULLISH,up,clear,5,7,11.79,24320.8,0.06,24250
2026-09-27,19:32:39,2026-09-28T21:24:00,24306.18,24334.17,24305.4,24334.05,24334.0,bull,60,EMA9>EMA21,bull,80,put writing|call unwinding,1.181,14517668,17148818,15962672,bull,91,Long Buildup,bull,BUY CALL,99,up,,BULLISH,up,clear,5,7,11.68,24348.7,0.06,24300
2026-09-27,19:32:41,2026-09-28T21:27:00,24334.05,24360.91,24333.17,24359.33,24359.3,bull,60,EMA9>EMA21,bull,80,put writing|call unwinding,1.184,14499530,17173397,16007821,bull,97,Long Buildup,bull,BUY CALL,99,up,,BULLISH,up,clear,5,7,11.65,24373.9,0.06,24300
2026-09-27,19:32:42,2026-09-28T21:30:00,24359.33,24374.81,24358.61,24374.16,24374.2,bull,60,EMA9>EMA21,bull,80,put writing|call unwinding,1.188,14482829,17209822,16064255,bull,99,Long Buildup,bull,BUY CALL,99,up,,MILD BULLISH,up,mild,4,7,11.61,24388.8,0.06,24300
2026-09-27,19:32:43,2026-09-28T21:33:00,24374.16,24388.11,24373.39,24386.63,24386.6,bull,60,EMA9>EMA21,bull,80,put writing|call unwinding,1.19,14473391,17225295,16108998,bull,97,Long Buildup,bull,BUY CALL,99,up,,BULLISH,up,clear,5,7,11.68,24401.3,0.06,24350
2026-09-27,19:32:44,2026-09-28T21:36:00,24386.63,24404.87,24386.51,24404.59,24404.6,bull,60,EMA9>EMA21,bull,80,put writing|call unwinding,1.193,14460553,17255715,16152446,bull,97,Long Buildup,bull,BUY CALL,99,up,,BULLISH,up,clear,5,7,11.66,24419.2,0.06,24350
2026-09-27,19:32:46,2026-09-28T21:39:00,24404.59,24415.11,24404.31,24415.05,24415.0,bull,60,EMA9>EMA21,bull,80,put writing|call unwinding,1.196,14444554,17281983,16176699,bull,92,Long Buildup,bull,BUY CALL,99,up,,BULLISH,up,clear,5,7,11.64,24429.7,0.06,24350
2026-09-27,19:32:47,2026-09-28T21:42:00,24415.05,24422.89,24414.72,24421.83,24421.8,bull,60,EMA9>EMA21,bull,80,put writing|call unwinding,1.199,14434754,17311189,16164237,bull,34,Short Covering,bull,BUY CALL,99,up,,MILD BULLISH,up,mild,4,7,11.58,24412.1,-0.04,24350
2026-09-27,19:32:48,2026-09-28T21:45:00,24421.83,24442.53,24420.87,24441.74,24441.7,bull,60,EMA9>EMA21,bull,80,put writing|call unwinding,1.202,14425355,17337046,16126911,bull,38,Short Covering,bull,BUY CALL,99,up,,MILD BEARISH,down,mild,3,7,11.54,24432.0,-0.04,24400
2026-09-27,19:32:49,2026-09-28T21:48:00,24441.74,24459.87,24439.73,24458.9,24458.9,bull,60,EMA9>EMA21,bull,80,put writing|call unwinding,1.205,14413473,17368613,16108698,bull,36,Short Covering,bull,BUY CALL,99,up,,MILD BULLISH,up,mild,4,7,11.5,24449.1,-0.04,24400
2026-09-27,19:32:51,2026-09-28T21:51:00,24458.9,24468.49,24457.21,24468.28,24468.3,bull,60,EMA9>EMA21,bull,80,put writing|call unwinding,1.208,14393520,17388674,16069908,bull,38,Short Covering,bull,BUY CALL,99,up,,NEUTRAL / RANGE,neutral,mixed,0,7,11.5,24458.5,-0.04,24400
2026-09-27,19:32:52,2026-09-28T21:54:00,24468.28,24492.98,24466.73,24492.69,24492.7,bull,60,EMA9>EMA21,bull,80,put writing|call unwinding,1.211,14373665,17411898,16034669,bull,38,Short Covering,bull,BUY CALL,99,up,,MILD BULLISH,up,mild,4,7,11.47,24482.9,-0.04,24450
2026-09-27,19:32:53,2026-09-28T21:57:00,24492.69,24509.88,24492.04,24507.87,24507.9,bull,60,EMA9>EMA21,bull,80,put writing|call unwinding,1.214,14367815,17446103,16016127,bull,36,Short Covering,bull,BUY CALL,99,up,,MILD BULLISH,up,mild,4,7,11.42,24498.1,-0.04,24450
2026-09-27,19:32:54,2026-09-28T22:00:00,24507.87,24519.87,24507.14,24518.47,24518.5,bull,60,EMA9>EMA21,bull,80,put writing|call unwinding,1.218,14350726,17482725,15986216,bull,37,Short Covering,bull,BUY CALL,99,up,,MILD BULLISH,up,mild,4,7,11.43,24508.7,-0.04,24450
2026-09-27,19:32:55,2026-09-28T22:03:00,24518.47,24539.43,24516.83,24537.79,24537.8,bull,60,EMA9>EMA21,bull,80,put writing|call unwinding,1.221,14343753,17517151,15962171,bull,37,Short Covering,bull,BUY CALL,99,up,,NEUTRAL / RANGE,neutral,mixed,0,7,11.5,24528.0,-0.04,24500
2026-09-27,19:32:57,2026-09-28T22:06:00,24537.79,24546.53,24536.49,24546.33,24546.3,bull,60,EMA9>EMA21,bear,-80,call writing|put unwinding,1.217,14382772,17509597,15932120,bull,37,Short Covering,bull,TRAP,49,up,BULL TRAP,MILD BULLISH,up,mild,4,7,11.47,24536.5,-0.04,24600
2026-09-27,19:32:58,2026-09-28T22:09:00,24546.33,24548.89,24545.78,24547.92,24547.9,bull,60,EMA9>EMA21,bear,-80,call writing|put unwinding,1.214,14412432,17497163,15892520,bull,38,Short Covering,bull,TRAP,25,up,BULL TRAP,MILD BULLISH,up,mild,4,7,11.57,24538.1,-0.04,24600
2026-09-27,19:33:04,2026-09-28T22:12:00,24547.92,24553.5,24547.8,24553.38,24553.4,bull,60,EMA9>EMA21,bear,-80,call writing|put unwinding,1.211,14434635,17480397,15867125,bull,37,Short Covering,bull,TRAP,12,up,BULL TRAP,MILD BEARISH,down,mild,4,7,11.72,24543.6,-0.04,24600
2026-09-27,19:33:06,2026-09-28T22:15:00,24553.38,24555.81,24550.87,24555.12,24555.1,bull,60,EMA9>EMA21,bear,-80,call writing|put unwinding,1.209,14452393,17470457,15847311,bull,36,Short Covering,bull,TRAP,6,up,BULL TRAP,MILD BULLISH,up,mild,4,7,11.82,24545.3,-0.04,24600
2026-09-27,19:33:07,2026-09-28T22:18:00,24555.12,24569.29,24554.07,24567.43,24567.4,bull,60,EMA9>EMA21,bear,-80,call writing|put unwinding,1.206,14468005,17452318,15834286,bull,34,Short Covering,bull,TRAP,3,up,BULL TRAP,NEUTRAL / RANGE,neutral,mixed,0,7,11.77,24557.6,-0.04,24600
2026-09-27,20:48:39,2026-09-28T22:21:00,24567.43,24577.64,24565.5,24576.68,24576.7,bull,60,EMA9>EMA21,bear,-80,call writing|put unwinding,1.203,14496349,17432413,15824008,bull,34,Short Covering,bull,TRAP,2,up,BULL TRAP,MILD BULLISH,up,mild,4,7,11.84,24566.9,-0.04,24650
2026-09-27,20:48:41,2026-09-28T22:24:00,24576.68,24577.42,24548.58,24549.52,24549.5,bull,60,EMA9>EMA21,bear,-80,call writing|put unwinding,1.199,14532629,17420770,15794266,bull,37,Short Covering,neutral,TRAP,1,up,BULL TRAP,NEUTRAL / RANGE,neutral,mixed,0,7,11.84,24539.7,-0.04,24600
2026-09-27,20:48:42,2026-09-28T22:27:00,24549.52,24550.2,24518.73,24519.08,24519.1,bull,60,EMA9>EMA21,bear,-80,call writing|put unwinding,1.195,14565882,17406230,15777374,bull,35,Short Covering,bear,TRAP,0,up,BULL TRAP,MILD BEARISH,down,mild,3,7,11.8,24509.3,-0.04,24550
2026-09-27,20:48:44,2026-09-28T22:30:00,24519.08,24519.33,24497.89,24499.75,24499.8,bull,60,EMA9>EMA21,bear,-80,call writing|put unwinding,1.192,14588552,17392311,15739689,bull,38,Short Covering,bear,TRAP,0,up,BULL TRAP,NEUTRAL / RANGE,neutral,mixed,0,7,11.83,24490.0,-0.04,24550
2026-09-27,20:48:45,2026-09-28T22:33:00,24499.75,24499.82,24475.95,24476.52,24476.5,bull,60,EMA9>EMA21,bear,-80,call writing|put unwinding,1.188,14626510,17376483,15712263,bull,37,Short Covering,bear,TRAP,0,up,BULL TRAP,NEUTRAL / RANGE,neutral,mixed,0,7,11.88,24466.7,-0.04,24550
2026-09-27,20:48:47,2026-09-28T22:36:00,24476.52,24477.01,24455.4,24456.14,24456.1,bull,40,EMA9>EMA21,bear,-80,call writing|put unwinding,1.185,14664332,17371137,15695229,bull,35,Short Covering,bear,TRAP,0,up,BULL TRAP,MILD BEARISH,down,mild,4,7,12.01,24446.4,-0.04,24500
2026-09-27,20:48:48,2026-09-28T22:39:00,24456.14,24457.11,24431.9,24432.52,24432.5,bull,40,EMA9>EMA21,bear,-80,call writing|put unwinding,1.182,14691996,17361609,15676483,bull,36,Short Covering,bear,TRAP,0,up,BULL TRAP,NEUTRAL / RANGE,neutral,mixed,0,7,12.1,24422.7,-0.04,24500
2026-09-27,20:48:50,2026-09-28T22:42:00,24432.52,24432.54,24394.38,24394.4,24394.4,bull,20,EMA9>EMA21,bear,-80,call writing|put unwinding,1.18,14709514,17354625,15656385,bull,36,Short Covering,bear,WAIT,0,up,,NEUTRAL / RANGE,neutral,mixed,0,7,12.17,24384.6,-0.04,24450
2026-09-27,20:48:51,2026-09-28T22:45:00,24394.4,24394.79,24376.93,24377.34,24377.3,bear,-60,EMA9<EMA21,bear,-80,call writing|put unwinding,1.177,14728053,17337068,15634755,bear,-36,Long Unwinding,bear,WAIT,50,down,,NEUTRAL / RANGE,neutral,mixed,0,7,12.2,24367.6,-0.04,24450
2026-09-27,20:48:53,2026-09-28T22:48:00,24377.34,24379.58,24351.99,24353.13,24353.1,bear,-60,EMA9<EMA21,bear,-80,call writing|put unwinding,1.174,14763236,17325912,15607058,bear,-37,Long Unwinding,bear,BUY PUT,74,down,,MILD BEARISH,down,mild,3,7,12.28,24343.4,-0.04,24400
2026-09-27,20:48:54,2026-09-28T22:51:00,24353.13,24353.79,24341.87,24342.27,24342.3,bear,-60,EMA9<EMA21,bear,-80,call writing|put unwinding,1.17,14802831,17313352,15577442,bear,-37,Long Unwinding,bear,BUY PUT,87,down,,NEUTRAL / RANGE,neutral,mixed,0,7,12.38,24332.5,-0.04,24400
2026-09-27,20:48:56,2026-09-28T22:54:00,24342.27,24343.09,24327.59,24330.09,24330.1,bear,-60,EMA9<EMA21,bear,-80,call writing|put unwinding,1.167,14824120,17295309,15562704,bear,-35,Long Unwinding,bear,BUY PUT,93,down,,NEUTRAL / RANGE,neutral,mixed,0,7,12.45,24320.4,-0.04,24400
2026-09-27,20:48:57,2026-09-28T22:57:00,24330.09,24331.42,24301.87,24302.8,24302.8,bear,-60,EMA9<EMA21,bear,-80,call writing|put unwinding,1.164,14855954,17286819,15539436,bear,-37,Long Unwinding,bear,BUY PUT,96,down,,MILD BEARISH,down,mild,3,7,12.45,24293.1,-0.04,24350
2026-09-27,20:48:59,2026-09-28T23:00:00,24302.8,24303.44,24290.83,24292.16,24292.2,bear,-60,EMA9<EMA21,bear,-80,call writing|put unwinding,1.16,14883605,17268647,15528007,bear,-34,Long Unwinding,bear,BUY PUT,97,down,,NEUTRAL / RANGE,neutral,mixed,0,7,12.46,24282.4,-0.04,24350
2026-09-27,20:49:00,2026-09-28T23:03:00,24292.16,24292.55,24278.38,24279.5,24279.5,bear,-60,EMA9<EMA21,bear,-80,call writing|put unwinding,1.158,14901562,17254587,15507322,bear,-36,Long Unwinding,bear,BUY PUT,98,down,,NEUTRAL / RANGE,neutral,mixed,0,7,12.57,24269.8,-0.04,24350
2026-09-27,20:49:02,2026-09-28T23:06:00,24279.5,24280.57,24266.36,24267.69,24267.7,bear,-60,EMA9<EMA21,bear,-80,call writing|put unwinding,1.155,14930146,17248871,15484636,bear,-36,Long Unwinding,bear,BUY PUT,99,down,,MILD BEARISH,down,mild,3,7,12.67,24258.0,-0.04,24300
2026-09-27,20:49:04,2026-09-28T23:09:00,24267.69,24269.07,24248.12,24248.83,24248.8,bear,-60,EMA9<EMA21,bear,-80,call writing|put unwinding,1.152,14964920,17239794,15461393,bear,-37,Long Unwinding,bear,BUY PUT,99,down,,NEUTRAL / RANGE,neutral,mixed,0,7,12.75,24239.1,-0.04,24300
2026-09-27,20:49:05,2026-09-28T23:12:00,24248.83,24249.05,24223.31,24224.59,24224.6,bear,-60,EMA9<EMA21,bear,-80,call writing|put unwinding,1.149,14984108,17223708,15438535,bear,-36,Long Unwinding,bear,BUY PUT,99,down,,MILD BEARISH,down,mild,3,7,12.68,24214.9,-0.04,24250
2026-09-27,20:49:06,2026-09-28T23:15:00,24224.59,24225.35,24194.97,24196.87,24196.9,bear,-60,EMA9<EMA21,bear,-80,call writing|put unwinding,1.146,15015506,17210054,15416600,bear,-36,Long Unwinding,bear,BUY PUT,99,down,,MILD BULLISH,up,mild,3,7,12.68,24187.2,-0.04,24250
2026-09-27,20:49:07,2026-09-28T23:18:00,24196.87,24198.4,24182.74,24185.01,24185.0,bear,-60,EMA9<EMA21,bull,80,put writing|call unwinding,1.149,15005999,17245298,15439992,bear,-91,Short Buildup,bear,TRAP,49,down,BEAR TRAP,MILD BULLISH,up,mild,3,7,12.74,24199.5,0.06,24150
2026-09-27,20:49:10,2026-09-28T23:21:00,24185.01,24185.06,24183.23,24184.87,24184.9,bear,-60,EMA9<EMA21,bull,80,put writing|call unwinding,1.152,14996782,17270175,15492814,bear,-99,Short Buildup,bear,TRAP,25,down,BEAR TRAP,MILD BULLISH,up,mild,3,7,12.76,24199.4,0.06,24150
2026-09-27,20:49:11,2026-09-28T23:24:00,24184.87,24184.98,24170.19,24170.26,24170.3,bear,-60,EMA9<EMA21,bull,80,put writing|call unwinding,1.155,14989308,17305290,15549285,bear,-99,Short Buildup,bear,TRAP,12,down,BEAR TRAP,NEUTRAL / RANGE,neutral,mixed,0,7,12.76,24184.8,0.06,24100
2026-09-27,20:49:13,2026-09-28T23:27:00,24170.26,24171.54,24162.39,24163.84,24163.8,bear,-60,EMA9<EMA21,bull,80,put writing|call unwinding,1.158,14972039,17330827,15608835,bear,-100,Short Buildup,bear,TRAP,6,down,BEAR TRAP,NEUTRAL / RANGE,neutral,mixed,0,7,12.78,24178.3,0.06,24100
2026-09-27,20:49:14,2026-09-28T23:30:00,24163.84,24164.54,24150.77,24153.56,24153.6,bear,-60,EMA9<EMA21,bull,80,put writing|call unwinding,1.161,14956841,17364246,15644483,bear,-95,Short Buildup,bear,TRAP,3,down,BEAR TRAP,NEUTRAL / RANGE,neutral,mixed,0,7,12.74,24168.0,0.06,24100
2026-09-27,20:49:16,2026-09-28T23:33:00,24153.56,24154.3,24145.35,24146.16,24146.2,bear,-60,EMA9<EMA21,bull,80,put writing|call unwinding,1.163,14946259,17380850,15681704,bear,-96,Short Buildup,bear,TRAP,2,down,BEAR TRAP,MILD BULLISH,up,mild,3,7,12.71,24160.6,0.06,24100
2026-09-27,20:49:17,2026-09-28T23:36:00,24146.16,24147.11,24137.73,24137.94,24137.9,bear,-60,EMA9<EMA21,neutral,0,call unwinding|put unwinding,1.163,14945866,17379156,15686696,bear,-77,Short Buildup,bear,WAIT,36,down,,MILD BULLISH,up,mild,4,7,12.7,24137.9,0.0,24150
2026-09-27,20:49:18,2026-09-28T23:39:00,24137.94,24142.04,24136.68,24140.73,24140.7,bear,-60,EMA9<EMA21,bear,-80,call writing|put unwinding,1.163,14946111,17374899,15694324,bear,-81,Short Buildup,bear,BUY PUT,68,down,,MILD BULLISH,up,mild,2,7,12.62,24140.7,0.0,24150
2026-09-27,20:49:19,2026-09-28T23:42:00,24140.73,24140.79,24133.94,24134.29,24134.3,bear,-60,EMA9<EMA21,bull,80,put writing|call unwinding,1.163,14945264,17375868,15701147,bear,-80,Short Buildup,bear,TRAP,34,down,BEAR TRAP,MILD BULLISH,up,mild,3,7,12.62,24134.3,0.0,24150
2026-09-27,20:49:20,2026-09-28T23:45:00,24134.29,24134.34,24126.61,24127.83,24127.8,bear,-60,EMA9<EMA21,bull,80,put writing|call unwinding,1.163,14939533,17378063,15698733,bear,-28,Long Unwinding,bear,TRAP,17,down,BEAR TRAP,MILD BULLISH,up,mild,2,7,12.6,24127.8,0.0,24150
2026-09-27,20:49:22,2026-09-28T23:48:00,24127.83,24128.19,24127.26,24127.89,24127.9,bear,-60,EMA9<EMA21,bull,80,put writing|call unwinding,1.164,14936002,17378686,15693641,bear,-31,Long Unwinding,bear,TRAP,8,down,BEAR TRAP,MILD BULLISH,up,mild,4,7,12.61,24127.9,0.0,24150
2026-09-27,20:49:23,2026-09-28T23:51:00,24127.89,24136.64,24126.29,24135.49,24135.5,bear,-60,EMA9<EMA21,bull,80,put writing|call unwinding,1.164,14934370,17383317,15692707,bear,-25,Long Unwinding,neutral,TRAP,4,down,BEAR TRAP,MILD BULLISH,up,mild,3,7,12.59,24135.5,0.0,24150
2026-09-27,20:49:24,2026-09-28T23:54:00,24135.49,24135.51,24129.87,24130.6,24130.6,bear,-60,EMA9<EMA21,bear,-80,call writing|put unwinding,1.164,14934402,17377911,15700457,bear,-81,Short Buildup,bull,WAIT,38,down,,MILD BULLISH,up,mild,4,7,12.62,24130.6,0.0,24150
2026-09-27,20:49:25,2026-09-28T23:57:00,24130.6,24142.59,24129.82,24142.47,24142.5,bear,-60,EMA9<EMA21,neutral,0,put writing|call writing,1.163,14939685,17378126,15707354,bear,-80,Short Buildup,bull,WAIT,19,down,,MILD BULLISH,up,mild,3,7,12.64,24142.5,0.0,24150
2026-09-27,20:49:27,2026-09-29T00:00:00,24142.47,24151.51,24141.22,24151.03,24151.0,bear,-60,EMA9<EMA21,neutral,0,call unwinding|put unwinding,1.163,14938473,17373160,15708063,bear,-60,Short Buildup,bull,WAIT,9,down,,NEUTRAL / RANGE,neutral,mixed,0,7,12.59,24151.0,0.0,24150
2026-09-27,20:49:28,2026-09-29T00:03:00,24151.03,24152.86,24149.92,24149.95,24150.0,bear,-60,EMA9<EMA21,neutral,0,call unwinding|put unwinding,1.163,14935838,17373159,15705562,bear,-28,Long Unwinding,bull,WAIT,5,down,,MILD BULLISH,up,mild,3,7,12.68,24149.9,0.0,24150
2026-09-27,20:49:29,2026-09-29T00:06:00,24149.95,24154.95,24149.25,24153.41,24153.4,bear,-60,EMA9<EMA21,bull,80,put writing|call unwinding,1.164,14934985,17378543,15698295,bear,-32,Long Unwinding,bull,TRAP,2,down,BEAR TRAP,MILD BULLISH,up,mild,3,7,12.62,24153.4,0.0,24150
2026-09-27,20:49:30,2026-09-29T00:09:00,24153.41,24154.08,24144.12,24144.83,24144.8,bear,-60,EMA9<EMA21,bull,80,put writing|call unwinding,1.164,14933706,17383635,15691185,bear,-32,Long Unwinding,bear,TRAP,1,down,BEAR TRAP,MILD BULLISH,up,mild,4,7,12.61,24144.8,0.0,24150
2026-09-27,20:49:31,2026-09-29T00:12:00,24144.83,24145.92,24137.81,24137.83,24137.8,bear,-60,EMA9<EMA21,bear,-80,call writing|put unwinding,1.164,14938152,17382829,15692210,bear,-63,Short Buildup,bear,WAIT,50,down,,MILD BULLISH,up,mild,3,7,12.71,24137.8,0.0,24150
2026-09-27,20:49:33,2026-09-29T00:15:00,24137.83,24144.59,24137.4,24143.64,24143.6,bear,-60,EMA9<EMA21,neutral,0,put writing|call writing,1.164,14940318,17386940,15685184,bear,-32,Long Unwinding,bear,BUY PUT,61,down,,NEUTRAL / RANGE,neutral,mixed,0,7,12.86,24143.6,0.0,24150
2026-09-27,20:49:34,2026-09-29T00:18:00,24143.64,24155.5,24143.35,24154.97,24155.0,bear,-60,EMA9<EMA21,bull,80,put writing|call unwinding,1.167,14927551,17426177,15730186,bear,-97,Short Buildup,bull,TRAP,30,down,BEAR TRAP,MILD BULLISH,up,mild,4,7,12.83,24169.5,0.06,24100
2026-09-27,20:49:35,2026-09-29T00:21:00,24154.97,24175.38,24154.68,24175.37,24175.4,bear,-60,EMA9<EMA21,bull,80,put writing|call unwinding,1.17,14908317,17445471,15772249,bear,-97,Short Buildup,bull,TRAP,15,down,BEAR TRAP,BULLISH,up,clear,5,7,12.81,24189.9,0.06,24150
2026-09-27,20:49:36,2026-09-29T00:24:00,24175.37,24179.33,24172.19,24178.8,24178.8,bear,-40,EMA9<EMA21,bull,80,put writing|call unwinding,1.173,14900065,17471463,15798734,bear,-93,Short Buildup,bull,TRAP,8,down,BEAR TRAP,MILD BULLISH,up,mild,4,7,12.85,24193.3,0.06,24150
2026-09-27,20:49:38,2026-09-29T00:27:00,24178.8,24196.2,24178.5,24195.67,24195.7,bear,-40,EMA9<EMA21,bull,80,put writing|call unwinding,1.175,14888658,17494143,15833565,bear,-95,Short Buildup,bull,TRAP,4,down,BEAR TRAP,BULLISH,up,clear,5,7,12.77,24210.2,0.06,24150
2026-09-27,20:49:39,2026-09-29T00:30:00,24195.67,24229.69,24195.38,24228.8,24228.8,bear,-20,EMA9<EMA21,bull,80,put writing|call unwinding,1.178,14883524,17525373,15871521,bear,-96,Short Buildup,bull,WAIT,2,down,,BULLISH,up,clear,5,7,12.79,24243.3,0.06,24200
2026-09-27,20:49:40,2026-09-29T00:33:00,24228.8,24246.67,24227.8,24245.98,24246.0,bull,60,EMA9>EMA21,bull,80,put writing|call unwinding,1.18,14870135,17541389,15907794,bull,95,Long Buildup,bull,WAIT,50,up,,MILD BULLISH,up,mild,4,7,12.77,24260.5,0.06,24200
2026-09-27,20:49:41,2026-09-29T00:36:00,24245.98,24263.4,24245.79,24263.32,24263.3,bull,60,EMA9>EMA21,bull,80,put writing|call unwinding,1.183,14858518,17580512,15957850,bull,98,Long Buildup,bull,BUY CALL,75,up,,BULLISH,up,clear,5,7,12.72,24277.9,0.06,24200
2026-09-27,20:49:43,2026-09-29T00:39:00,24263.32,24282.76,24261.43,24280.51,24280.5,bull,60,EMA9>EMA21,bull,80,put writing|call unwinding,1.186,14847811,17607037,15981340,bull,91,Long Buildup,bull,BUY CALL,87,up,,BULLISH,up,clear,5,7,12.79,24295.1,0.06,24250
2026-09-27,20:49:44,2026-09-29T00:42:00,24280.51,24294.66,24279.84,24294.65,24294.7,bull,60,EMA9>EMA21,bull,80,put writing|call unwinding,1.189,14838306,17640567,16031686,bull,98,Long Buildup,bull,BUY CALL,93,up,,BULLISH,up,clear,5,7,12.81,24309.2,0.06,24250
2026-09-27,20:49:45,2026-09-29T00:45:00,24294.65,24307.21,24293.46,24306.26,24306.3,bull,60,EMA9>EMA21,bull,80,put writing|call unwinding,1.191,14829136,17667345,16070240,bull,96,Long Buildup,bull,BUY CALL,96,up,,BULLISH,up,clear,5,7,12.81,24320.8,0.06,24250
2026-09-27,20:49:46,2026-09-29T00:48:00,24306.26,24322.81,24305.32,24322.61,24322.6,bull,60,EMA9>EMA21,bull,80,put writing|call unwinding,1.194,14811609,17687184,16099594,bull,94,Long Buildup,bull,BUY CALL,97,up,,BULLISH,up,clear,5,7,12.84,24337.2,0.06,24250
2026-09-27,20:49:47,2026-09-29T00:51:00,24322.61,24335.82,24321.74,24334.93,24334.9,bull,60,EMA9>EMA21,bull,80,put writing|call unwinding,1.196,14804031,17712140,16141438,bull,97,Long Buildup,bull,BUY CALL,98,up,,BULLISH,up,clear,5,7,12.83,24349.5,0.06,24300
2026-09-27,20:49:49,2026-09-29T00:54:00,24334.93,24357.1,24334.25,24356.05,24356.0,bull,60,EMA9>EMA21,bull,80,put writing|call unwinding,1.199,14793826,17734521,16183253,bull,97,Long Buildup,bull,BUY CALL,99,up,,BULLISH,up,clear,5,7,12.86,24370.7,0.06,24300
2026-09-27,20:49:50,2026-09-29T00:57:00,24356.05,24360.73,24355.15,24359.52,24359.5,bull,60,EMA9>EMA21,bull,80,put writing|call unwinding,1.202,14780920,17764389,16241042,bull,100,Long Buildup,bull,BUY CALL,99,up,,BULLISH,up,clear,5,7,12.92,24374.1,0.06,24300
2026-09-27,20:49:51,2026-09-29T01:00:00,24359.52,24376.61,24358.12,24375.65,24375.7,bull,60,EMA9>EMA21,bull,80,put writing|call unwinding,1.205,14767036,17799241,16267004,bull,92,Long Buildup,bull,BUY CALL,99,up,,BULLISH,up,clear,5,7,12.93,24390.3,0.06,24350
2026-09-27,20:49:52,2026-09-29T01:03:00,24375.65,24396.08,24374.13,24395.77,24395.8,bull,60,EMA9>EMA21,bull,80,put writing|call unwinding,1.207,14758872,17815338,16316988,bull,98,Long Buildup,bull,BUY CALL,99,up,,BULLISH,up,clear,5,7,12.97,24410.4,0.06,24350
2026-09-27,20:49:54,2026-09-29T01:06:00,24395.77,24409.08,24394.82,24407.84,24407.8,bull,60,EMA9>EMA21,bull,80,put writing|call unwinding,1.211,14740525,17846610,16373158,bull,99,Long Buildup,bull,BUY CALL,99,up,,BULLISH,up,clear,5,7,13.02,24422.5,0.06,24350
2026-09-27,20:49:55,2026-09-29T01:09:00,24407.84,24426.02,24407.64,24425.96,24426.0,bull,60,EMA9>EMA21,bull,80,put writing|call unwinding,1.213,14727030,17865526,16406938,bull,95,Long Buildup,bull,BUY CALL,99,up,,MILD BULLISH,up,mild,4,7,13.03,24440.6,0.06,24400
2026-09-27,20:49:56,2026-09-29T01:12:00,24425.96,24440.92,24424.8,24440.35,24440.3,bull,60,EMA9>EMA21,bull,80,put writing|call unwinding,1.217,14709250,17904132,16369393,bull,38,Short Covering,bull,BUY CALL,99,up,,MILD BULLISH,up,mild,4,7,13.09,24430.6,-0.04,24400
2026-09-27,20:49:57,2026-09-29T01:15:00,24440.35,24452.95,24439.3,24452.55,24452.5,bull,60,EMA9>EMA21,bull,80,put writing|call unwinding,1.22,14692091,17927677,16353181,bull,35,Short Covering,bull,BUY CALL,99,up,,NEUTRAL / RANGE,neutral,mixed,0,7,13.08,24442.8,-0.04,24400
2026-09-27,20:49:58,2026-09-29T01:18:00,24452.55,24470.79,24451.37,24470.75,24470.8,bull,60,EMA9>EMA21,bull,80,put writing|call unwinding,1.223,14681354,17959736,16327489,bull,37,Short Covering,bull,BUY CALL,99,up,,MILD BULLISH,up,mild,4,7,13.02,24461.0,-0.04,24400
2026-09-27,20:50:00,2026-09-29T01:21:00,24470.75,24483.49,24469.99,24482.87,24482.9,bull,60,EMA9>EMA21,bull,80,put writing|call unwinding,1.225,14673616,17982126,16306296,bull,36,Short Covering,bull,BUY CALL,99,up,,MILD BULLISH,up,mild,4,7,13.05,24473.1,-0.04,24450
2026-09-27,20:50:01,2026-09-29T01:24:00,24482.87,24508.24,24481.84,24506.71,24506.7,bull,60,EMA9>EMA21,bull,80,put writing|call unwinding,1.229,14656149,18008615,16271341,bull,38,Short Covering,bull,BUY CALL,99,up,,MILD BULLISH,up,mild,4,7,13.02,24496.9,-0.04,24450
2026-09-27,20:50:02,2026-09-29T01:27:00,24506.71,24508.12,24503.66,24504.66,24504.7,bull,60,EMA9>EMA21,bull,80,put writing|call unwinding,1.232,14643460,18047285,16239100,bull,38,Short Covering,bull,BUY CALL,99,up,,MILD BULLISH,up,mild,4,7,13.14,24494.9,-0.04,24450
2026-09-27,20:50:03,2026-09-29T01:30:00,24504.66,24516.26,24503.45,24515.57,24515.6,bull,60,EMA9>EMA21,bull,80,put writing|call unwinding,1.234,14636499,18064076,16217434,bull,36,Short Covering,bull,BUY CALL,99,up,,MILD BULLISH,up,mild,4,7,13.19,24505.8,-0.04,24450
2026-09-27,20:50:05,2026-09-29T01:33:00,24515.57,24528.02,24515.46,24526.58,24526.6,bull,60,EMA9>EMA21,bull,80,put writing|call unwinding,1.238,14623188,18097757,16187240,bull,38,Short Covering,bull,BUY CALL,99,up,,MILD BULLISH,up,mild,4,7,13.17,24516.8,-0.04,24500
2026-09-27,20:50:06,2026-09-29T01:36:00,24526.58,24540.88,24525.34,24539.98,24540.0,bull,60,EMA9>EMA21,bear,-80,call writing|put unwinding,1.234,14649669,18083997,16147796,bull,38,Short Covering,bull,TRAP,49,up,BULL TRAP,MILD BULLISH,up,mild,4,7,13.25,24530.2,-0.04,24600
2026-09-27,20:50:07,2026-09-29T01:39:00,24539.98,24542.84,24538.26,24542.33,24542.3,bull,60,EMA9>EMA21,bear,-80,call writing|put unwinding,1.232,14680246,18078791,16116692,bull,38,Short Covering,bull,TRAP,25,up,BULL TRAP,NEUTRAL / RANGE,neutral,mixed,0,7,13.22,24532.5,-0.04,24600
2026-09-27,20:50:08,2026-09-29T01:42:00,24542.33,24548.18,24540.86,24547.68,24547.7,bull,60,EMA9>EMA21,bear,-80,call writing|put unwinding,1.229,14698397,18066876,16100195,bull,35,Short Covering,bull,TRAP,12,up,BULL TRAP,MILD BULLISH,up,mild,4,7,13.12,24537.9,-0.04,24600
2026-09-27,20:50:09,2026-09-29T01:45:00,24547.68,24554.6,24546.89,24554.34,24554.3,bull,60,EMA9>EMA21,bear,-80,call writing|put unwinding,1.225,14731322,18050197,16075914,bull,37,Short Covering,bull,TRAP,6,up,BULL TRAP,MILD BULLISH,up,mild,3,7,13.06,24544.5,-0.04,24600
2026-09-27,20:50:11,2026-09-29T01:48:00,24554.34,24563.73,24552.9,24563.72,24563.7,bull,60,EMA9>EMA21,bear,-80,call writing|put unwinding,1.222,14763143,18037932,16058879,bull,35,Short Covering,bull,TRAP,3,up,BULL TRAP,MILD BULLISH,up,mild,4,7,13.11,24553.9,-0.04,24600
2026-09-27,20:50:12,2026-09-29T01:51:00,24563.72,24573.93,24563.52,24572.31,24572.3,bull,60,EMA9>EMA21,bear,-80,call writing|put unwinding,1.219,14786381,18024620,16043548,bull,35,Short Covering,bull,TRAP,2,up,BULL TRAP,NEUTRAL / RANGE,neutral,mixed,0,7,13.14,24562.5,-0.04,24600
2026-09-27,20:50:13,2026-09-29T01:54:00,24572.31,24573.17,24554.54,24555.09,24555.1,bull,60,EMA9>EMA21,bear,-80,call writing|put unwinding,1.215,14820660,18014193,16009092,bull,38,Short Covering,neutral,TRAP,1,up,BULL TRAP,MILD BEARISH,down,mild,4,7,13.18,24545.3,-0.04,24600
2026-09-27,20:50:14,2026-09-29T01:57:00,24555.09,24555.45,24536.0,24539.75,24539.8,bull,60,EMA9>EMA21,bear,-80,call writing|put unwinding,1.213,14840007,17997092,15994228,bull,35,Short Covering,bear,TRAP,0,up,BULL TRAP,MILD BEARISH,down,mild,4,7,13.27,24529.9,-0.04,24600
2026-09-27,20:50:16,2026-09-29T02:00:00,24539.75,24541.3,24522.9,24523.68,24523.7,bull,60,EMA9>EMA21,bear,-80,call writing|put unwinding,1.211,14858655,17990926,15962980,bull,38,Short Covering,bear,TRAP,0,up,BULL TRAP,MILD BEARISH,down,mild,4,7,13.4,24513.9,-0.04,24550
2026-09-27,20:50:17,2026-09-29T02:03:00,24523.68,24524.69,24505.32,24506.14,24506.1,bull,60,EMA9>EMA21,bear,-80,call writing|put unwinding,1.208,14882505,17974163,15945943,bull,35,Short Covering,bear,TRAP,0,up,BULL TRAP,MILD BEARISH,down,mild,4,7,13.46,24496.3,-0.04,24550
2026-09-27,20:50:18,2026-09-29T02:06:00,24506.14,24506.33,24488.13,24489.45,24489.5,bull,60,EMA9>EMA21,bear,-80,call writing|put unwinding,1.204,14916415,17966042,15934592,bull,34,Short Covering,bear,TRAP,0,up,BULL TRAP,MILD BEARISH,down,mild,4,7,13.5,24479.7,-0.04,24550
2026-09-27,20:50:19,2026-09-29T02:09:00,24489.45,24489.83,24474.22,24476.27,24476.3,bull,40,EMA9>EMA21,bear,-80,call writing|put unwinding,1.201,14945619,17947067,15906720,bull,37,Short Covering,bear,TRAP,0,up,BULL TRAP,BEARISH,down,clear,5,7,13.66,24466.5,-0.04,24550
2026-09-27,20:50:21,2026-09-29T02:12:00,24476.27,24477.81,24457.92,24459.48,24459.5,bull,40,EMA9>EMA21,bear,-80,call writing|put unwinding,1.197,14984141,17932909,15882861,bull,37,Short Covering,bear,TRAP,0,up,BULL TRAP,MILD BEARISH,down,mild,3,7,13.63,24449.7,-0.04,24500
2026-09-27,20:50:22,2026-09-29T02:15:00,24459.48,24461.95,24441.78,24442.38,24442.4,bull,20,EMA9>EMA21,bear,-80,call writing|put unwinding,1.194,15009178,17915967,15846023,bull,38,Short Covering,bear,WAIT,0,up,,NEUTRAL / RANGE,neutral,mixed,0,7,13.66,24432.6,-0.04,24500
2026-09-27,20:50:23,2026-09-29T02:18:00,24442.38,24444.07,24412.7,24412.88,24412.9,bear,-60,EMA9<EMA21,bear,-80,call writing|put unwinding,1.19,15043619,17896411,15819207,bear,-37,Long Unwinding,bear,WAIT,50,down,,MILD BEARISH,down,mild,3,7,13.63,24403.1,-0.04,24450
2026-09-27,20:50:24,2026-09-29T02:21:00,24412.88,24413.04,24396.75,24397.18,24397.2,bear,-60,EMA9<EMA21,bear,-80,call writing|put unwinding,1.187,15070739,17885516,15799961,bear,-36,Long Unwinding,bear,BUY PUT,74,down,,NEUTRAL / RANGE,neutral,mixed,0,7,13.74,24387.4,-0.04,24450
2026-09-27,20:50:25,2026-09-29T02:24:00,24397.18,24397.61,24373.02,24373.38,24373.4,bear,-60,EMA9<EMA21,bear,-80,call writing|put unwinding,1.184,15095689,17870841,15765481,bear,-38,Long Unwinding,bear,BUY PUT,87,down,,MILD BEARISH,down,mild,3,7,13.82,24363.6,-0.04,24400
2026-09-27,20:50:27,2026-09-29T02:27:00,24373.38,24374.47,24344.93,24345.39,24345.4,bear,-60,EMA9<EMA21,bear,-80,call writing|put unwinding,1.181,15127132,17859990,15736671,bear,-37,Long Unwinding,bear,BUY PUT,93,down,,NEUTRAL / RANGE,neutral,mixed,0,7,13.82,24335.7,-0.04,24400
2026-09-27,20:50:28,2026-09-29T02:30:00,24345.39,24345.82,24321.63,24323.37,24323.4,bear,-60,EMA9<EMA21,bear,-80,call writing|put unwinding,1.178,15145323,17843011,15701362,bear,-38,Long Unwinding,bear,BUY PUT,96,down,,MILD BEARISH,down,mild,3,7,13.77,24313.6,-0.04,24350
2026-09-27,20:50:29,2026-09-29T02:33:00,24323.37,24324.67,24289.65,24290.72,24290.7,bear,-60,EMA9<EMA21,bear,-80,call writing|put unwinding,1.176,15162605,17825864,15685400,bear,-35,Long Unwinding,bear,BUY PUT,97,down,,NEUTRAL / RANGE,neutral,mixed,0,7,13.77,24281.0,-0.04,24350
2026-09-27,20:50:30,2026-09-29T02:36:00,24290.72,24290.86,24267.12,24268.43,24268.4,bear,-60,EMA9<EMA21,bear,-80,call writing|put unwinding,1.174,15179296,17819042,15659137,bear,-37,Long Unwinding,bear,BUY PUT,98,down,,MILD BEARISH,down,mild,4,7,13.91,24258.7,-0.04,24300
2026-09-27,20:50:32,2026-09-29T02:39:00,24268.43,24268.93,24244.28,24244.29,24244.3,bear,-60,EMA9<EMA21,bear,-80,call writing|put unwinding,1.17,15219013,17803826,15635019,bear,-37,Long Unwinding,bear,BUY PUT,99,down,,MILD BEARISH,down,mild,4,7,14.09,24234.6,-0.04,24300
2026-09-27,20:50:33,2026-09-29T02:42:00,24244.29,24244.88,24233.33,24233.41,24233.4,bear,-60,EMA9<EMA21,bear,-80,call writing|put unwinding,1.166,15251597,17785823,15613481,bear,-36,Long Unwinding,bear,BUY PUT,99,down,,MILD BEARISH,down,mild,4,7,14.24,24223.7,-0.04,24300
2026-09-27,20:50:34,2026-09-29T02:45:00,24233.41,24233.5,24202.33,24204.99,24205.0,bear,-60,EMA9<EMA21,bear,-80,call writing|put unwinding,1.164,15275286,17777879,15588962,bear,-37,Long Unwinding,bear,BUY PUT,99,down,,MILD BEARISH,down,mild,3,7,14.23,24195.3,-0.04,24250
2026-09-27,20:50:35,2026-09-29T02:48:00,24204.99,24205.45,24193.55,24195.04,24195.0,bear,-60,EMA9<EMA21,bull,80,put writing|call unwinding,1.166,15263357,17803912,15622219,bear,-95,Short Buildup,bear,TRAP,49,down,BEAR TRAP,MILD BULLISH,up,mild,3,7,14.21,24209.6,0.06,24150
2026-09-27,20:50:37,2026-09-29T02:51:00,24195.04,24200.74,24194.14,24200.57,24200.6,bear,-60,EMA9<EMA21,bull,80,put writing|call unwinding,1.17,15244385,17836210,15646455,bear,-92,Short Buildup,bear,TRAP,25,down,BEAR TRAP,MILD BULLISH,up,mild,4,7,14.14,24215.1,0.06,24150
2026-09-27,20:50:38,2026-09-29T02:54:00,24200.57,24201.5,24193.99,24195.1,24195.1,bear,-60,EMA9<EMA21,bull,80,put writing|call unwinding,1.172,15236564,17858326,15683143,bear,-96,Short Buildup,bear,TRAP,12,down,BEAR TRAP,MILD BULLISH,up,mild,3,7,14.1,24209.6,0.06,24150
2026-09-27,20:50:39,2026-09-29T02:57:00,24195.1,24196.56,24180.95,24182.88,24182.9,bear,-60,EMA9<EMA21,bull,80,put writing|call unwinding,1.175,15224991,17892692,15713879,bear,-94,Short Buildup,bear,TRAP,6,down,BEAR TRAP,MILD BULLISH,up,mild,3,7,14.15,24197.4,0.06,24150
2026-09-27,20:50:40,2026-09-29T03:00:00,24182.88,24187.71,24182.86,24186.01,24186.0,bear,-60,EMA9<EMA21,bull,80,put writing|call unwinding,1.178,15205674,17912191,15740872,bear,-93,Short Buildup,bear,TRAP,3,down,BEAR TRAP,MILD BULLISH,up,mild,3,7,14.13,24200.5,0.06,24150
2026-09-27,20:50:41,2026-09-29T03:03:00,24186.01,24187.78,24169.24,24171.76,24171.8,bear,-60,EMA9<EMA21,bull,80,put writing|call unwinding,1.181,15190221,17939014,15776922,bear,-95,Short Buildup,bear,TRAP,2,down,BEAR TRAP,MILD BULLISH,up,mild,3,7,14.2,24186.3,0.06,24100
2026-09-27,20:50:43,2026-09-29T03:06:00,24171.76,24173.46,24155.57,24156.47,24156.5,bear,-60,EMA9<EMA21,neutral,0,put writing|call writing,1.181,15192473,17942683,15776824,bear,-17,Long Unwinding,bear,WAIT,36,down,,MILD BULLISH,up,mild,3,7,14.22,24156.5,0.0,24150
2026-09-27,20:50:44,2026-09-29T03:09:00,24156.47,24158.32,24142.6,24142.74,24142.7,bear,-60,EMA9<EMA21,bull,80,put writing|call unwinding,1.182,15189765,17947361,15777017,bear,-48,Short Buildup,bear,TRAP,18,down,BEAR TRAP,MILD BULLISH,up,mild,3,7,14.23,24142.7,0.0,24150
2026-09-27,20:50:45,2026-09-29T03:12:00,24142.74,24145.02,24141.19,24142.28,24142.3,bear,-60,EMA9<EMA21,bear,-80,call writing|put unwinding,1.181,15192713,17946489,15779745,bear,-72,Short Buildup,bear,WAIT,59,down,,MILD BULLISH,up,mild,3,7,14.13,24142.3,0.0,24150
2026-09-27,20:50:46,2026-09-29T03:15:00,24142.28,24142.78,24115.94,24117.28,24117.3,bear,-60,EMA9<EMA21,neutral,0,put writing|call writing,1.181,15193017,17949900,15780965,bear,-65,Short Buildup,bear,BUY PUT,65,down,,MILD BULLISH,up,mild,3,7,14.07,24117.3,0.0,24100
2026-09-27,20:50:48,2026-09-29T03:18:00,24117.28,24127.24,24116.41,24126.1,24126.1,bear,-60,EMA9<EMA21,bull,80,put writing|call unwinding,1.182,15189159,17953017,15773252,bear,-33,Long Unwinding,bear,TRAP,32,down,BEAR TRAP,MILD BULLISH,up,mild,4,7,14.14,24126.1,0.0,24150
2026-09-27,20:50:49,2026-09-29T03:21:00,24126.1,24129.43,24125.69,24127.39,24127.4,bear,-60,EMA9<EMA21,bear,-80,call writing|put unwinding,1.182,15189764,17951073,15781227,bear,-82,Short Buildup,bear,WAIT,66,down,,NEUTRAL / RANGE,neutral,mixed,0,7,14.19,24127.4,0.0,24150
2026-09-27,20:50:50,2026-09-29T03:24:00,24127.39,24128.16,24119.4,24119.55,24119.5,bear,-60,EMA9<EMA21,bear,-80,call writing|put unwinding,1.181,15190484,17947293,15781751,bear,-57,Short Buildup,neutral,BUY PUT,68,down,,MILD BULLISH,up,mild,2,7,14.05,24119.6,0.0,24100
2026-09-27,20:50:51,2026-09-29T03:27:00,24119.55,24131.18,24118.59,24131.13,24131.1,bear,-60,EMA9<EMA21,bull,80,put writing|call unwinding,1.182,15187838,17948582,15782360,bear,-58,Short Buildup,bull,TRAP,34,down,BEAR TRAP,MILD BULLISH,up,mild,4,7,14.11,24131.1,0.0,24150
2026-09-27,20:50:53,2026-09-29T03:30:00,24131.13,24131.92,24125.22,24126.62,24126.6,bear,-60,EMA9<EMA21,bull,80,put writing|call unwinding,1.182,15187362,17951141,15777363,bear,-31,Long Unwinding,neutral,TRAP,17,down,BEAR TRAP,MILD BULLISH,up,mild,3,7,14.13,24126.6,0.0,24150
2026-09-27,20:50:54,2026-09-29T03:33:00,24126.62,24126.69,24119.82,24120.79,24120.8,bear,-60,EMA9<EMA21,neutral,0,call unwinding|put unwinding,1.182,15182729,17948748,15781482,bear,-76,Short Buildup,neutral,WAIT,9,down,,MILD BULLISH,up,mild,3,7,14.21,24120.8,0.0,24100
2026-09-27,20:50:55,2026-09-29T03:36:00,24120.79,24123.82,24120.31,24123.8,24123.8,bear,-60,EMA9<EMA21,bull,80,put writing|call unwinding,1.183,15179827,17950858,15784909,bear,-74,Short Buildup,bear,TRAP,4,down,BEAR TRAP,MILD BULLISH,up,mild,3,7,14.16,24123.8,0.0,24100
2026-09-27,20:50:56,2026-09-29T03:39:00,24123.8,24127.06,24120.49,24125.13,24125.1,bear,-60,EMA9<EMA21,neutral,0,put writing|call writing,1.183,15182274,17953935,15787890,bear,-73,Short Buildup,bear,WAIT,38,down,,NEUTRAL / RANGE,neutral,mixed,0,7,14.12,24125.1,0.0,24150
2026-09-27,20:50:57,2026-09-29T03:42:00,24125.13,24125.67,24119.58,24119.92,24119.9,bear,-60,EMA9<EMA21,bull,80,put writing|call unwinding,1.183,15176338,17956972,15785256,bear,-29,Long Unwinding,neutral,TRAP,19,down,BEAR TRAP,NEUTRAL / RANGE,neutral,mixed,0,7,14.07,24119.9,0.0,24100
2026-09-27,20:50:59,2026-09-29T03:45:00,24119.92,24122.62,24104.28,24105.16,24105.2,bear,-60,EMA9<EMA21,bull,80,put writing|call unwinding,1.184,15170836,17959937,15789855,bear,-77,Short Buildup,bear,TRAP,9,down,BEAR TRAP,MILD BULLISH,up,mild,3,7,14.04,24105.2,0.0,24100
2026-09-27,20:51:00,2026-09-29T03:48:00,24105.16,24129.33,24104.1,24127.8,24127.8,bear,-60,EMA9<EMA21,bull,80,put writing|call unwinding,1.186,15161449,17987552,15815395,bear,-92,Short Buildup,neutral,TRAP,5,down,BEAR TRAP,BULLISH,up,clear,5,7,14.08,24142.3,0.06,24100
2026-09-27,20:51:01,2026-09-29T03:51:00,24127.8,24139.08,24126.28,24137.36,24137.4,bear,-60,EMA9<EMA21,bull,80,put writing|call unwinding,1.188,15151902,18004779,15842239,bear,-93,Short Buildup,bull,TRAP,2,down,BEAR TRAP,BULLISH,up,clear,5,7,14.0,24151.8,0.06,24100
2026-09-27,20:51:02,2026-09-29T03:54:00,24137.36,24158.18,24137.34,24156.69,24156.7,bear,-60,EMA9<EMA21,bull,80,put writing|call unwinding,1.191,15137205,18021590,15873424,bear,-94,Short Buildup,bull,TRAP,1,down,BEAR TRAP,BULLISH,up,clear,5,7,13.93,24171.2,0.06,24100
2026-09-27,20:51:04,2026-09-29T03:57:00,24156.69,24169.98,24155.44,24169.51,24169.5,bear,-40,EMA9<EMA21,bull,80,put writing|call unwinding,1.192,15130923,18038681,15893576,bear,-90,Short Buildup,bull,TRAP,1,down,BEAR TRAP,BULLISH,up,clear,5,7,13.95,24184.0,0.06,24100
2026-09-27,20:51:05,2026-09-29T04:00:00,24169.51,24185.74,24166.27,24184.58,24184.6,bear,-40,EMA9<EMA21,bull,80,put writing|call unwinding,1.196,15112431,18071362,15929963,bear,-95,Short Buildup,bull,TRAP,0,down,BEAR TRAP,BULLISH,up,clear,5,7,13.97,24199.1,0.06,24150
2026-09-27,20:51:06,2026-09-29T04:03:00,24184.58,24208.06,24184.4,24207.52,24207.5,bear,-20,EMA9<EMA21,bull,80,put writing|call unwinding,1.198,15098420,18088235,15972963,bear,-97,Short Buildup,bull,WAIT,0,down,,BULLISH,up,clear,5,7,14.01,24222.0,0.06,24150
2026-09-27,20:51:07,2026-09-29T04:06:00,24207.52,24218.24,24207.52,24215.47,24215.5,bull,60,EMA9>EMA21,bull,80,put writing|call unwinding,1.202,15082685,18124934,16011818,bull,96,Long Buildup,bull,WAIT,50,up,,BULLISH,up,clear,5,7,13.96,24230.0,0.06,24150
2026-09-27,20:51:08,2026-09-29T04:09:00,24215.47,24223.89,24214.12,24223.36,24223.4,bull,60,EMA9>EMA21,bull,80,put writing|call unwinding,1.204,15070605,18148990,16042964,bull,94,Long Buildup,bull,BUY CALL,74,up,,BULLISH,up,clear,5,7,13.95,24237.9,0.06,24150
2026-09-27,20:51:10,2026-09-29T04:12:00,24223.36,24240.57,24221.18,24238.8,24238.8,bull,60,EMA9>EMA21,bull,80,put writing|call unwinding,1.207,15055234,18165915,16102632,bull,100,Long Buildup,bull,BUY CALL,87,up,,MILD BULLISH,up,mild,4,7,13.9,24253.3,0.06,24200
2026-09-27,20:51:11,2026-09-29T04:15:00,24238.8,24268.53,24238.78,24267.25,24267.2,bull,60,EMA9>EMA21,bull,80,put writing|call unwinding,1.209,15046132,18187770,16130435,bull,93,Long Buildup,bull,BUY CALL,93,up,,BULLISH,up,clear,5,7,13.91,24281.8,0.06,24200
2026-09-27,20:51:12,2026-09-29T04:18:00,24267.25,24291.61,24265.99,24291.55,24291.5,bull,60,EMA9>EMA21,bull,80,put writing|call unwinding,1.211,15034021,18205813,16172913,bull,97,Long Buildup,bull,BUY CALL,96,up,,BULLISH,up,clear,5,7,13.87,24306.1,0.06,24250
2026-09-27,20:51:13,2026-09-29T04:21:00,24291.55,24292.99,24289.49,24291.44,24291.4,bull,60,EMA9>EMA21,bull,80,put writing|call unwinding,1.214,15016076,18227792,16199954,bull,93,Long Buildup,bull,BUY CALL,97,up,,BULLISH,up,clear,5,7,13.79,24306.0,0.06,24250
2026-09-27,20:51:15,2026-09-29T04:24:00,24291.44,24320.75,24290.94,24319.26,24319.3,bull,60,EMA9>EMA21,bull,80,put writing|call unwinding,1.216,15002071,18249216,16252958,bull,99,Long Buildup,bull,BUY CALL,98,up,,BULLISH,up,clear,5,7,13.73,24333.9,0.06,24250
2026-09-27,20:51:16,2026-09-29T04:27:00,24319.26,24344.67,24317.87,24344.02,24344.0,bull,60,EMA9>EMA21,bull,80,put writing|call unwinding,1.219,14996010,18274636,16281834,bull,93,Long Buildup,bull,BUY CALL,99,up,,BULLISH,up,clear,5,7,13.65,24358.6,0.06,24300
2026-09-27,20:51:17,2026-09-29T04:30:00,24344.02,24365.94,24343.76,24365.18,24365.2,bull,60,EMA9>EMA21,bull,80,put writing|call unwinding,1.221,14985819,18290453,16312170,bull,94,Long Buildup,bull,BUY CALL,99,up,,BULLISH,up,clear,5,7,13.7,24379.8,0.06,24300
2026-09-27,20:51:18,2026-09-29T04:33:00,24365.18,24386.95,24364.48,24385.69,24385.7,bull,60,EMA9>EMA21,bull,80,put writing|call unwinding,1.224,14966094,18315497,16367092,bull,99,Long Buildup,bull,BUY CALL,99,up,,BULLISH,up,clear,5,7,13.66,24400.3,0.06,24350
2026-09-27,20:51:20,2026-09-29T04:36:00,24385.69,24412.87,24384.95,24411.1,24411.1,bull,60,EMA9>EMA21,bull,80,put writing|call unwinding,1.226,14957825,18338739,16417588,bull,98,Long Buildup,bull,BUY CALL,99,up,,BULLISH,up,clear,5,7,13.59,24425.7,0.06,24350
2026-09-27,20:51:21,2026-09-29T04:39:00,24411.1,24428.82,24410.82,24427.07,24427.1,bull,60,EMA9>EMA21,bull,80,put writing|call unwinding,1.23,14943828,18377425,16446157,bull,93,Long Buildup,bull,BUY CALL,99,up,,BULLISH,up,clear,5,7,13.64,24441.7,0.06,24400
2026-09-27,20:51:22,2026-09-29T04:42:00,24427.07,24443.8,24426.13,24442.47,24442.5,bull,60,EMA9>EMA21,bull,80,put writing|call unwinding,1.233,14925347,18404274,16428669,bull,36,Short Covering,bull,BUY CALL,99,up,,NEUTRAL / RANGE,neutral,mixed,0,7,13.58,24432.7,-0.04,24400
2026-09-27,20:51:23,2026-09-29T04:45:00,24442.47,24468.45,24440.8,24467.41,24467.4,bull,60,EMA9>EMA21,bull,80,put writing|call unwinding,1.237,14907950,18441906,16396628,bull,38,Short Covering,bull,BUY CALL,99,up,,MILD BULLISH,up,mild,4,7,13.54,24457.6,-0.04,24400
2026-09-27,20:51:24,2026-09-29T04:48:00,24467.41,24474.96,24464.85,24474.62,24474.6,bull,60,EMA9>EMA21,bull,80,put writing|call unwinding,1.24,14894806,18467295,16381848,bull,35,Short Covering,bull,BUY CALL,99,up,,MILD BEARISH,down,mild,4,7,13.49,24464.8,-0.04,24400
2026-09-27,20:51:26,2026-09-29T04:51:00,24474.62,24481.22,24474.43,24479.64,24479.6,bull,60,EMA9>EMA21,bull,80,put writing|call unwinding,1.242,14886576,18486044,16358156,bull,37,Short Covering,bull,BUY CALL,99,up,,NEUTRAL / RANGE,neutral,mixed,0,7,13.44,24469.9,-0.04,24450
2026-09-27,20:51:27,2026-09-29T04:54:00,24479.64,24493.63,24477.61,24492.99,24493.0,bull,60,EMA9>EMA21,bull,80,put writing|call unwinding,1.244,14871955,18506612,16340219,bull,36,Short Covering,bull,BUY CALL,99,up,,MILD BULLISH,up,mild,3,7,13.41,24483.2,-0.04,24450
2026-09-27,20:51:28,2026-09-29T04:57:00,24492.99,24494.64,24492.18,24494.5,24494.5,bull,60,EMA9>EMA21,bull,80,put writing|call unwinding,1.246,14861617,18522226,16319974,bull,36,Short Covering,bull,BUY CALL,99,up,,MILD BULLISH,up,mild,4,7,13.33,24484.7,-0.04,24450
2026-09-27,20:51:29,2026-09-29T05:00:00,24494.5,24508.5,24493.45,24507.91,24507.9,bull,60,EMA9>EMA21,bull,80,put writing|call unwinding,1.248,14849097,18538427,16289808,bull,38,Short Covering,bull,BUY CALL,99,up,,MILD BULLISH,up,mild,4,7,13.27,24498.1,-0.04,24450
2026-09-27,20:51:31,2026-09-29T05:03:00,24507.91,24521.35,24507.7,24521.23,24521.2,bull,60,EMA9>EMA21,bull,80,put writing|call unwinding,1.251,14831576,18561344,16267086,bull,36,Short Covering,bull,BUY CALL,99,up,,MILD BULLISH,up,mild,4,7,13.27,24511.4,-0.04,24450
2026-09-27,20:51:32,2026-09-29T05:06:00,24521.23,24528.11,24518.92,24527.71,24527.7,bull,60,EMA9>EMA21,bear,-80,call writing|put unwinding,1.249,14849480,18553273,16247278,bull,36,Short Covering,bull,TRAP,49,up,BULL TRAP,MILD BULLISH,up,mild,3,7,13.21,24517.9,-0.04,24600
2026-09-27,20:51:33,2026-09-29T05:09:00,24527.71,24539.11,24526.57,24538.78,24538.8,bull,60,EMA9>EMA21,bear,-80,call writing|put unwinding,1.247,14875127,18546374,16217018,bull,38,Short Covering,bull,TRAP,25,up,BULL TRAP,MILD BULLISH,up,mild,4,7,13.27,24529.0,-0.04,24600
2026-09-27,20:51:34,2026-09-29T05:12:00,24538.78,24572.28,24538.72,24572.2,24572.2,bull,60,EMA9>EMA21,bear,-80,call writing|put unwinding,1.245,14891721,18534400,16206496,bull,34,Short Covering,bull,TRAP,12,up,BULL TRAP,MILD BULLISH,up,mild,4,7,13.18,24562.4,-0.04,24600
2026-09-27,20:51:35,2026-09-29T05:15:00,24572.2,24596.22,24572.06,24595.57,24595.6,bull,60,EMA9>EMA21,bear,-80,call writing|put unwinding,1.241,14923695,18519213,16182502,bull,37,Short Covering,bull,TRAP,6,up,BULL TRAP,MILD BEARISH,down,mild,3,7,13.21,24585.7,-0.04,24650
2026-09-27,20:51:37,2026-09-29T05:18:00,24595.57,24596.34,24592.5,24592.55,24592.5,bull,60,EMA9>EMA21,bear,-80,call writing|put unwinding,1.238,14941088,18503754,16147167,bull,38,Short Covering,bull,TRAP,3,up,BULL TRAP,NEUTRAL / RANGE,neutral,mixed,0,7,13.19,24582.7,-0.04,24650
2026-09-27,20:51:38,2026-09-29T05:21:00,24592.55,24595.21,24591.85,24594.42,24594.4,bull,60,EMA9>EMA21,bear,-80,call writing|put unwinding,1.236,14957808,18487223,16124031,bull,37,Short Covering,bull,TRAP,2,up,BULL TRAP,MILD BEARISH,down,mild,4,7,13.19,24584.6,-0.04,24650
2026-09-27,20:51:39,2026-09-29T05:24:00,24594.42,24595.2,24569.22,24570.77,24570.8,bull,60,EMA9>EMA21,bear,-80,call writing|put unwinding,1.233,14984076,18474878,16101082,bull,37,Short Covering,bear,TRAP,1,up,BULL TRAP,MILD BEARISH,down,mild,4,7,13.2,24560.9,-0.04,24600
2026-09-27,20:51:40,2026-09-29T05:27:00,24570.77,24572.14,24546.61,24547.72,24547.7,bull,60,EMA9>EMA21,bear,-80,call writing|put unwinding,1.229,15018239,18462935,16071152,bull,37,Short Covering,bear,TRAP,0,up,BULL TRAP,MILD BEARISH,down,mild,4,7,13.24,24537.9,-0.04,24600
2026-09-27,20:51:42,2026-09-29T05:30:00,24547.72,24548.2,24526.14,24527.07,24527.1,bull,60,EMA9>EMA21,bear,-80,call writing|put unwinding,1.227,15038023,18456851,16037458,bull,38,Short Covering,bear,TRAP,0,up,BULL TRAP,MILD BEARISH,down,mild,4,7,13.28,24517.3,-0.04,24600
2026-09-27,20:51:43,2026-09-29T05:33:00,24527.07,24528.24,24505.11,24505.36,24505.4,bull,60,EMA9>EMA21,bear,-80,call writing|put unwinding,1.224,15070187,18450068,16013131,bull,37,Short Covering,bear,TRAP,0,up,BULL TRAP,MILD BEARISH,down,mild,4,7,13.26,24495.6,-0.04,24550
2026-09-27,20:51:44,2026-09-29T05:36:00,24505.36,24506.48,24491.22,24492.09,24492.1,bull,60,EMA9>EMA21,bear,-80,call writing|put unwinding,1.222,15094430,18438122,15998570,bull,35,Short Covering,bear,TRAP,0,up,BULL TRAP,MILD BEARISH,down,mild,4,7,13.36,24482.3,-0.04,24550
2026-09-27,20:51:45,2026-09-29T05:39:00,24492.09,24492.2,24465.99,24467.22,24467.2,bull,40,EMA9>EMA21,bear,-80,call writing|put unwinding,1.218,15130761,18432177,15985961,bull,34,Short Covering,bear,TRAP,0,up,BULL TRAP,MILD BEARISH,down,mild,4,7,13.37,24457.4,-0.04,24500
2026-09-27,20:51:47,2026-09-29T05:42:00,24467.22,24467.69,24457.05,24457.71,24457.7,bull,40,EMA9>EMA21,bear,-80,call writing|put unwinding,1.215,15163473,18421431,15949516,bull,38,Short Covering,bear,TRAP,0,up,BULL TRAP,MILD BEARISH,down,mild,4,7,13.43,24447.9,-0.04,24500
2026-09-27,20:51:48,2026-09-29T05:45:00,24457.71,24460.45,24431.79,24432.09,24432.1,bull,20,EMA9>EMA21,bear,-80,call writing|put unwinding,1.212,15188786,18406420,15921036,bull,37,Short Covering,bear,WAIT,0,up,,MILD BEARISH,down,mild,4,7,13.49,24422.3,-0.04,24500
2026-09-27,20:51:49,2026-09-29T05:48:00,24432.09,24433.04,24418.96,24419.01,24419.0,bull,20,EMA9>EMA21,bear,-80,call writing|put unwinding,1.209,15224476,18400764,15884878,bull,38,Short Covering,bear,WAIT,0,up,,MILD BEARISH,down,mild,4,7,13.54,24409.2,-0.04,24450
2026-09-27,20:51:50,2026-09-29T05:51:00,24419.01,24419.57,24391.07,24391.23,24391.2,bear,-60,EMA9<EMA21,bear,-80,call writing|put unwinding,1.205,15261536,18392478,15852335,bear,-38,Long Unwinding,bear,WAIT,50,down,,MILD BEARISH,down,mild,4,7,13.6,24381.5,-0.04,24450
2026-09-27,20:51:51,2026-09-29T05:54:00,24391.23,24391.3,24374.91,24376.68,24376.7,bear,-60,EMA9<EMA21,bear,-80,call writing|put unwinding,1.203,15279919,18377966,15837002,bear,-35,Long Unwinding,bear,BUY PUT,74,down,,MILD BEARISH,down,mild,4,7,13.62,24366.9,-0.04,24450
2026-09-27,20:51:53,2026-09-29T05:57:00,24376.68,24376.84,24357.79,24359.6,24359.6,bear,-60,EMA9<EMA21,bear,-80,call writing|put unwinding,1.199,15318262,18367744,15803298,bear,-38,Long Unwinding,bear,BUY PUT,87,down,,MILD BEARISH,down,mild,3,7,13.62,24349.9,-0.04,24400
2026-09-27,20:51:54,2026-09-29T06:00:00,24359.6,24359.89,24343.44,24345.22,24345.2,bear,-60,EMA9<EMA21,bear,-80,call writing|put unwinding,1.195,15356928,18356788,15777160,bear,-37,Long Unwinding,bear,BUY PUT,93,down,,NEUTRAL / RANGE,neutral,mixed,0,7,13.59,24335.5,-0.04,24400
2026-09-27,20:51:55,2026-09-29T06:03:00,24345.22,24346.81,24316.54,24317.34,24317.3,bear,-60,EMA9<EMA21,bear,-80,call writing|put unwinding,1.193,15376265,18342169,15745590,bear,-38,Long Unwinding,bear,BUY PUT,96,down,,MILD BEARISH,down,mild,3,7,13.66,24307.6,-0.04,24350
2026-09-27,20:51:56,2026-09-29T06:06:00,24317.34,24318.5,24306.5,24307.14,24307.1,bear,-60,EMA9<EMA21,bear,-80,call writing|put unwinding,1.19,15410640,18336245,15730531,bear,-35,Long Unwinding,bear,BUY PUT,97,down,,MILD BEARISH,down,mild,3,7,13.67,24297.4,-0.04,24350
2026-09-27,20:51:58,2026-09-29T06:09:00,24307.14,24307.26,24284.37,24284.4,24284.4,bear,-60,EMA9<EMA21,bear,-80,call writing|put unwinding,1.186,15449888,18318057,15703649,bear,-37,Long Unwinding,bear,BUY PUT,98,down,,MILD BULLISH,up,mild,3,7,13.68,24274.7,-0.04,24350
2026-09-27,20:51:59,2026-09-29T06:12:00,24284.4,24285.01,24261.03,24262.23,24262.2,bear,-60,EMA9<EMA21,bear,-80,call writing|put unwinding,1.182,15489434,18310974,15677934,bear,-37,Long Unwinding,bear,BUY PUT,99,down,,MILD BEARISH,down,mild,3,7,13.6,24252.5,-0.04,24300
2026-09-27,20:52:00,2026-09-29T06:15:00,24262.23,24263.89,24239.14,24240.34,24240.3,bear,-60,EMA9<EMA21,bear,-80,call writing|put unwinding,1.179,15516644,18292795,15665811,bear,-34,Long Unwinding,bear,BUY PUT,99,down,,NEUTRAL / RANGE,neutral,mixed,0,7,13.65,24230.6,-0.04,24300
2026-09-27,20:52:01,2026-09-29T06:18:00,24240.34,24242.62,24240.2,24241.06,24241.1,bear,-60,EMA9<EMA21,bull,80,put writing|call unwinding,1.182,15498118,18325647,15706081,bear,-96,Short Buildup,bear,TRAP,49,down,BEAR TRAP,MILD BULLISH,up,mild,3,7,13.63,24255.6,0.06,24200
2026-09-27,20:52:02,2026-09-29T06:21:00,24241.06,24243.67,24240.85,24243.06,24243.1,bear,-60,EMA9<EMA21,bull,80,put writing|call unwinding,1.186,15485036,18358047,15754383,bear,-98,Short Buildup,bear,TRAP,25,down,BEAR TRAP,MILD BULLISH,up,mild,3,7,13.55,24257.6,0.06,24200
2026-09-27,20:52:04,2026-09-29T06:24:00,24243.06,24243.7,24223.86,24224.06,24224.1,bear,-60,EMA9<EMA21,bull,80,put writing|call unwinding,1.189,15473108,18390435,15785753,bear,-94,Short Buildup,bear,TRAP,12,down,BEAR TRAP,MILD BULLISH,up,mild,4,7,13.55,24238.6,0.06,24150
2026-09-27,20:52:05,2026-09-29T06:27:00,24224.06,24226.37,24215.88,24216.95,24217.0,bear,-60,EMA9<EMA21,bull,80,put writing|call unwinding,1.191,15457057,18414383,15831298,bear,-98,Short Buildup,bear,TRAP,6,down,BEAR TRAP,MILD BULLISH,up,mild,3,7,13.46,24231.5,0.06,24150
2026-09-27,20:52:06,2026-09-29T06:30:00,24216.95,24217.82,24207.56,24207.76,24207.8,bear,-60,EMA9<EMA21,bull,80,put writing|call unwinding,1.195,15441189,18454243,15887290,bear,-99,Short Buildup,bear,TRAP,3,down,BEAR TRAP,NEUTRAL / RANGE,neutral,mixed,0,7,13.48,24222.3,0.06,24150
2026-09-27,20:52:07,2026-09-29T06:33:00,24207.76,24208.84,24187.96,24188.15,24188.2,bear,-60,EMA9<EMA21,bull,80,put writing|call unwinding,1.197,15428628,18469861,15917452,bear,-94,Short Buildup,bear,TRAP,2,down,BEAR TRAP,MILD BULLISH,up,mild,3,7,13.6,24202.7,0.06,24150
2026-09-27,20:52:09,2026-09-29T06:36:00,24188.15,24193.79,24185.95,24193.25,24193.2,bear,-60,EMA9<EMA21,neutral,0,call unwinding|put unwinding,1.197,15425833,18466093,15909843,bear,-32,Long Unwinding,bear,WAIT,36,down,,MILD BULLISH,up,mild,3,7,13.62,24193.2,0.0,24200
2026-09-27,20:52:10,2026-09-29T06:39:00,24193.25,24193.27,24190.16,24190.51,24190.5,bear,-60,EMA9<EMA21,neutral,0,call unwinding|put unwinding,1.197,15423810,18464770,15917482,bear,-81,Short Buildup,bear,BUY PUT,54,down,,MILD BULLISH,up,mild,2,7,13.67,24190.5,0.0,24200
2026-09-27,20:52:11,2026-09-29T06:42:00,24190.51,24207.21,24189.41,24206.82,24206.8,bear,-60,EMA9<EMA21,bull,80,put writing|call unwinding,1.197,15422520,18468021,15909799,bear,-33,Long Unwinding,bull,TRAP,27,down,BEAR TRAP,MILD BULLISH,up,mild,3,7,13.78,24206.8,0.0,24200
2026-09-27,20:52:12,2026-09-29T06:45:00,24206.82,24216.08,24205.24,24214.85,24214.8,bear,-60,EMA9<EMA21,neutral,0,put writing|call writing,1.198,15425410,18472159,15905269,bear,-31,Long Unwinding,bull,WAIT,13,down,,NEUTRAL / RANGE,neutral,mixed,0,7,13.75,24214.8,0.0,24200
2026-09-27,20:52:14,2026-09-29T06:48:00,24214.85,24227.24,24213.19,24226.03,24226.0,bear,-60,EMA9<EMA21,bear,-80,call writing|put unwinding,1.197,15428437,18467098,15911390,bear,-79,Short Buildup,bull,WAIT,42,down,,MILD BULLISH,up,mild,3,7,13.89,24226.0,0.0,24250
2026-09-27,20:52:15,2026-09-29T06:51:00,24226.03,24230.09,24224.09,24228.22,24228.2,bear,-60,EMA9<EMA21,neutral,0,call unwinding|put unwinding,1.197,15427705,18464526,15916002,bear,-77,Short Buildup,bull,WAIT,21,down,,MILD BULLISH,up,mild,3,7,13.92,24228.2,0.0,24250
2026-09-27,20:52:16,2026-09-29T06:54:00,24228.22,24230.74,24221.1,24222.23,24222.2,bear,-60,EMA9<EMA21,bear,-80,call writing|put unwinding,1.196,15429241,18460689,15913580,bear,-28,Long Unwinding,bull,WAIT,46,down,,MILD BULLISH,up,mild,3,7,13.95,24222.2,0.0,24200
2026-09-27,20:52:17,2026-09-29T06:57:00,24222.23,24223.45,24213.77,24214.36,24214.4,bear,-60,EMA9<EMA21,neutral,0,call unwinding|put unwinding,1.197,15427764,18459482,15911639,bear,-28,Long Unwinding,bear,BUY PUT,59,down,,MILD BULLISH,up,mild,2,7,13.93,24214.4,0.0,24200
2026-09-27,20:52:18,2026-09-29T07:00:00,24214.36,24220.4,24212.4,24219.49,24219.5,bear,-60,EMA9<EMA21,bull,80,put writing|call unwinding,1.197,15427605,18461960,15905553,bear,-32,Long Unwinding,bear,TRAP,29,down,BEAR TRAP,MILD BULLISH,up,mild,3,7,13.89,24219.5,0.0,24200
2026-09-27,20:52:20,2026-09-29T07:03:00,24219.49,24220.07,24200.31,24201.27,24201.3,bear,-60,EMA9<EMA21,bull,80,put writing|call unwinding,1.197,15426552,18466546,15911834,bear,-80,Short Buildup,bear,TRAP,15,down,BEAR TRAP,MILD BULLISH,up,mild,4,7,13.98,24201.3,0.0,24200
2026-09-27,20:52:21,2026-09-29T07:06:00,24201.27,24201.96,24184.91,24187.84,24187.8,bear,-60,EMA9<EMA21,neutral,0,put writing|call writing,1.197,15428614,18470693,15913363,bear,-67,Short Buildup,bear,WAIT,43,down,,MILD BULLISH,up,mild,4,7,14.14,24187.8,0.0,24200
2026-09-27,20:52:22,2026-09-29T07:09:00,24187.84,24192.94,24186.68,24192.73,24192.7,bear,-60,EMA9<EMA21,bear,-80,call writing|put unwinding,1.197,15431801,18470167,15911704,bear,-27,Long Unwinding,bear,BUY PUT,71,down,,MILD BULLISH,up,mild,4,7,14.13,24192.7,0.0,24200
2026-09-27,20:52:23,2026-09-29T07:12:00,24192.73,24202.01,24192.66,24201.44,24201.4,bear,-60,EMA9<EMA21,bear,-80,call writing|put unwinding,1.197,15434434,18467511,15910291,bear,-26,Long Unwinding,neutral,BUY PUT,71,down,,MILD BULLISH,up,mild,4,7,14.12,24201.4,0.0,24200
2026-09-27,20:52:25,2026-09-29T07:15:00,24201.44,24201.86,24192.25,24192.53,24192.5,bear,-60,EMA9<EMA21,neutral,0,put writing|call writing,1.196,15439248,18470459,15916978,bear,-80,Short Buildup,bull,WAIT,35,down,,MILD BULLISH,up,mild,4,7,14.15,24192.5,0.0,24200
2026-09-27,20:52:26,2026-09-29T07:18:00,24192.53,24218.78,24192.3,24216.9,24216.9,bear,-60,EMA9<EMA21,bull,80,put writing|call unwinding,1.199,15421570,18486255,15974937,bear,-100,Short Buildup,bull,TRAP,18,down,BEAR TRAP,MILD BULLISH,up,mild,4,7,14.23,24231.4,0.06,24150
2026-09-27,20:52:27,2026-09-29T07:21:00,24216.9,24242.05,24215.99,24240.8,24240.8,bear,-40,EMA9<EMA21,bull,80,put writing|call unwinding,1.202,15408281,18525817,16017062,bear,-97,Short Buildup,bull,TRAP,9,down,BEAR TRAP,BULLISH,up,clear,5,7,14.19,24255.3,0.06,24200
2026-09-27,20:52:28,2026-09-29T07:24:00,24240.8,24257.05,24240.39,24255.8,24255.8,bear,-40,EMA9<EMA21,bull,80,put writing|call unwinding,1.205,15398306,18552242,16061084,bear,-97,Short Buildup,bull,TRAP,4,down,BEAR TRAP,BULLISH,up,clear,5,7,14.18,24270.4,0.06,24200
2026-09-27,20:52:29,2026-09-29T07:27:00,24255.8,24289.02,24254.96,24287.47,24287.5,bear,-20,EMA9<EMA21,bull,80,put writing|call unwinding,1.208,15392077,18587476,16095679,bear,-95,Short Buildup,bull,WAIT,2,down,,MILD BULLISH,up,mild,4,7,14.08,24302.0,0.06,24250
2026-09-27,20:52:31,2026-09-29T07:30:00,24287.47,24315.31,24286.85,24314.42,24314.4,bull,60,EMA9>EMA21,bull,80,put writing|call unwinding,1.21,15378343,18604764,16131864,bull,95,Long Buildup,bull,WAIT,51,up,,BULLISH,up,clear,5,7,14.0,24329.0,0.06,24250
2026-09-27,20:52:32,2026-09-29T07:33:00,24314.42,24323.49,24314.37,24322.6,24322.6,bull,60,EMA9>EMA21,bull,80,put writing|call unwinding,1.213,15359552,18628193,16182404,bull,98,Long Buildup,bull,BUY CALL,75,up,,BULLISH,up,clear,5,7,13.92,24337.2,0.06,24250
2026-09-27,20:52:33,2026-09-29T07:36:00,24322.6,24343.65,24322.2,24342.77,24342.8,bull,60,EMA9>EMA21,bull,80,put writing|call unwinding,1.216,15339686,18656167,16228813,bull,98,Long Buildup,bull,BUY CALL,87,up,,BULLISH,up,clear,5,7,13.81,24357.4,0.06,24300
2026-09-27,20:52:34,2026-09-29T07:39:00,24342.77,24365.36,24341.41,24363.76,24363.8,bull,60,EMA9>EMA21,bull,80,put writing|call unwinding,1.218,15331811,18680144,16258579,bull,94,Long Buildup,bull,BUY CALL,93,up,,BULLISH,up,clear,5,7,13.77,24378.4,0.06,24300
2026-09-27,20:52:36,2026-09-29T07:42:00,24363.76,24381.66,24363.54,24380.78,24380.8,bull,60,EMA9>EMA21,bull,80,put writing|call unwinding,1.222,15316044,18711972,16306179,bull,98,Long Buildup,bull,BUY CALL,96,up,,MILD BULLISH,up,mild,4,7,13.77,24395.4,0.06,24350
2026-09-27,20:52:37,2026-09-29T07:45:00,24380.78,24407.2,24380.55,24406.81,24406.8,bull,60,EMA9>EMA21,bull,80,put writing|call unwinding,1.224,15308830,18734248,16361972,bull,99,Long Buildup,bull,BUY CALL,97,up,,BULLISH,up,clear,5,7,13.78,24421.4,0.06,24350
2026-09-27,20:52:38,2026-09-29T07:48:00,24406.81,24432.52,24405.2,24429.58,24429.6,bull,60,EMA9>EMA21,bull,80,put writing|call unwinding,1.227,15300231,18766382,16408913,bull,98,Long Buildup,bull,BUY CALL,98,up,,BULLISH,up,clear,5,7,13.67,24444.2,0.06,24400
2026-09-27,20:52:39,2026-09-29T07:51:00,24429.58,24455.47,24429.32,24452.42,24452.4,bull,60,EMA9>EMA21,bull,80,put writing|call unwinding,1.229,15288081,18783004,16443302,bull,95,Long Buildup,bull,BUY CALL,99,up,,BULLISH,up,clear,5,7,13.56,24467.1,0.06,24400
2026-09-27,20:52:41,2026-09-29T07:54:00,24452.42,24455.42,24451.92,24455.19,24455.2,bull,60,EMA9>EMA21,bull,80,put writing|call unwinding,1.231,15278108,18813057,16497237,bull,99,Long Buildup,bull,BUY CALL,99,up,,MILD BULLISH,up,mild,4,7,13.49,24469.9,0.06,24400
2026-09-27,20:52:42,2026-09-29T07:57:00,24455.19,24465.82,24455.03,24464.35,24464.3,bull,60,EMA9>EMA21,bull,80,put writing|call unwinding,1.235,15260735,18845628,16554631,bull,100,Long Buildup,bull,BUY CALL,99,up,,BULLISH,up,clear,5,7,13.46,24479.0,0.06,24400
2026-09-27,20:52:43,2026-09-29T08:00:00,24464.35,24487.7,24463.77,24486.44,24486.4,bull,60,EMA9>EMA21,bull,80,put writing|call unwinding,1.237,15244883,18863278,16580377,bull,92,Long Buildup,bull,BUY CALL,99,up,,BULLISH,up,clear,5,7,13.5,24501.1,0.06,24450
2026-09-27,20:52:44,2026-09-29T08:03:00,24486.44,24500.25,24484.77,24499.88,24499.9,bull,60,EMA9>EMA21,bull,80,put writing|call unwinding,1.24,15228509,18883491,16628574,bull,98,Long Buildup,bull,BUY CALL,99,up,,BULLISH,up,clear,5,7,13.48,24514.6,0.06,24450
2026-09-27,20:52:45,2026-09-29T08:06:00,24499.88,24520.64,24497.78,24520.03,24520.0,bull,60,EMA9>EMA21,bull,80,put writing|call unwinding,1.242,15211003,18898633,16673049,bull,97,Long Buildup,bull,BUY CALL,99,up,,BULLISH,up,clear,5,7,13.43,24534.7,0.06,24450
2026-09-27,20:52:47,2026-09-29T08:09:00,24520.03,24535.85,24517.95,24535.24,24535.2,bull,60,EMA9>EMA21,bull,80,put writing|call unwinding,1.246,15201478,18935555,16700319,bull,93,Long Buildup,bull,BUY CALL,99,up,,BULLISH,up,clear,5,7,13.33,24550.0,0.06,24500
2026-09-27,20:52:48,2026-09-29T08:12:00,24535.24,24542.81,24534.4,24542.2,24542.2,bull,60,EMA9>EMA21,bull,80,put writing|call unwinding,1.248,15191268,18958304,16685406,bull,35,Short Covering,bull,BUY CALL,99,up,,MILD BULLISH,up,mild,4,7,13.3,24532.4,-0.04,24500
2026-09-27,20:52:49,2026-09-29T08:15:00,24542.2,24549.34,24541.44,24547.64,24547.6,bull,60,EMA9>EMA21,bull,80,put writing|call unwinding,1.251,15172949,18978351,16668471,bull,35,Short Covering,bull,BUY CALL,99,up,,MILD BEARISH,down,mild,3,7,13.26,24537.8,-0.04,24500
2026-09-27,20:52:50,2026-09-29T08:18:00,24547.64,24576.46,24547.2,24575.93,24575.9,bull,60,EMA9>EMA21,bull,80,put writing|call unwinding,1.253,15166220,19002680,16644877,bull,37,Short Covering,bull,BUY CALL,99,up,,MILD BULLISH,up,mild,3,7,13.22,24566.1,-0.04,24550
2026-09-27,20:52:52,2026-09-29T08:21:00,24575.93,24580.81,24574.62,24579.94,24579.9,bull,60,EMA9>EMA21,bull,80,put writing|call unwinding,1.256,15147254,19031474,16617362,bull,37,Short Covering,bull,BUY CALL,99,up,,NEUTRAL / RANGE,neutral,mixed,0,7,13.25,24570.1,-0.04,24550
2026-09-27,20:52:53,2026-09-29T08:24:00,24579.94,24607.35,24579.26,24607.08,24607.1,bull,60,EMA9>EMA21,bull,80,put writing|call unwinding,1.259,15133955,19050116,16590987,bull,37,Short Covering,bull,BUY CALL,99,up,,NEUTRAL / RANGE,neutral,mixed,0,7,13.19,24597.2,-0.04,24550
2026-09-27,20:52:54,2026-09-29T08:27:00,24607.08,24621.38,24605.76,24620.13,24620.1,bull,60,EMA9>EMA21,bull,80,put writing|call unwinding,1.261,15127118,19071989,16568502,bull,36,Short Covering,bull,BUY CALL,99,up,,MILD BULLISH,up,mild,4,7,13.08,24610.3,-0.04,24550
2026-09-27,20:52:55,2026-09-29T08:30:00,24620.13,24636.33,24619.28,24634.67,24634.7,bull,60,EMA9>EMA21,bull,80,put writing|call unwinding,1.265,15108838,19110632,16537517,bull,38,Short Covering,bull,BUY CALL,99,up,,MILD BULLISH,up,mild,4,7,13.09,24624.8,-0.04,24600
2026-09-27,20:52:57,2026-09-29T08:33:00,24634.67,24664.61,24633.85,24662.7,24662.7,bull,60,EMA9>EMA21,bull,80,put writing|call unwinding,1.268,15090412,19131813,16516579,bull,36,Short Covering,bull,BUY CALL,99,up,,MILD BULLISH,up,mild,4,7,13.11,24652.8,-0.04,24600
2026-09-27,20:52:58,2026-09-29T08:36:00,24662.7,24676.61,24661.2,24676.36,24676.4,bull,60,EMA9>EMA21,bear,-80,call writing|put unwinding,1.264,15122932,19119694,16500104,bull,35,Short Covering,bull,TRAP,49,up,BULL TRAP,NEUTRAL / RANGE,neutral,mixed,0,7,13.2,24666.5,-0.04,24750
2026-09-27,20:52:59,2026-09-29T08:39:00,24676.36,24676.83,24671.78,24672.85,24672.8,bull,60,EMA9>EMA21,bear,-80,call writing|put unwinding,1.26,15157836,19105687,16485696,bull,35,Short Covering,bull,TRAP,25,up,BULL TRAP,NEUTRAL / RANGE,neutral,mixed,0,7,13.21,24663.0,-0.04,24700
2026-09-27,20:53:00,2026-09-29T08:42:00,24672.85,24687.65,24670.71,24687.11,24687.1,bull,60,EMA9>EMA21,bear,-80,call writing|put unwinding,1.256,15194578,19088638,16466615,bull,36,Short Covering,bull,TRAP,12,up,BULL TRAP,NEUTRAL / RANGE,neutral,mixed,0,7,13.21,24677.2,-0.04,24750
2026-09-27,20:53:01,2026-09-29T08:45:00,24687.11,24708.41,24686.24,24706.44,24706.4,bull,60,EMA9>EMA21,bear,-80,call writing|put unwinding,1.254,15215513,19074855,16450699,bull,35,Short Covering,bull,TRAP,6,up,BULL TRAP,BULLISH,up,clear,5,7,13.07,24696.6,-0.04,24750
2026-09-27,20:53:03,2026-09-29T08:48:00,24706.44,24706.66,24697.01,24699.19,24699.2,bull,60,EMA9>EMA21,bear,-80,call writing|put unwinding,1.251,15238497,19062490,16437627,bull,34,Short Covering,bull,TRAP,3,up,BULL TRAP,MILD BULLISH,up,mild,4,7,12.94,24689.3,-0.04,24750
2026-09-27,20:53:04,2026-09-29T08:51:00,24699.19,24723.93,24698.08,24723.5,24723.5,bull,60,EMA9>EMA21,bear,-80,call writing|put unwinding,1.247,15275246,19043823,16425608,bull,34,Short Covering,bull,TRAP,2,up,BULL TRAP,MILD BULLISH,up,mild,4,7,12.94,24713.6,-0.04,24750
2026-09-27,20:53:05,2026-09-29T08:54:00,24723.5,24724.53,24699.55,24700.48,24700.5,bull,60,EMA9>EMA21,bear,-80,call writing|put unwinding,1.244,15292341,19028198,16402007,bull,37,Short Covering,neutral,TRAP,1,up,BULL TRAP,MILD BEARISH,down,mild,4,7,12.94,24690.6,-0.04,24750
2026-09-27,20:53:06,2026-09-29T08:57:00,24700.48,24701.88,24663.2,24663.87,24663.9,bull,60,EMA9>EMA21,bear,-80,call writing|put unwinding,1.242,15311645,19012337,16374123,bull,37,Short Covering,bear,TRAP,0,up,BULL TRAP,MILD BEARISH,down,mild,4,7,12.96,24654.0,-0.04,24700
2026-09-27,20:53:08,2026-09-29T09:00:00,24663.87,24665.11,24652.97,24655.76,24655.8,bull,60,EMA9>EMA21,bear,-80,call writing|put unwinding,1.239,15337140,18998830,16346802,bull,37,Short Covering,bear,TRAP,0,up,BULL TRAP,MILD BEARISH,down,mild,3,7,13.08,24645.9,-0.04,24700
2026-09-27,20:53:09,2026-09-29T09:03:00,24655.76,24656.15,24630.37,24630.9,24630.9,bull,60,EMA9>EMA21,bear,-80,call writing|put unwinding,1.236,15367719,18989390,16309443,bull,38,Short Covering,bear,TRAP,0,up,BULL TRAP,NEUTRAL / RANGE,neutral,mixed,0,7,13.18,24621.0,-0.04,24700
2026-09-27,20:53:10,2026-09-29T09:06:00,24630.9,24631.4,24616.2,24618.34,24618.3,bull,60,EMA9>EMA21,bear,-80,call writing|put unwinding,1.233,15392076,18983931,16282437,bull,37,Short Covering,bear,TRAP,0,up,BULL TRAP,MILD BEARISH,down,mild,4,7,13.16,24608.5,-0.04,24650
2026-09-27,20:53:11,2026-09-29T09:09:00,24618.34,24619.25,24607.71,24609.32,24609.3,bull,60,EMA9>EMA21,bear,-80,call writing|put unwinding,1.231,15412072,18977882,16250710,bull,38,Short Covering,bear,TRAP,0,up,BULL TRAP,MILD BEARISH,down,mild,4,7,13.2,24599.5,-0.04,24650
2026-09-27,20:53:13,2026-09-29T09:12:00,24609.32,24609.74,24588.3,24590.41,24590.4,bull,40,EMA9>EMA21,bear,-80,call writing|put unwinding,1.228,15448639,18972470,16236399,bull,35,Short Covering,bear,TRAP,0,up,BULL TRAP,MILD BEARISH,down,mild,4,7,13.29,24580.6,-0.04,24650
2026-09-27,20:53:14,2026-09-29T09:15:00,24590.41,24590.49,24567.52,24568.48,24568.5,bull,40,EMA9>EMA21,bear,-80,call writing|put unwinding,1.225,15474199,18954014,16221438,bull,35,Short Covering,bear,TRAP,0,up,BULL TRAP,MILD BEARISH,down,mild,4,7,13.27,24558.7,-0.04,24600
2026-09-27,20:53:15,2026-09-29T09:18:00,24568.48,24568.58,24549.39,24549.77,24549.8,bull,20,EMA9>EMA21,bear,-80,call writing|put unwinding,1.222,15499746,18945715,16197955,bull,37,Short Covering,bear,WAIT,0,up,,MILD BEARISH,down,mild,4,7,13.23,24539.9,-0.04,24600
2026-09-27,20:53:16,2026-09-29T09:21:00,24549.77,24550.73,24533.5,24535.08,24535.1,bear,-60,EMA9<EMA21,bear,-80,call writing|put unwinding,1.219,15529422,18929687,16168462,bear,-37,Long Unwinding,bear,WAIT,50,down,,MILD BEARISH,down,mild,4,7,13.27,24525.3,-0.04,24600
2026-09-27,20:53:17,2026-09-29T09:24:00,24535.08,24535.21,24518.59,24519.11,24519.1,bear,-60,EMA9<EMA21,bear,-80,call writing|put unwinding,1.215,15567210,18920625,16157678,bear,-34,Long Unwinding,bear,BUY PUT,74,down,,MILD BEARISH,down,mild,4,7,13.22,24509.3,-0.04,24550
2026-09-27,20:53:19,2026-09-29T09:27:00,24519.11,24520.36,24492.12,24492.95,24493.0,bear,-60,EMA9<EMA21,bear,-80,call writing|put unwinding,1.213,15588150,18905163,16129128,bear,-37,Long Unwinding,bear,BUY PUT,87,down,,MILD BEARISH,down,mild,4,7,13.25,24483.2,-0.04,24550
2026-09-27,20:53:20,2026-09-29T09:30:00,24492.95,24493.5,24472.3,24472.46,24472.5,bear,-60,EMA9<EMA21,bear,-80,call writing|put unwinding,1.209,15618694,18890296,16097740,bear,-38,Long Unwinding,bear,BUY PUT,93,down,,MILD BEARISH,down,mild,4,7,13.27,24462.7,-0.04,24500
2026-09-27,20:53:21,2026-09-29T09:33:00,24472.46,24473.84,24449.37,24450.42,24450.4,bear,-60,EMA9<EMA21,bear,-80,call writing|put unwinding,1.206,15651118,18873520,16082340,bear,-35,Long Unwinding,bear,BUY PUT,96,down,,MILD BEARISH,down,mild,4,7,13.4,24440.6,-0.04,24500
2026-09-27,20:53:22,2026-09-29T09:36:00,24450.42,24451.24,24421.49,24422.48,24422.5,bear,-60,EMA9<EMA21,bear,-80,call writing|put unwinding,1.202,15684377,18857877,16054861,bear,-37,Long Unwinding,bear,BUY PUT,97,down,,MILD BEARISH,down,mild,4,7,13.41,24412.7,-0.04,24450
2026-09-27,20:53:24,2026-09-29T09:39:00,24422.48,24422.86,24413.89,24415.04,24415.0,bear,-60,EMA9<EMA21,bear,-80,call writing|put unwinding,1.199,15718013,18847948,16041554,bear,-35,Long Unwinding,bear,BUY PUT,98,down,,MILD BEARISH,down,mild,3,7,13.38,24405.3,-0.04,24450
2026-09-27,20:53:25,2026-09-29T09:42:00,24415.04,24415.69,24388.17,24388.51,24388.5,bear,-60,EMA9<EMA21,bear,-80,call writing|put unwinding,1.197,15736915,18832936,16022311,bear,-36,Long Unwinding,bear,BUY PUT,99,down,,NEUTRAL / RANGE,neutral,mixed,0,7,13.36,24378.8,-0.04,24450
2026-09-27,20:53:26,2026-09-29T09:45:00,24388.51,24388.63,24363.27,24363.67,24363.7,bear,-60,EMA9<EMA21,bear,-80,call writing|put unwinding,1.193,15776111,18814943,16010892,bear,-34,Long Unwinding,bear,BUY PUT,99,down,,MILD BEARISH,down,mild,3,7,13.39,24353.9,-0.04,24400
2026-09-27,20:53:27,2026-09-29T09:48:00,24363.67,24364.36,24347.35,24347.73,24347.7,bear,-60,EMA9<EMA21,bull,80,put writing|call unwinding,1.195,15765128,18831510,16041653,bear,-94,Short Buildup,bear,TRAP,49,down,BEAR TRAP,MILD BULLISH,up,mild,3,7,13.32,24362.3,0.06,24300
2026-09-27,20:53:29,2026-09-29T09:51:00,24347.73,24353.87,24346.08,24352.75,24352.8,bear,-60,EMA9<EMA21,bull,80,put writing|call unwinding,1.196,15758476,18853975,16076503,bear,-95,Short Buildup,bear,TRAP,25,down,BEAR TRAP,MILD BULLISH,up,mild,4,7,13.17,24367.4,0.06,24300
2026-09-27,20:53:30,2026-09-29T09:54:00,24352.75,24353.17,24345.71,24346.43,24346.4,bear,-60,EMA9<EMA21,bull,80,put writing|call unwinding,1.199,15741115,18876954,16136113,bear,-100,Short Buildup,bear,TRAP,12,down,BEAR TRAP,MILD BULLISH,up,mild,3,7,13.25,24361.0,0.06,24300
2026-09-27,20:53:31,2026-09-29T09:57:00,24346.43,24347.29,24337.13,24338.38,24338.4,bear,-60,EMA9<EMA21,bull,80,put writing|call unwinding,1.202,15731456,18904188,16188151,bear,-99,Short Buildup,bear,TRAP,6,down,BEAR TRAP,MILD BULLISH,up,mild,4,7,13.3,24353.0,0.06,24300
2026-09-27,20:53:32,2026-09-29T10:00:00,24338.38,24339.07,24334.69,24335.38,24335.4,bear,-60,EMA9<EMA21,bull,80,put writing|call unwinding,1.205,15720455,18937960,16239502,bear,-99,Short Buildup,bear,TRAP,3,down,BEAR TRAP,NEUTRAL / RANGE,neutral,mixed,0,7,13.28,24350.0,0.06,24300
2026-09-27,20:53:33,2026-09-29T10:03:00,24335.38,24335.59,24326.22,24326.76,24326.8,bear,-60,EMA9<EMA21,bull,80,put writing|call unwinding,1.207,15713140,18960222,16263180,bear,-92,Short Buildup,bear,TRAP,2,down,BEAR TRAP,NEUTRAL / RANGE,neutral,mixed,0,7,13.36,24341.4,0.06,24300
2026-09-27,20:53:35,2026-09-29T10:06:00,24326.76,24340.1,24326.02,24339.7,24339.7,bear,-60,EMA9<EMA21,bull,80,put writing|call unwinding,1.207,15710399,18964669,16260263,bear,-29,Long Unwinding,neutral,TRAP,1,down,BEAR TRAP,MILD BULLISH,up,mild,3,7,13.37,24339.7,0.0,24350
2026-09-27,20:53:36,2026-09-29T10:09:00,24339.7,24339.98,24313.88,24315.14,24315.1,bear,-60,EMA9<EMA21,bull,80,put writing|call unwinding,1.207,15710353,18968605,16264956,bear,-77,Short Buildup,bear,TRAP,0,down,BEAR TRAP,MILD BULLISH,up,mild,4,7,13.46,24315.1,0.0,24300
2026-09-27,20:53:37,2026-09-29T10:12:00,24315.14,24315.35,24308.6,24311.0,24311.0,bear,-60,EMA9<EMA21,neutral,0,put writing|call writing,1.207,15714772,18971881,16259417,bear,-31,Long Unwinding,bear,WAIT,36,down,,MILD BULLISH,up,mild,2,7,13.49,24311.0,0.0,24300
2026-09-27,20:53:38,2026-09-29T10:15:00,24311.0,24313.7,24309.31,24313.04,24313.0,bear,-60,EMA9<EMA21,neutral,0,put writing|call writing,1.207,15718136,18977545,16262576,bear,-73,Short Buildup,bear,BUY PUT,53,down,,NEUTRAL / RANGE,neutral,mixed,0,7,13.58,24313.0,0.0,24300
2026-09-27,20:53:40,2026-09-29T10:18:00,24313.04,24320.12,24312.62,24319.1,24319.1,bear,-60,EMA9<EMA21,bear,-80,call writing|put unwinding,1.207,15718140,18974256,16257631,bear,-31,Long Unwinding,bull,BUY PUT,62,down,,NEUTRAL / RANGE,neutral,mixed,0,7,13.63,24319.1,0.0,24300
2026-09-27,20:53:41,2026-09-29T10:21:00,24319.1,24319.63,24307.6,24309.17,24309.2,bear,-60,EMA9<EMA21,bear,-80,call writing|put unwinding,1.207,15719045,18971010,16264108,bear,-80,Short Buildup,neutral,BUY PUT,67,down,,MILD BEARISH,down,mild,3,7,13.63,24309.2,0.0,24300
2026-09-27,20:53:42,2026-09-29T10:24:00,24309.17,24321.29,24307.89,24320.84,24320.8,bear,-60,EMA9<EMA21,neutral,0,put writing|call writing,1.207,15719107,18972073,16264864,bear,-60,Short Buildup,bull,WAIT,33,down,,NEUTRAL / RANGE,neutral,mixed,0,7,13.47,24320.8,0.0,24300
2026-09-27,20:53:43,2026-09-29T10:27:00,24320.84,24322.2,24318.04,24320.0,24320.0,bear,-60,EMA9<EMA21,neutral,0,put writing|call writing,1.207,15722404,18976024,16258826,bear,-32,Long Unwinding,neutral,WAIT,17,down,,NEUTRAL / RANGE,neutral,mixed,0,7,13.49,24320.0,0.0,24300
2026-09-27,20:53:44,2026-09-29T10:30:00,24320.0,24321.16,24310.91,24312.4,24312.4,bear,-60,EMA9<EMA21,neutral,0,call unwinding|put unwinding,1.207,15720671,18970217,16266598,bear,-81,Short Buildup,bull,WAIT,8,down,,MILD BULLISH,up,mild,3,7,13.42,24312.4,0.0,24300
2026-09-27,20:53:46,2026-09-29T10:33:00,24312.4,24314.33,24289.45,24290.19,24290.2,bear,-60,EMA9<EMA21,bear,-80,call writing|put unwinding,1.206,15723381,18965982,16260980,bear,-31,Long Unwinding,bear,WAIT,54,down,,NEUTRAL / RANGE,neutral,mixed,0,7,13.46,24290.2,0.0,24300
2026-09-27,20:53:47,2026-09-29T10:36:00,24290.19,24293.18,24290.03,24292.93,24292.9,bear,-60,EMA9<EMA21,neutral,0,put writing|call writing,1.206,15724438,18971435,16258341,bear,-29,Long Unwinding,bear,BUY PUT,62,down,,MILD BULLISH,up,mild,3,7,13.33,24292.9,0.0,24300
2026-09-27,20:53:48,2026-09-29T10:39:00,24292.93,24293.83,24286.5,24287.3,24287.3,bear,-60,EMA9<EMA21,neutral,0,call unwinding|put unwinding,1.207,15721052,18969156,16265551,bear,-81,Short Buildup,bear,BUY PUT,67,down,,MILD BEARISH,down,mild,3,7,13.36,24287.3,0.0,24300
2026-09-27,20:53:49,2026-09-29T10:42:00,24287.3,24287.94,24269.62,24272.44,24272.4,bear,-60,EMA9<EMA21,bull,80,put writing|call unwinding,1.207,15715533,18974333,16269359,bear,-75,Short Buildup,bear,TRAP,33,down,BEAR TRAP,MILD BEARISH,down,mild,3,7,13.33,24272.4,0.0,24250
2026-09-27,20:53:51,2026-09-29T10:45:00,24272.44,24273.09,24258.66,24259.99,24260.0,bear,-60,EMA9<EMA21,bear,-80,call writing|put unwinding,1.207,15720396,18969424,16276793,bear,-81,Short Buildup,bear,WAIT,66,down,,NEUTRAL / RANGE,neutral,mixed,0,7,13.31,24260.0,0.0,24250
2026-09-27,20:53:52,2026-09-29T10:48:00,24259.99,24265.01,24259.36,24264.27,24264.3,bear,-60,EMA9<EMA21,bull,80,put writing|call unwinding,1.21,15705733,19001807,16329377,bear,-99,Short Buildup,bear,TRAP,33,down,BEAR TRAP,BULLISH,up,clear,5,7,13.32,24278.8,0.06,24200
2026-09-27,20:53:53,2026-09-29T10:51:00,24264.27,24289.67,24263.58,24289.66,24289.7,bear,-60,EMA9<EMA21,bull,80,put writing|call unwinding,1.212,15694876,19018329,16370829,bear,-97,Short Buildup,bull,TRAP,17,down,BEAR TRAP,BULLISH,up,clear,5,7,13.33,24304.2,0.06,24250
2026-09-27,20:53:54,2026-09-29T10:54:00,24289.66,24305.83,24288.49,24304.58,24304.6,bear,-60,EMA9<EMA21,bull,80,put writing|call unwinding,1.213,15689451,19034601,16421625,bear,-99,Short Buildup,bull,TRAP,8,down,BEAR TRAP,BULLISH,up,clear,5,7,13.29,24319.2,0.06,24250
2026-09-27,20:53:56,2026-09-29T10:57:00,24304.58,24323.42,24304.23,24322.15,24322.2,bear,-40,EMA9<EMA21,bull,80,put writing|call unwinding,1.216,15675549,19064295,16455874,bear,-95,Short Buildup,bull,TRAP,4,down,BEAR TRAP,BULLISH,up,clear,5,7,13.24,24336.7,0.06,24250
2026-09-27,20:53:57,2026-09-29T11:00:00,24322.15,24330.3,24322.11,24329.31,24329.3,bear,-40,EMA9<EMA21,bull,80,put writing|call unwinding,1.218,15662754,19082529,16484633,bear,-93,Short Buildup,bull,TRAP,2,down,BEAR TRAP,MILD BULLISH,up,mild,4,7,13.13,24343.9,0.06,24300
2026-09-27,20:53:58,2026-09-29T11:03:00,24329.31,24354.26,24328.88,24353.16,24353.2,bear,-40,EMA9<EMA21,bull,80,put writing|call unwinding,1.221,15648854,19105112,16505756,bear,-91,Short Buildup,bull,TRAP,1,down,BEAR TRAP,BULLISH,up,clear,5,7,13.08,24367.8,0.06,24300
2026-09-27,20:53:59,2026-09-29T11:06:00,24353.16,24380.13,24351.13,24378.49,24378.5,bear,-20,EMA9<EMA21,bull,80,put writing|call unwinding,1.224,15631432,19128703,16534074,bear,-93,Short Buildup,bull,WAIT,1,down,,MILD BULLISH,up,mild,4,7,13.03,24393.1,0.06,24350
2026-09-27,20:54:00,2026-09-29T11:09:00,24378.49,24393.43,24377.14,24391.7,24391.7,bull,60,EMA9>EMA21,bull,80,put writing|call unwinding,1.226,15614188,19146565,16569970,bull,95,Long Buildup,bull,WAIT,50,up,,BULLISH,up,clear,5,7,13.12,24406.3,0.06,24350
2026-09-27,20:54:02,2026-09-29T11:12:00,24391.7,24410.73,24391.63,24409.54,24409.5,bull,60,EMA9>EMA21,bull,80,put writing|call unwinding,1.228,15605245,19161652,16593595,bull,92,Long Buildup,bull,BUY CALL,74,up,,BULLISH,up,clear,5,7,13.16,24424.2,0.06,24350
2026-09-27,20:54:03,2026-09-29T11:15:00,24409.54,24424.87,24408.9,24423.15,24423.2,bull,60,EMA9>EMA21,bull,80,put writing|call unwinding,1.23,15594733,19183574,16639684,bull,98,Long Buildup,bull,BUY CALL,87,up,,BULLISH,up,clear,5,7,13.17,24437.8,0.06,24350
2026-09-27,20:54:04,2026-09-29T11:18:00,24423.15,24444.3,24422.7,24444.06,24444.1,bull,60,EMA9>EMA21,bull,80,put writing|call unwinding,1.233,15578570,19210459,16660356,bull,90,Long Buildup,bull,BUY CALL,93,up,,BULLISH,up,clear,5,7,13.26,24458.7,0.06,24400
2026-09-27,20:54:05,2026-09-29T11:21:00,24444.06,24456.46,24442.5,24454.84,24454.8,bull,60,EMA9>EMA21,bull,80,put writing|call unwinding,1.236,15560823,19237206,16706461,bull,98,Long Buildup,bull,BUY CALL,96,up,,BULLISH,up,clear,5,7,13.28,24469.5,0.06,24400
2026-09-27,20:54:07,2026-09-29T11:24:00,24454.84,24464.09,24453.04,24463.7,24463.7,bull,60,EMA9>EMA21,bull,80,put writing|call unwinding,1.239,15543891,19252825,16736062,bull,94,Long Buildup,bull,BUY CALL,97,up,,BULLISH,up,clear,5,7,13.37,24478.4,0.06,24400
2026-09-27,20:54:08,2026-09-29T11:27:00,24463.7,24480.03,24463.46,24477.5,24477.5,bull,60,EMA9>EMA21,bull,80,put writing|call unwinding,1.241,15527117,19273147,16792831,bull,100,Long Buildup,bull,BUY CALL,98,up,,BULLISH,up,clear,5,7,13.29,24492.2,0.06,24450
2026-09-27,20:54:09,2026-09-29T11:30:00,24477.5,24507.29,24477.26,24506.64,24506.6,bull,60,EMA9>EMA21,bull,80,put writing|call unwinding,1.243,15515462,19288902,16815835,bull,91,Long Buildup,bull,BUY CALL,99,up,,BULLISH,up,clear,5,7,13.33,24521.3,0.06,24450
2026-09-27,20:54:10,2026-09-29T11:33:00,24506.64,24515.01,24506.33,24514.88,24514.9,bull,60,EMA9>EMA21,bull,80,put writing|call unwinding,1.246,15509786,19322223,16859727,bull,97,Long Buildup,bull,BUY CALL,99,up,,BULLISH,up,clear,5,7,13.21,24529.6,0.06,24450
2026-09-27,20:54:11,2026-09-29T11:36:00,24514.88,24542.42,24513.66,24540.8,24540.8,bull,60,EMA9>EMA21,bull,80,put writing|call unwinding,1.248,15503032,19342267,16883598,bull,92,Long Buildup,bull,BUY CALL,99,up,,BULLISH,up,clear,5,7,13.27,24555.5,0.06,24500
2026-09-27,20:54:13,2026-09-29T11:39:00,24540.8,24563.89,24540.21,24561.64,24561.6,bull,60,EMA9>EMA21,bull,80,put writing|call unwinding,1.251,15485047,19375364,16916685,bull,95,Long Buildup,bull,BUY CALL,99,up,,BULLISH,up,clear,5,7,13.27,24576.4,0.06,24500
2026-09-27,20:54:14,2026-09-29T11:42:00,24561.64,24562.79,24553.15,24554.67,24554.7,bull,60,EMA9>EMA21,bull,80,put writing|call unwinding,1.255,15467085,19410028,16895480,bull,36,Short Covering,bull,BUY CALL,99,up,,MILD BULLISH,up,mild,4,7,13.3,24544.8,-0.04,24500
2026-09-27,20:54:15,2026-09-29T11:45:00,24554.67,24564.99,24552.43,24563.69,24563.7,bull,60,EMA9>EMA21,bull,80,put writing|call unwinding,1.257,15454967,19433105,16885221,bull,34,Short Covering,bull,BUY CALL,99,up,,MILD BULLISH,up,mild,4,7,13.3,24553.9,-0.04,24500
2026-09-27,20:54:16,2026-09-29T11:48:00,24563.69,24587.04,24562.76,24585.16,24585.2,bull,60,EMA9>EMA21,bull,80,put writing|call unwinding,1.26,15437958,19457120,16851997,bull,38,Short Covering,bull,BUY CALL,99,up,,MILD BULLISH,up,mild,4,7,13.29,24575.3,-0.04,24550
2026-09-27,20:54:18,2026-09-29T11:51:00,24585.16,24598.88,24584.44,24598.74,24598.7,bull,60,EMA9>EMA21,bull,80,put writing|call unwinding,1.262,15427858,19475155,16819486,bull,38,Short Covering,bull,BUY CALL,99,up,,MILD BULLISH,up,mild,4,7,13.2,24588.9,-0.04,24550
2026-09-27,20:54:19,2026-09-29T11:54:00,24598.74,24602.22,24598.06,24601.24,24601.2,bull,60,EMA9>EMA21,bull,80,put writing|call unwinding,1.266,15408445,19500903,16809283,bull,34,Short Covering,bull,BUY CALL,99,up,,MILD BULLISH,up,mild,4,7,13.21,24591.4,-0.04,24550
2026-09-27,20:54:20,2026-09-29T11:57:00,24601.24,24616.22,24601.23,24615.8,24615.8,bull,60,EMA9>EMA21,bull,80,put writing|call unwinding,1.269,15402318,19538129,16777232,bull,38,Short Covering,bull,BUY CALL,99,up,,MILD BULLISH,up,mild,3,7,13.17,24606.0,-0.04,24550
2026-09-27,20:54:21,2026-09-29T12:00:00,24615.8,24620.66,24614.25,24620.09,24620.1,bull,60,EMA9>EMA21,bull,80,put writing|call unwinding,1.271,15386521,19562930,16749514,bull,37,Short Covering,bull,BUY CALL,99,up,,MILD BULLISH,up,mild,3,7,13.23,24610.2,-0.04,24550
2026-09-27,20:54:23,2026-09-29T12:03:00,24620.09,24641.72,24619.34,24641.27,24641.3,bull,60,EMA9>EMA21,bull,80,put writing|call unwinding,1.275,15367914,19589185,16726089,bull,37,Short Covering,bull,BUY CALL,99,up,,MILD BULLISH,up,mild,4,7,13.28,24631.4,-0.04,24600
2026-09-27,20:54:24,2026-09-29T12:06:00,24641.27,24647.89,24641.13,24647.83,24647.8,bull,60,EMA9>EMA21,bear,-80,call writing|put unwinding,1.273,15383103,19582586,16691566,bull,38,Short Covering,bull,TRAP,49,up,BULL TRAP,MILD BULLISH,up,mild,3,7,13.26,24638.0,-0.04,24700
2026-09-27,20:54:25,2026-09-29T12:09:00,24647.83,24662.56,24647.14,24661.62,24661.6,bull,60,EMA9>EMA21,bear,-80,call writing|put unwinding,1.269,15420147,19565147,16666041,bull,37,Short Covering,bull,TRAP,25,up,BULL TRAP,MILD BULLISH,up,mild,3,7,13.24,24651.8,-0.04,24700
2026-09-27,20:54:26,2026-09-29T12:12:00,24661.62,24675.68,24659.85,24675.04,24675.0,bull,60,EMA9>EMA21,bear,-80,call writing|put unwinding,1.265,15458425,19552869,16631511,bull,38,Short Covering,bull,TRAP,12,up,BULL TRAP,MILD BULLISH,up,mild,3,7,13.25,24665.2,-0.04,24750
2026-09-27,20:54:27,2026-09-29T12:15:00,24675.04,24680.76,24674.6,24680.6,24680.6,bull,60,EMA9>EMA21,bear,-80,call writing|put unwinding,1.262,15474904,19535955,16596146,bull,38,Short Covering,bull,TRAP,6,up,BULL TRAP,NEUTRAL / RANGE,neutral,mixed,0,7,13.2,24670.7,-0.04,24750
2026-09-27,20:54:29,2026-09-29T12:18:00,24680.6,24691.3,24679.87,24691.18,24691.2,bull,60,EMA9>EMA21,bear,-80,call writing|put unwinding,1.26,15491257,19525357,16579580,bull,35,Short Covering,bull,TRAP,3,up,BULL TRAP,MILD BULLISH,up,mild,3,7,13.25,24681.3,-0.04,24750
2026-09-27,20:54:30,2026-09-29T12:21:00,24691.18,24691.23,24680.86,24682.65,24682.7,bull,60,EMA9>EMA21,bear,-80,call writing|put unwinding,1.259,15506786,19515954,16568408,bull,34,Short Covering,bull,TRAP,2,up,BULL TRAP,MILD BULLISH,up,mild,4,7,13.33,24672.8,-0.04,24750
2026-09-27,20:54:31,2026-09-29T12:24:00,24682.65,24683.98,24659.68,24659.89,24659.9,bull,60,EMA9>EMA21,bear,-80,call writing|put unwinding,1.255,15536921,19504389,16558258,bull,34,Short Covering,bear,TRAP,1,up,BULL TRAP,MILD BEARISH,down,mild,4,7,13.32,24650.0,-0.04,24700
2026-09-27,20:54:32,2026-09-29T12:27:00,24659.89,24661.41,24642.47,24643.56,24643.6,bull,60,EMA9>EMA21,bear,-80,call writing|put unwinding,1.253,15555049,19497002,16547638,bull,34,Short Covering,bear,TRAP,0,up,BULL TRAP,MILD BEARISH,down,mild,4,7,13.41,24633.7,-0.04,24700
2026-09-27,20:54:34,2026-09-29T12:30:00,24643.56,24643.86,24619.15,24619.36,24619.4,bull,60,EMA9>EMA21,bear,-80,call writing|put unwinding,1.251,15571368,19484700,16510790,bull,38,Short Covering,bear,TRAP,0,up,BULL TRAP,MILD BEARISH,down,mild,3,7,13.37,24609.5,-0.04,24650
2026-09-27,20:54:35,2026-09-29T12:33:00,24619.36,24619.66,24596.5,24599.35,24599.3,bull,40,EMA9>EMA21,bear,-80,call writing|put unwinding,1.249,15590167,19479292,16497039,bull,35,Short Covering,bear,TRAP,0,up,BULL TRAP,MILD BEARISH,down,mild,4,7,13.45,24589.5,-0.04,24650
2026-09-27,20:54:36,2026-09-29T12:36:00,24599.35,24600.77,24581.39,24584.1,24584.1,bull,40,EMA9>EMA21,bear,-80,call writing|put unwinding,1.246,15623265,19460264,16459924,bull,38,Short Covering,bear,TRAP,0,up,BULL TRAP,MILD BEARISH,down,mild,4,7,13.42,24574.3,-0.04,24650
2026-09-27,20:54:37,2026-09-29T12:39:00,24584.1,24584.55,24576.65,24577.08,24577.1,bull,40,EMA9>EMA21,bear,-80,call writing|put unwinding,1.242,15658242,19448144,16445145,bull,35,Short Covering,bear,TRAP,0,up,BULL TRAP,MILD BEARISH,down,mild,4,7,13.47,24567.2,-0.04,24650
2026-09-27,20:54:39,2026-09-29T12:42:00,24577.08,24578.91,24561.11,24561.16,24561.2,bull,40,EMA9>EMA21,bear,-80,call writing|put unwinding,1.238,15697071,19440422,16428468,bull,35,Short Covering,bear,TRAP,0,up,BULL TRAP,MILD BEARISH,down,mild,3,7,13.57,24551.3,-0.04,24600
2026-09-27,20:54:40,2026-09-29T12:45:00,24561.16,24561.34,24550.96,24551.7,24551.7,bull,20,EMA9>EMA21,bear,-80,call writing|put unwinding,1.235,15730391,19431797,16392007,bull,38,Short Covering,bear,WAIT,0,up,,MILD BEARISH,down,mild,4,7,13.66,24541.9,-0.04,24600
2026-09-27,20:54:41,2026-09-29T12:48:00,24551.7,24552.34,24534.15,24536.16,24536.2,bear,-60,EMA9<EMA21,bear,-80,call writing|put unwinding,1.232,15760034,19423809,16363259,bear,-37,Long Unwinding,bear,WAIT,50,down,,MILD BEARISH,down,mild,4,7,13.67,24526.3,-0.04,24600
2026-09-27,20:54:42,2026-09-29T12:51:00,24536.16,24537.98,24509.21,24509.97,24510.0,bear,-60,EMA9<EMA21,bear,-80,call writing|put unwinding,1.231,15775270,19414855,16336530,bear,-37,Long Unwinding,bear,BUY PUT,74,down,,MILD BEARISH,down,mild,4,7,13.62,24500.2,-0.04,24550
2026-09-27,20:54:43,2026-09-29T12:54:00,24509.97,24510.99,24490.27,24491.87,24491.9,bear,-60,EMA9<EMA21,bear,-80,call writing|put unwinding,1.228,15798301,19397186,16305604,bear,-38,Long Unwinding,bear,BUY PUT,87,down,,MILD BEARISH,down,mild,4,7,13.66,24482.1,-0.04,24550
2026-09-27,20:54:45,2026-09-29T12:57:00,24491.87,24492.88,24478.3,24478.74,24478.7,bear,-60,EMA9<EMA21,bear,-80,call writing|put unwinding,1.226,15819986,19391449,16294423,bear,-34,Long Unwinding,bear,BUY PUT,93,down,,MILD BEARISH,down,mild,4,7,13.61,24468.9,-0.04,24550
2026-09-27,20:54:46,2026-09-29T13:00:00,24478.74,24480.6,24464.05,24465.11,24465.1,bear,-60,EMA9<EMA21,bear,-80,call writing|put unwinding,1.223,15847906,19382297,16269328,bear,-37,Long Unwinding,bear,BUY PUT,96,down,,MILD BEARISH,down,mild,4,7,13.63,24455.3,-0.04,24500
2026-09-27,20:54:47,2026-09-29T13:03:00,24465.11,24466.0,24456.37,24458.69,24458.7,bear,-60,EMA9<EMA21,bear,-80,call writing|put unwinding,1.22,15878804,19371547,16241038,bear,-37,Long Unwinding,bear,BUY PUT,97,down,,MILD BEARISH,down,mild,4,7,13.57,24448.9,-0.04,24500
2026-09-27,20:54:48,2026-09-29T13:06:00,24458.69,24461.01,24434.91,24435.19,24435.2,bear,-60,EMA9<EMA21,bear,-80,call writing|put unwinding,1.217,15905388,19354656,16231013,bear,-34,Long Unwinding,bear,BUY PUT,98,down,,MILD BEARISH,down,mild,4,7,13.67,24425.4,-0.04,24500
2026-09-27,20:54:50,2026-09-29T13:09:00,24435.19,24436.99,24419.61,24420.9,24420.9,bear,-60,EMA9<EMA21,bear,-80,call writing|put unwinding,1.213,15943574,19340532,16197711,bear,-38,Long Unwinding,bear,BUY PUT,99,down,,MILD BEARISH,down,mild,4,7,13.73,24411.1,-0.04,24450
2026-09-27,20:54:51,2026-09-29T13:12:00,24420.9,24420.96,24380.09,24380.42,24380.4,bear,-60,EMA9<EMA21,bear,-80,call writing|put unwinding,1.211,15967136,19334540,16175220,bear,-36,Long Unwinding,bear,BUY PUT,99,down,,MILD BEARISH,down,mild,4,7,13.77,24370.7,-0.04,24450
2026-09-27,20:54:52,2026-09-29T13:15:00,24380.42,24383.12,24362.28,24362.32,24362.3,bear,-60,EMA9<EMA21,bear,-80,call writing|put unwinding,1.209,15983525,19322035,16163298,bear,-34,Long Unwinding,bear,BUY PUT,99,down,,MILD BEARISH,down,mild,4,7,13.89,24352.6,-0.04,24400
2026-09-27,20:54:53,2026-09-29T13:18:00,24362.32,24364.35,24340.18,24340.93,24340.9,bear,-60,EMA9<EMA21,bull,80,put writing|call unwinding,1.212,15965210,19346053,16206838,bear,-97,Short Buildup,bear,TRAP,49,down,BEAR TRAP,NEUTRAL / RANGE,neutral,mixed,0,7,13.86,24355.5,0.06,24300
2026-09-27,20:54:55,2026-09-29T13:21:00,24340.93,24342.0,24325.34,24325.64,24325.6,bear,-60,EMA9<EMA21,bull,80,put writing|call unwinding,1.215,15950277,19376278,16241253,bear,-95,Short Buildup,bear,TRAP,25,down,BEAR TRAP,NEUTRAL / RANGE,neutral,mixed,0,7,13.78,24340.2,0.06,24300
2026-09-27,20:54:56,2026-09-29T13:24:00,24325.64,24326.87,24322.17,24322.86,24322.9,bear,-60,EMA9<EMA21,bull,80,put writing|call unwinding,1.217,15942256,19402457,16284167,bear,-97,Short Buildup,bear,TRAP,12,down,BEAR TRAP,NEUTRAL / RANGE,neutral,mixed,0,7,13.91,24337.5,0.06,24250
2026-09-27,20:54:57,2026-09-29T13:27:00,24322.86,24324.37,24309.04,24309.37,24309.4,bear,-60,EMA9<EMA21,bull,80,put writing|call unwinding,1.219,15930264,19424019,16336562,bear,-99,Short Buildup,bear,TRAP,6,down,BEAR TRAP,NEUTRAL / RANGE,neutral,mixed,0,7,13.87,24324.0,0.06,24250
2026-09-27,20:54:58,2026-09-29T13:30:00,24309.37,24311.66,24297.21,24299.34,24299.3,bear,-60,EMA9<EMA21,bull,80,put writing|call unwinding,1.222,15911452,19445863,16388776,bear,-99,Short Buildup,bear,TRAP,3,down,BEAR TRAP,NEUTRAL / RANGE,neutral,mixed,0,7,13.84,24313.9,0.06,24250
2026-09-27,20:54:59,2026-09-29T13:33:00,24299.34,24301.08,24285.58,24285.95,24286.0,bear,-60,EMA9<EMA21,bull,80,put writing|call unwinding,1.225,15894748,19472729,16418750,bear,-94,Short Buildup,bear,TRAP,2,down,BEAR TRAP,MILD BULLISH,up,mild,4,7,13.84,24300.5,0.06,24250
2026-09-27,20:55:01,2026-09-29T13:36:00,24285.95,24287.24,24265.31,24266.17,24266.2,bear,-60,EMA9<EMA21,bear,-80,call writing|put unwinding,1.225,15897677,19468196,16415646,bear,-29,Long Unwinding,bear,WAIT,50,down,,MILD BULLISH,up,mild,3,7,13.85,24266.2,0.0,24250
2026-09-27,20:55:02,2026-09-29T13:39:00,24266.17,24266.57,24266.06,24266.45,24266.5,bear,-60,EMA9<EMA21,neutral,0,call unwinding|put unwinding,1.225,15892922,19465856,16417919,bear,-70,Short Buildup,bear,BUY PUT,61,down,,MILD BEARISH,down,mild,3,7,13.89,24266.4,0.0,24250
2026-09-27,20:55:03,2026-09-29T13:42:00,24266.45,24267.46,24258.18,24258.34,24258.3,bear,-60,EMA9<EMA21,bull,80,put writing|call unwinding,1.226,15887095,19470779,16423595,bear,-79,Short Buildup,bear,TRAP,30,down,BEAR TRAP,MILD BULLISH,up,mild,4,7,13.9,24258.3,0.0,24250
2026-09-27,20:55:04,2026-09-29T13:45:00,24258.34,24258.9,24248.02,24250.19,24250.2,bear,-60,EMA9<EMA21,neutral,0,put writing|call writing,1.225,15891795,19473943,16425280,bear,-68,Short Buildup,bear,WAIT,51,down,,MILD BEARISH,down,mild,3,7,13.78,24250.2,0.0,24250
2026-09-27,20:55:06,2026-09-29T13:48:00,24250.19,24255.36,24250.07,24254.89,24254.9,bear,-60,EMA9<EMA21,neutral,0,call unwinding|put unwinding,1.225,15888823,19468167,16421446,bear,-30,Long Unwinding,bear,BUY PUT,61,down,,MILD BEARISH,down,mild,3,7,13.73,24254.9,0.0,24250
2026-09-27,20:55:07,2026-09-29T13:51:00,24254.89,24255.75,24249.21,24249.52,24249.5,bear,-60,EMA9<EMA21,neutral,0,put writing|call writing,1.225,15893093,19470423,16415241,bear,-32,Long Unwinding,bear,BUY PUT,66,down,,MILD BULLISH,up,mild,3,7,13.66,24249.5,0.0,24250
2026-09-27,20:55:08,2026-09-29T13:54:00,24249.52,24250.41,24231.2,24231.2,24231.2,bear,-60,EMA9<EMA21,bear,-80,call writing|put unwinding,1.225,15897248,19467470,16414430,bear,-24,Long Unwinding,bear,BUY PUT,82,down,,NEUTRAL / RANGE,neutral,mixed,0,7,13.52,24231.2,0.0,24250
2026-09-27,20:55:09,2026-09-29T13:57:00,24231.2,24240.11,24230.14,24237.71,24237.7,bear,-60,EMA9<EMA21,bear,-80,call writing|put unwinding,1.224,15899618,19464272,16412306,bear,-28,Long Unwinding,bear,BUY PUT,91,down,,NEUTRAL / RANGE,neutral,mixed,0,7,13.52,24237.7,0.0,24250
2026-09-27,20:55:11,2026-09-29T14:00:00,24237.71,24245.05,24236.87,24243.52,24243.5,bear,-60,EMA9<EMA21,neutral,0,put writing|call writing,1.224,15900614,19469467,16410482,bear,-27,Long Unwinding,bear,BUY PUT,81,down,,MILD BULLISH,up,mild,3,7,13.49,24243.5,0.0,24250
2026-09-27,20:55:12,2026-09-29T14:03:00,24243.52,24258.73,24242.15,24257.95,24258.0,bear,-60,EMA9<EMA21,neutral,0,call unwinding|put unwinding,1.224,15898903,19463854,16410333,bear,-18,Long Unwinding,bull,WAIT,40,down,,MILD BULLISH,up,mild,3,7,13.43,24257.9,0.0,24250
2026-09-27,20:55:13,2026-09-29T14:06:00,24257.95,24260.51,24249.99,24250.68,24250.7,bear,-60,EMA9<EMA21,neutral,0,call unwinding|put unwinding,1.224,15894200,19458148,16413930,bear,-74,Short Buildup,bull,WAIT,20,down,,MILD BULLISH,up,mild,4,7,13.47,24250.7,0.0,24250
2026-09-27,20:55:14,2026-09-29T14:09:00,24250.68,24258.55,24250.32,24257.92,24257.9,bear,-60,EMA9<EMA21,bear,-80,call writing|put unwinding,1.224,15899486,19457016,16414937,bear,-63,Short Buildup,bull,WAIT,46,down,,MILD BEARISH,down,mild,3,7,13.4,24257.9,0.0,24250
2026-09-27,20:55:15,2026-09-29T14:12:00,24257.92,24268.75,24254.72,24267.86,24267.9,bear,-60,EMA9<EMA21,bear,-80,call writing|put unwinding,1.224,15899657,19453559,16422230,bear,-81,Short Buildup,bull,BUY PUT,58,down,,NEUTRAL / RANGE,neutral,mixed,0,7,13.5,24267.9,0.0,24250
2026-09-27,20:55:17,2026-09-29T14:15:00,24267.86,24277.06,24266.36,24276.77,24276.8,bear,-60,EMA9<EMA21,bull,80,put writing|call unwinding,1.224,15897395,19454175,16428741,bear,-80,Short Buildup,bull,TRAP,29,down,BEAR TRAP,MILD BEARISH,down,mild,3,7,13.55,24276.8,0.0,24300
2026-09-27,20:55:18,2026-09-29T14:18:00,24276.77,24297.41,24276.27,24295.88,24295.9,bear,-60,EMA9<EMA21,bull,80,put writing|call unwinding,1.225,15888510,19469340,16458485,bear,-94,Short Buildup,bull,TRAP,15,down,BEAR TRAP,BULLISH,up,clear,5,7,13.55,24310.5,0.06,24250
2026-09-27,20:55:19,2026-09-29T14:21:00,24295.88,24312.29,24294.27,24309.95,24310.0,bear,-40,EMA9<EMA21,bull,80,put writing|call unwinding,1.228,15876334,19489485,16491771,bear,-95,Short Buildup,bull,TRAP,7,down,BEAR TRAP,MILD BULLISH,up,mild,4,7,13.5,24324.5,0.06,24250
2026-09-27,20:55:20,2026-09-29T14:24:00,24309.95,24329.14,24308.42,24328.08,24328.1,bear,-40,EMA9<EMA21,bull,80,put writing|call unwinding,1.23,15868629,19521738,16520612,bear,-93,Short Buildup,bull,TRAP,4,down,BEAR TRAP,BULLISH,up,clear,5,7,13.42,24342.7,0.06,24300
2026-09-27,20:55:22,2026-09-29T14:27:00,24328.08,24346.88,24327.16,24345.94,24345.9,bear,-20,EMA9<EMA21,bull,80,put writing|call unwinding,1.234,15850851,19553192,16556277,bear,-95,Short Buildup,bull,WAIT,2,down,,BULLISH,up,clear,5,7,13.36,24360.5,0.06,24300
2026-09-27,20:55:23,2026-09-29T14:30:00,24345.94,24376.01,24345.74,24375.43,24375.4,bull,60,EMA9>EMA21,bull,80,put writing|call unwinding,1.236,15842935,19577096,16601559,bull,97,Long Buildup,bull,WAIT,50,up,,MILD BULLISH,up,mild,4,7,13.4,24390.1,0.06,24350
2026-09-27,20:55:24,2026-09-29T14:33:00,24375.43,24388.19,24375.36,24386.83,24386.8,bull,60,EMA9>EMA21,bull,80,put writing|call unwinding,1.238,15825912,19595427,16650242,bull,98,Long Buildup,bull,BUY CALL,75,up,,MILD BULLISH,up,mild,4,7,13.4,24401.5,0.06,24350
2026-09-27,20:55:25,2026-09-29T14:36:00,24386.83,24409.85,24385.48,24409.52,24409.5,bull,60,EMA9>EMA21,bull,80,put writing|call unwinding,1.24,15813912,19615544,16694890,bull,97,Long Buildup,bull,BUY CALL,87,up,,BULLISH,up,clear,5,7,13.34,24424.2,0.06,24350
2026-09-27,20:55:27,2026-09-29T14:39:00,24409.52,24416.09,24408.33,24415.18,24415.2,bull,60,EMA9>EMA21,bull,80,put writing|call unwinding,1.243,15808762,19653579,16717527,bull,91,Long Buildup,bull,BUY CALL,93,up,,MILD BULLISH,up,mild,4,7,13.28,24429.8,0.06,24350
2026-09-27,20:55:28,2026-09-29T14:42:00,24415.18,24430.94,24415.0,24430.64,24430.6,bull,60,EMA9>EMA21,bull,80,put writing|call unwinding,1.246,15802062,19692773,16774012,bull,99,Long Buildup,bull,BUY CALL,96,up,,BULLISH,up,clear,5,7,13.24,24445.3,0.06,24400
2026-09-27,20:55:29,2026-09-29T14:45:00,24430.64,24450.33,24429.75,24450.22,24450.2,bull,60,EMA9>EMA21,bull,80,put writing|call unwinding,1.248,15796629,19714976,16804020,bull,94,Long Buildup,bull,BUY CALL,97,up,,MILD BULLISH,up,mild,4,7,13.17,24464.9,0.06,24400
2026-09-27,20:55:30,2026-09-29T14:48:00,24450.22,24463.25,24446.65,24460.33,24460.3,bull,60,EMA9>EMA21,bull,80,put writing|call unwinding,1.251,15780710,19745655,16854699,bull,98,Long Buildup,bull,BUY CALL,98,up,,BULLISH,up,clear,5,7,13.25,24475.0,0.06,24400
2026-09-27,20:55:31,2026-09-29T14:51:00,24460.33,24476.28,24460.21,24474.6,24474.6,bull,60,EMA9>EMA21,bull,80,put writing|call unwinding,1.253,15774202,19771246,16881698,bull,93,Long Buildup,bull,BUY CALL,99,up,,MILD BULLISH,up,mild,4,7,13.28,24489.3,0.06,24400
2026-09-27,20:55:33,2026-09-29T14:54:00,24474.6,24496.94,24472.97,24496.47,24496.5,bull,60,EMA9>EMA21,bull,80,put writing|call unwinding,1.256,15764724,19806459,16918854,bull,96,Long Buildup,bull,BUY CALL,99,up,,MILD BULLISH,up,mild,4,7,13.25,24511.2,0.06,24450
2026-09-27,20:55:34,2026-09-29T14:57:00,24496.47,24531.63,24495.41,24531.05,24531.0,bull,60,EMA9>EMA21,bull,80,put writing|call unwinding,1.259,15747850,19827085,16957872,bull,96,Long Buildup,bull,BUY CALL,99,up,,BULLISH,up,clear,5,7,13.3,24545.8,0.06,24500
2026-09-27,20:55:35,2026-09-29T15:00:00,24531.05,24542.21,24530.65,24541.22,24541.2,bull,60,EMA9>EMA21,bull,80,put writing|call unwinding,1.261,15731721,19844181,16986868,bull,93,Long Buildup,bull,BUY CALL,99,up,,BULLISH,up,clear,5,7,13.28,24555.9,0.06,24500
2026-09-27,20:55:36,2026-09-29T15:03:00,24541.22,24562.58,24541.09,24559.77,24559.8,bull,60,EMA9>EMA21,bull,80,put writing|call unwinding,1.265,15714704,19881866,17010272,bull,91,Long Buildup,bull,BUY CALL,99,up,,BULLISH,up,clear,5,7,13.24,24574.5,0.06,24500
2026-09-27,20:55:38,2026-09-29T15:06:00,24559.77,24580.35,24557.91,24580.19,24580.2,bull,60,EMA9>EMA21,bull,80,put writing|call unwinding,1.268,15701241,19901478,17036661,bull,93,Long Buildup,bull,BUY CALL,99,up,,MILD BULLISH,up,mild,4,7,13.17,24594.9,0.06,24550
2026-09-27,20:55:39,2026-09-29T15:09:00,24580.19,24596.18,24578.93,24596.0,24596.0,bull,60,EMA9>EMA21,bull,80,put writing|call unwinding,1.271,15685967,19934181,17082402,bull,98,Long Buildup,bull,BUY CALL,99,up,,BULLISH,up,clear,5,7,13.2,24610.8,0.06,24550
2026-09-27,20:55:40,2026-09-29T15:12:00,24596.0,24621.62,24594.33,24619.26,24619.3,bull,60,EMA9>EMA21,bull,80,put writing|call unwinding,1.274,15671568,19960231,17067938,bull,35,Short Covering,bull,BUY CALL,99,up,,MILD BULLISH,up,mild,3,7,13.11,24609.4,-0.04,24550
2026-09-27,20:55:41,2026-09-29T15:15:00,24619.26,24630.13,24617.69,24629.15,24629.2,bull,60,EMA9>EMA21,bull,80,put writing|call unwinding,1.276,15658758,19984713,17028406,bull,38,Short Covering,bull,BUY CALL,99,up,,MILD BULLISH,up,mild,4,7,13.18,24619.3,-0.04,24600
2026-09-27,20:55:43,2026-09-29T15:18:00,24629.15,24641.4,24628.36,24639.36,24639.4,bull,60,EMA9>EMA21,bull,80,put writing|call unwinding,1.279,15644745,20009079,16997402,bull,38,Short Covering,bull,BUY CALL,99,up,,MILD BULLISH,up,mild,3,7,13.16,24629.5,-0.04,24600
2026-09-27,20:55:44,2026-09-29T15:21:00,24639.36,24659.72,24638.63,24658.89,24658.9,bull,60,EMA9>EMA21,bull,80,put writing|call unwinding,1.281,15638441,20030666,16986123,bull,34,Short Covering,bull,BUY CALL,99,up,,NEUTRAL / RANGE,neutral,mixed,0,7,13.21,24649.0,-0.04,24600
2026-09-27,20:55:45,2026-09-29T15:24:00,24658.89,24671.58,24656.77,24669.42,24669.4,bull,60,EMA9>EMA21,bull,80,put writing|call unwinding,1.283,15627764,20048254,16964650,bull,36,Short Covering,bull,BUY CALL,99,up,,MILD BULLISH,up,mild,4,7,13.1,24659.6,-0.04,24600
2026-09-27,20:55:46,2026-09-29T15:27:00,24669.42,24689.98,24668.94,24689.19,24689.2,bull,60,EMA9>EMA21,bull,80,put writing|call unwinding,1.286,15621425,20084672,16936065,bull,37,Short Covering,bull,BUY CALL,99,up,,BULLISH,up,clear,5,7,12.93,24679.3,-0.04,24650
2026-09-27,20:55:47,2026-09-29T15:30:00,24689.19,24690.21,24688.32,24690.19,24690.2,bull,60,EMA9>EMA21,bull,80,put writing|call unwinding,1.288,15614290,20106447,16917579,bull,36,Short Covering,bull,BUY CALL,99,up,,NEUTRAL / RANGE,neutral,mixed,0,7,12.95,24680.3,-0.04,24650
2026-09-27,20:55:49,2026-09-29T15:33:00,24690.19,24708.85,24689.58,24707.97,24708.0,bull,60,EMA9>EMA21,bull,80,put writing|call unwinding,1.291,15599572,20137771,16888399,bull,37,Short Covering,bull,BUY CALL,99,up,,NEUTRAL / RANGE,neutral,mixed,0,7,12.99,24698.1,-0.04,24650
2026-09-27,20:55:50,2026-09-29T15:36:00,24707.97,24718.41,24707.76,24716.94,24716.9,bull,60,EMA9>EMA21,bear,-80,call writing|put unwinding,1.287,15632129,20118480,16854921,bull,38,Short Covering,bull,TRAP,49,up,BULL TRAP,NEUTRAL / RANGE,neutral,mixed,0,7,12.95,24707.1,-0.04,24750
2026-09-27,20:55:51,2026-09-29T15:39:00,24716.94,24717.61,24711.65,24713.61,24713.6,bull,60,EMA9>EMA21,bear,-80,call writing|put unwinding,1.283,15664117,20098616,16828325,bull,37,Short Covering,bull,TRAP,25,up,BULL TRAP,MILD BULLISH,up,mild,4,7,12.94,24703.7,-0.04,24750
2026-09-27,20:55:52,2026-09-29T15:42:00,24713.61,24726.37,24713.46,24725.38,24725.4,bull,60,EMA9>EMA21,bear,-80,call writing|put unwinding,1.281,15686246,20086503,16794784,bull,38,Short Covering,bull,TRAP,12,up,BULL TRAP,MILD BEARISH,down,mild,3,7,12.96,24715.5,-0.04,24800
2026-09-27,20:55:54,2026-09-29T15:45:00,24725.38,24739.1,24724.07,24738.23,24738.2,bull,60,EMA9>EMA21,bear,-80,call writing|put unwinding,1.278,15714487,20076125,16779963,bull,35,Short Covering,bull,TRAP,6,up,BULL TRAP,MILD BULLISH,up,mild,4,7,12.97,24728.3,-0.04,24800
2026-09-27,20:55:55,2026-09-29T15:48:00,24738.23,24764.79,24737.97,24762.15,24762.2,bull,60,EMA9>EMA21,bear,-80,call writing|put unwinding,1.274,15743393,20058727,16769153,bull,34,Short Covering,bull,TRAP,3,up,BULL TRAP,MILD BULLISH,up,mild,4,7,12.98,24752.2,-0.04,24800
2026-09-27,20:55:56,2026-09-29T15:51:00,24762.15,24773.26,24761.26,24773.03,24773.0,bull,60,EMA9>EMA21,bear,-80,call writing|put unwinding,1.27,15773734,20039753,16754675,bull,35,Short Covering,bull,TRAP,2,up,BULL TRAP,MILD BULLISH,up,mild,4,7,13.02,24763.1,-0.04,24800
2026-09-27,20:55:57,2026-09-29T15:54:00,24773.03,24773.96,24755.99,24756.21,24756.2,bull,60,EMA9>EMA21,bear,-80,call writing|put unwinding,1.267,15809792,20034103,16719490,bull,38,Short Covering,bull,TRAP,1,up,BULL TRAP,MILD BEARISH,down,mild,4,7,13.08,24746.3,-0.04,24800
2026-09-27,20:55:59,2026-09-29T15:57:00,24756.21,24758.51,24716.77,24717.3,24717.3,bull,60,EMA9>EMA21,bear,-80,call writing|put unwinding,1.264,15845354,20021033,16685015,bull,38,Short Covering,bear,TRAP,0,up,BULL TRAP,MILD BEARISH,down,mild,4,7,13.09,24707.4,-0.04,24750
2026-09-27,20:56:00,2026-09-29T16:00:00,24717.3,24717.74,24715.71,24716.03,24716.0,bull,60,EMA9>EMA21,bear,-80,call writing|put unwinding,1.26,15877122,20013110,16665461,bull,36,Short Covering,bear,TRAP,0,up,BULL TRAP,MILD BEARISH,down,mild,4,7,13.04,24706.1,-0.04,24750
2026-09-27,20:56:01,2026-09-29T16:03:00,24716.03,24716.18,24695.94,24697.81,24697.8,bull,60,EMA9>EMA21,bear,-80,call writing|put unwinding,1.258,15901959,20006812,16648132,bull,35,Short Covering,bear,TRAP,0,up,BULL TRAP,MILD BEARISH,down,mild,4,7,13.07,24687.9,-0.04,24750
2026-09-27,20:56:02,2026-09-29T16:06:00,24697.81,24699.06,24682.89,24684.13,24684.1,bull,60,EMA9>EMA21,bear,-80,call writing|put unwinding,1.254,15936670,19990124,16636920,bull,34,Short Covering,bear,TRAP,0,up,BULL TRAP,MILD BEARISH,down,mild,4,7,13.17,24674.3,-0.04,24750
2026-09-27,20:56:03,2026-09-29T16:09:00,24684.13,24684.15,24664.31,24667.21,24667.2,bull,60,EMA9>EMA21,bear,-80,call writing|put unwinding,1.252,15952755,19972479,16605636,bull,38,Short Covering,bear,TRAP,0,up,BULL TRAP,MILD BEARISH,down,mild,4,7,13.04,24657.3,-0.04,24700
2026-09-27,20:56:05,2026-09-29T16:12:00,24667.21,24667.82,24639.94,24641.99,24642.0,bull,40,EMA9>EMA21,bear,-80,call writing|put unwinding,1.248,15983364,19953380,16581308,bull,37,Short Covering,bear,TRAP,0,up,BULL TRAP,MILD BEARISH,down,mild,4,7,13.03,24632.1,-0.04,24700
2026-09-27,20:56:06,2026-09-29T16:15:00,24641.99,24642.65,24619.8,24621.12,24621.1,bull,20,EMA9>EMA21,bear,-80,call writing|put unwinding,1.246,16008133,19944077,16565989,bull,35,Short Covering,bear,WAIT,0,up,,MILD BEARISH,down,mild,3,7,13.11,24611.3,-0.04,24650
2026-09-27,20:56:07,2026-09-29T16:18:00,24621.12,24622.37,24606.18,24606.26,24606.3,bull,20,EMA9>EMA21,bear,-80,call writing|put unwinding,1.244,16026312,19932668,16538152,bull,37,Short Covering,bear,WAIT,0,up,,MILD BEARISH,down,mild,4,7,13.18,24596.4,-0.04,24650
2026-09-27,20:56:08,2026-09-29T16:21:00,24606.26,24606.68,24587.5,24588.01,24588.0,bear,-60,EMA9<EMA21,bear,-80,call writing|put unwinding,1.242,16043356,19927605,16507653,bear,-38,Long Unwinding,bear,WAIT,50,down,,MILD BEARISH,down,mild,4,7,13.22,24578.2,-0.04,24650
2026-09-27,20:56:10,2026-09-29T16:24:00,24588.01,24588.64,24564.39,24564.73,24564.7,bear,-60,EMA9<EMA21,bear,-80,call writing|put unwinding,1.24,16060884,19909836,16481062,bear,-37,Long Unwinding,bear,BUY PUT,74,down,,MILD BEARISH,down,mild,4,7,13.22,24554.9,-0.04,24600
2026-09-27,20:56:11,2026-09-29T16:27:00,24564.73,24565.22,24547.81,24548.52,24548.5,bear,-60,EMA9<EMA21,bear,-80,call writing|put unwinding,1.236,16094986,19895973,16465412,bear,-35,Long Unwinding,bear,BUY PUT,87,down,,MILD BEARISH,down,mild,4,7,13.33,24538.7,-0.04,24600
2026-09-27,20:56:12,2026-09-29T16:30:00,24548.52,24549.75,24536.59,24537.23,24537.2,bear,-60,EMA9<EMA21,bear,-80,call writing|put unwinding,1.235,16111312,19890482,16433036,bear,-38,Long Unwinding,bear,BUY PUT,93,down,,MILD BEARISH,down,mild,4,7,13.4,24527.4,-0.04,24600
2026-09-27,20:56:13,2026-09-29T16:33:00,24537.23,24537.58,24516.69,24517.29,24517.3,bear,-60,EMA9<EMA21,bear,-80,call writing|put unwinding,1.232,16143021,19881601,16411949,bear,-36,Long Unwinding,bear,BUY PUT,96,down,,MILD BEARISH,down,mild,4,7,13.52,24507.5,-0.04,24550
2026-09-27,20:56:15,2026-09-29T16:36:00,24517.29,24517.47,24504.95,24505.59,24505.6,bear,-60,EMA9<EMA21,bear,-80,call writing|put unwinding,1.229,16167670,19864442,16395240,bear,-35,Long Unwinding,bear,BUY PUT,97,down,,MILD BEARISH,down,mild,4,7,13.52,24495.8,-0.04,24550
2026-09-27,20:56:16,2026-09-29T16:39:00,24505.59,24505.8,24490.28,24490.32,24490.3,bear,-60,EMA9<EMA21,bear,-80,call writing|put unwinding,1.227,16184485,19850438,16376560,bear,-36,Long Unwinding,bear,BUY PUT,98,down,,MILD BEARISH,down,mild,4,7,13.6,24480.5,-0.04,24550
2026-09-27,20:56:17,2026-09-29T16:42:00,24490.32,24491.9,24477.06,24478.47,24478.5,bear,-60,EMA9<EMA21,bear,-80,call writing|put unwinding,1.224,16201084,19831926,16345422,bear,-38,Long Unwinding,bear,BUY PUT,99,down,,MILD BEARISH,down,mild,4,7,13.72,24468.7,-0.04,24550
2026-09-27,20:56:18,2026-09-29T16:45:00,24478.47,24480.83,24456.82,24457.92,24457.9,bear,-60,EMA9<EMA21,bear,-80,call writing|put unwinding,1.22,16236313,19813128,16335125,bear,-34,Long Unwinding,bear,BUY PUT,99,down,,MILD BEARISH,down,mild,3,7,13.62,24448.1,-0.04,24500
2026-09-27,20:56:19,2026-09-29T16:48:00,24457.92,24459.73,24448.2,24450.35,24450.3,bear,-60,EMA9<EMA21,bull,80,put writing|call unwinding,1.223,16227675,19846693,16360035,bear,-92,Short Buildup,bear,TRAP,49,down,BEAR TRAP,MILD BULLISH,up,mild,4,7,13.48,24465.0,0.06,24400
2026-09-27,20:56:21,2026-09-29T16:51:00,24450.35,24450.94,24439.59,24440.85,24440.8,bear,-60,EMA9<EMA21,bull,80,put writing|call unwinding,1.225,16216576,19870274,16419028,bear,-100,Short Buildup,bear,TRAP,25,down,BEAR TRAP,NEUTRAL / RANGE,neutral,mixed,0,7,13.5,24455.5,0.06,24400
2026-09-27,20:56:22,2026-09-29T16:54:00,24440.85,24441.68,24433.59,24434.04,24434.0,bear,-60,EMA9<EMA21,bull,80,put writing|call unwinding,1.228,16209233,19908361,16473667,bear,-99,Short Buildup,bear,TRAP,12,down,BEAR TRAP,MILD BULLISH,up,mild,3,7,13.49,24448.7,0.06,24400
2026-09-27,20:56:23,2026-09-29T16:57:00,24434.04,24435.26,24415.88,24416.45,24416.5,bear,-60,EMA9<EMA21,bull,80,put writing|call unwinding,1.23,16196829,19929258,16501028,bear,-93,Short Buildup,bear,TRAP,6,down,BEAR TRAP,MILD BULLISH,up,mild,4,7,13.53,24431.1,0.06,24350
2026-09-27,20:56:24,2026-09-29T17:00:00,24416.45,24417.13,24409.92,24410.22,24410.2,bear,-60,EMA9<EMA21,bull,80,put writing|call unwinding,1.233,16181182,19953089,16554156,bear,-99,Short Buildup,bear,TRAP,3,down,BEAR TRAP,MILD BULLISH,up,mild,3,7,13.52,24424.9,0.06,24350
2026-09-27,20:56:26,2026-09-29T17:03:00,24410.22,24410.54,24397.49,24398.45,24398.5,bear,-60,EMA9<EMA21,bull,80,put writing|call unwinding,1.236,16167773,19980567,16590564,bear,-95,Short Buildup,bear,TRAP,2,down,BEAR TRAP,MILD BULLISH,up,mild,4,7,13.51,24413.1,0.06,24350
2026-09-27,20:56:27,2026-09-29T17:06:00,24398.45,24404.67,24397.53,24404.0,24404.0,bear,-60,EMA9<EMA21,bear,-80,call writing|put unwinding,1.236,16169762,19979379,16596511,bear,-79,Short Buildup,bear,WAIT,50,down,,MILD BULLISH,up,mild,3,7,13.44,24404.0,0.0,24400
2026-09-27,20:56:28,2026-09-29T17:09:00,24404.0,24405.79,24374.28,24374.75,24374.8,bear,-60,EMA9<EMA21,bear,-80,call writing|put unwinding,1.235,16171419,19973766,16600720,bear,-76,Short Buildup,bear,BUY PUT,75,down,,NEUTRAL / RANGE,neutral,mixed,0,7,13.49,24374.8,0.0,24350
2026-09-27,20:56:29,2026-09-29T17:12:00,24374.75,24377.11,24374.59,24376.67,24376.7,bear,-60,EMA9<EMA21,neutral,0,put writing|call writing,1.235,16173843,19978043,16598044,bear,-29,Long Unwinding,bear,BUY PUT,73,down,,MILD BULLISH,up,mild,2,7,13.56,24376.7,0.0,24400
2026-09-27,20:56:31,2026-09-29T17:15:00,24376.67,24381.45,24372.64,24381.01,24381.0,bear,-60,EMA9<EMA21,neutral,0,put writing|call writing,1.235,16175889,19981036,16591711,bear,-32,Long Unwinding,bear,BUY PUT,72,down,,MILD BEARISH,down,mild,3,7,13.58,24381.0,0.0,24400
2026-09-27,20:56:32,2026-09-29T17:18:00,24381.01,24393.17,24380.4,24392.85,24392.8,bear,-60,EMA9<EMA21,neutral,0,put writing|call writing,1.235,16176354,19982502,16584335,bear,-32,Long Unwinding,bull,WAIT,36,down,,MILD BULLISH,up,mild,3,7,13.59,24392.8,0.0,24400
2026-09-27,20:56:33,2026-09-29T17:21:00,24392.85,24393.94,24373.14,24373.62,24373.6,bear,-60,EMA9<EMA21,bull,80,put writing|call unwinding,1.236,16170767,19982888,16579288,bear,-31,Long Unwinding,neutral,TRAP,18,down,BEAR TRAP,MILD BEARISH,down,mild,3,7,13.59,24373.6,0.0,24350
2026-09-27,20:56:34,2026-09-29T17:24:00,24373.62,24379.28,24372.72,24378.86,24378.9,bear,-60,EMA9<EMA21,neutral,0,call unwinding|put unwinding,1.236,16168919,19980219,16580153,bear,-61,Short Buildup,neutral,WAIT,9,down,,MILD BULLISH,up,mild,3,7,13.6,24378.9,0.0,24400
2026-09-27,20:56:35,2026-09-29T17:27:00,24378.86,24383.8,24378.73,24382.96,24383.0,bear,-60,EMA9<EMA21,bull,80,put writing|call unwinding,1.236,16166349,19980428,16580169,bear,-26,Short Buildup,bear,TRAP,4,down,BEAR TRAP,MILD BULLISH,up,mild,4,7,13.63,24383.0,0.0,24400
2026-09-27,20:56:37,2026-09-29T17:30:00,24382.96,24384.36,24379.96,24383.43,24383.4,bear,-60,EMA9<EMA21,neutral,0,call unwinding|put unwinding,1.236,16164833,19977182,16573729,bear,-32,Long Unwinding,bull,WAIT,2,down,,MILD BEARISH,down,mild,3,7,13.69,24383.4,0.0,24400
2026-09-27,20:56:38,2026-09-29T17:33:00,24383.43,24396.42,24383.07,24395.25,24395.2,bear,-60,EMA9<EMA21,neutral,0,call unwinding|put unwinding,1.236,16159291,19976857,16580361,bear,-80,Short Buildup,bull,WAIT,1,down,,MILD BEARISH,down,mild,3,7,13.71,24395.3,0.0,24400
2026-09-27,20:56:39,2026-09-29T17:36:00,24395.25,24395.57,24376.72,24376.99,24377.0,bear,-60,EMA9<EMA21,neutral,0,put writing|call writing,1.236,16164740,19982134,16582529,bear,-70,Short Buildup,bear,WAIT,36,down,,BULLISH,up,clear,5,7,13.56,24377.0,0.0,24400
2026-09-27,20:56:40,2026-09-29T17:39:00,24376.99,24381.42,24376.35,24380.64,24380.6,bear,-60,EMA9<EMA21,bear,-80,call writing|put unwinding,1.236,16170728,19981745,16576229,bear,-32,Long Unwinding,neutral,BUY PUT,54,down,,NEUTRAL / RANGE,neutral,mixed,0,7,13.62,24380.6,0.0,24400
2026-09-27,20:56:42,2026-09-29T17:42:00,24380.64,24381.23,24373.02,24373.27,24373.3,bear,-60,EMA9<EMA21,neutral,0,call unwinding|put unwinding,1.236,16165164,19981688,16573544,bear,-29,Long Unwinding,bear,BUY PUT,62,down,,MILD BULLISH,up,mild,4,7,13.64,24373.3,0.0,24350
2026-09-27,20:56:43,2026-09-29T17:45:00,24373.27,24382.3,24370.36,24380.7,24380.7,bear,-60,EMA9<EMA21,bull,80,put writing|call unwinding,1.237,16160725,19986046,16579574,bear,-79,Short Buildup,bull,TRAP,31,down,BEAR TRAP,MILD BULLISH,up,mild,4,7,13.65,24380.7,0.0,24400
2026-09-27,20:56:44,2026-09-29T17:48:00,24380.7,24392.04,24380.57,24391.05,24391.0,bear,-60,EMA9<EMA21,bull,80,put writing|call unwinding,1.238,16151606,20003269,16637711,bear,-100,Short Buildup,bull,TRAP,16,down,BEAR TRAP,BULLISH,up,clear,5,7,13.71,24405.7,0.06,24350
2026-09-27,20:56:45,2026-09-29T17:51:00,24391.05,24421.06,24390.17,24420.21,24420.2,bear,-40,EMA9<EMA21,bull,80,put writing|call unwinding,1.242,16132539,20038046,16658979,bear,-91,Short Buildup,bull,TRAP,8,down,BEAR TRAP,BULLISH,up,clear,5,7,13.79,24434.9,0.06,24350
2026-09-27,20:56:47,2026-09-29T17:54:00,24420.21,24429.49,24418.62,24429.1,24429.1,bear,-40,EMA9<EMA21,bull,80,put writing|call unwinding,1.245,16124229,20070967,16683221,bear,-92,Short Buildup,bull,TRAP,4,down,BEAR TRAP,BULLISH,up,clear,5,7,13.69,24443.8,0.06,24400
2026-09-27,20:56:48,2026-09-29T17:57:00,24429.1,24450.47,24427.36,24449.08,24449.1,bear,-20,EMA9<EMA21,bull,80,put writing|call unwinding,1.247,16114554,20100146,16726232,bear,-97,Short Buildup,bull,WAIT,2,down,,MILD BULLISH,up,mild,4,7,13.64,24463.7,0.06,24400
2026-09-27,20:56:49,2026-09-29T18:00:00,24449.08,24474.66,24447.13,24472.96,24473.0,bear,-20,EMA9<EMA21,bull,80,put writing|call unwinding,1.25,16101936,20128373,16749689,bear,-91,Short Buildup,bull,WAIT,1,down,,BULLISH,up,clear,5,7,13.65,24487.6,0.06,24400
2026-09-27,20:56:50,2026-09-29T18:03:00,24472.96,24492.64,24472.55,24490.82,24490.8,bull,60,EMA9>EMA21,bull,80,put writing|call unwinding,1.252,16092630,20145663,16801099,bull,99,Long Buildup,bull,WAIT,50,up,,BULLISH,up,clear,5,7,13.6,24505.5,0.06,24450
2026-09-27,20:56:51,2026-09-29T18:06:00,24490.82,24518.42,24489.92,24517.15,24517.2,bull,60,EMA9>EMA21,bull,80,put writing|call unwinding,1.254,16073336,20162133,16831309,bull,94,Long Buildup,bull,BUY CALL,74,up,,BULLISH,up,clear,5,7,13.48,24531.9,0.06,24450
2026-09-27,20:56:53,2026-09-29T18:09:00,24517.15,24526.81,24515.69,24526.35,24526.3,bull,60,EMA9>EMA21,bull,80,put writing|call unwinding,1.257,16061197,20191950,16885260,bull,99,Long Buildup,bull,BUY CALL,87,up,,BULLISH,up,clear,5,7,13.47,24541.1,0.06,24500
2026-09-27,20:56:54,2026-09-29T18:12:00,24526.35,24556.36,24525.21,24554.57,24554.6,bull,60,EMA9>EMA21,bull,80,put writing|call unwinding,1.259,16052584,20212754,16928033,bull,97,Long Buildup,bull,BUY CALL,93,up,,BULLISH,up,clear,5,7,13.51,24569.3,0.06,24500
2026-09-27,20:56:55,2026-09-29T18:15:00,24554.57,24579.3,24553.44,24577.14,24577.1,bull,60,EMA9>EMA21,bull,80,put writing|call unwinding,1.263,16039000,20251591,16960949,bull,95,Long Buildup,bull,BUY CALL,96,up,,BULLISH,up,clear,5,7,13.5,24591.9,0.06,24550
2026-09-27,20:56:56,2026-09-29T18:18:00,24577.14,24584.89,24576.37,24584.03,24584.0,bull,60,EMA9>EMA21,bull,80,put writing|call unwinding,1.266,16024174,20286743,16998882,bull,96,Long Buildup,bull,BUY CALL,97,up,,BULLISH,up,clear,5,7,13.64,24598.8,0.06,24550
2026-09-27,20:56:58,2026-09-29T18:21:00,24584.03,24592.54,24583.2,24590.1,24590.1,bull,60,EMA9>EMA21,bull,80,put writing|call unwinding,1.268,16009492,20304121,17047767,bull,98,Long Buildup,bull,BUY CALL,98,up,,BULLISH,up,clear,5,7,13.68,24604.9,0.06,24550
2026-09-27,20:56:59,2026-09-29T18:24:00,24590.1,24607.41,24590.09,24606.77,24606.8,bull,60,EMA9>EMA21,bull,80,put writing|call unwinding,1.271,15992167,20323256,17077941,bull,94,Long Buildup,bull,BUY CALL,99,up,,BULLISH,up,clear,5,7,13.73,24621.5,0.06,24550
2026-09-27,20:57:00,2026-09-29T18:27:00,24606.77,24612.95,24606.62,24612.94,24612.9,bull,60,EMA9>EMA21,bull,80,put writing|call unwinding,1.273,15975908,20344439,17132334,bull,99,Long Buildup,bull,BUY CALL,99,up,,BULLISH,up,clear,5,7,13.69,24627.7,0.06,24550
2026-09-27,20:57:01,2026-09-29T18:30:00,24612.94,24615.32,24612.93,24613.94,24613.9,bull,60,EMA9>EMA21,bull,80,put writing|call unwinding,1.276,15969392,20370690,17183917,bull,99,Long Buildup,bull,BUY CALL,99,up,,BULLISH,up,clear,5,7,13.82,24628.7,0.06,24550
2026-09-27,20:57:03,2026-09-29T18:33:00,24613.94,24629.02,24613.53,24627.63,24627.6,bull,60,EMA9>EMA21,bull,80,put writing|call unwinding,1.278,15956390,20399377,17218624,bull,95,Long Buildup,bull,BUY CALL,99,up,,BULLISH,up,clear,5,7,13.9,24642.4,0.06,24600
2026-09-27,20:57:04,2026-09-29T18:36:00,24627.63,24635.92,24626.51,24635.59,24635.6,bull,60,EMA9>EMA21,bull,80,put writing|call unwinding,1.281,15938797,20423330,17243054,bull,92,Long Buildup,bull,BUY CALL,99,up,,BULLISH,up,clear,5,7,13.85,24650.4,0.06,24600
2026-09-27,20:57:05,2026-09-29T18:39:00,24635.59,24654.65,24634.75,24654.39,24654.4,bull,60,EMA9>EMA21,bull,80,put writing|call unwinding,1.283,15928141,20442939,17289004,bull,98,Long Buildup,bull,BUY CALL,99,up,,BULLISH,up,clear,5,7,13.8,24669.2,0.06,24600
2026-09-27,20:57:06,2026-09-29T18:42:00,24654.39,24667.63,24653.39,24666.76,24666.8,bull,60,EMA9>EMA21,bull,80,put writing|call unwinding,1.286,15921564,20478392,17275159,bull,35,Short Covering,bull,BUY CALL,99,up,,MILD BULLISH,up,mild,4,7,13.7,24656.9,-0.04,24600
2026-09-27,20:57:07,2026-09-29T18:45:00,24666.76,24679.03,24666.45,24678.67,24678.7,bull,60,EMA9>EMA21,bull,80,put writing|call unwinding,1.29,15905863,20516150,17260761,bull,35,Short Covering,bull,BUY CALL,99,up,,MILD BULLISH,up,mild,3,7,13.7,24668.8,-0.04,24650
2026-09-27,20:57:09,2026-09-29T18:48:00,24678.67,24696.18,24678.28,24694.69,24694.7,bull,60,EMA9>EMA21,bull,80,put writing|call unwinding,1.293,15897264,20554960,17246429,bull,35,Short Covering,bull,BUY CALL,99,up,,MILD BEARISH,down,mild,3,7,13.59,24684.8,-0.04,24650
2026-09-27,20:57:10,2026-09-29T18:51:00,24694.69,24707.9,24694.47,24707.02,24707.0,bull,60,EMA9>EMA21,bull,80,put writing|call unwinding,1.296,15888668,20587529,17221481,bull,37,Short Covering,bull,BUY CALL,99,up,,MILD BULLISH,up,mild,3,7,13.58,24697.1,-0.04,24650
2026-09-27,20:57:11,2026-09-29T18:54:00,24707.02,24735.85,24704.38,24735.67,24735.7,bull,60,EMA9>EMA21,bull,80,put writing|call unwinding,1.298,15874133,20612402,17185979,bull,38,Short Covering,bull,BUY CALL,99,up,,NEUTRAL / RANGE,neutral,mixed,0,7,13.62,24725.8,-0.04,24700
2026-09-27,20:57:12,2026-09-29T18:57:00,24735.67,24747.91,24734.69,24746.65,24746.7,bull,60,EMA9>EMA21,bull,80,put writing|call unwinding,1.301,15864324,20642378,17164785,bull,36,Short Covering,bull,BUY CALL,99,up,,NEUTRAL / RANGE,neutral,mixed,0,7,13.64,24736.7,-0.04,24700
2026-09-27,20:57:14,2026-09-29T19:00:00,24746.65,24753.05,24746.53,24752.61,24752.6,bull,60,EMA9>EMA21,bull,80,put writing|call unwinding,1.304,15853682,20677518,17139628,bull,37,Short Covering,bull,BUY CALL,99,up,,MILD BULLISH,up,mild,4,7,13.59,24742.7,-0.04,24700
2026-09-27,20:57:15,2026-09-29T19:03:00,24752.61,24768.91,24751.3,24768.2,24768.2,bull,60,EMA9>EMA21,bull,80,put writing|call unwinding,1.306,15841728,20693043,17107577,bull,38,Short Covering,bull,BUY CALL,99,up,,MILD BULLISH,up,mild,4,7,13.57,24758.3,-0.04,24700
2026-09-27,20:57:16,2026-09-29T19:06:00,24768.2,24768.92,24765.14,24765.7,24765.7,bull,60,EMA9>EMA21,bear,-80,call writing|put unwinding,1.303,15869678,20677260,17094341,bull,35,Short Covering,bull,TRAP,49,up,BULL TRAP,NEUTRAL / RANGE,neutral,mixed,0,7,13.66,24755.8,-0.04,24800
2026-09-27,20:57:17,2026-09-29T19:09:00,24765.7,24783.21,24763.27,24781.61,24781.6,bull,60,EMA9>EMA21,bear,-80,call writing|put unwinding,1.3,15893469,20659479,17068840,bull,37,Short Covering,bull,TRAP,25,up,BULL TRAP,MILD BULLISH,up,mild,4,7,13.57,24771.7,-0.04,24850
2026-09-27,20:57:19,2026-09-29T19:12:00,24781.61,24793.49,24780.83,24792.49,24792.5,bull,60,EMA9>EMA21,bear,-80,call writing|put unwinding,1.297,15918118,20649261,17036069,bull,38,Short Covering,bull,TRAP,12,up,BULL TRAP,MILD BEARISH,down,mild,3,7,13.56,24782.6,-0.04,24850
2026-09-27,20:57:20,2026-09-29T19:15:00,24792.49,24804.81,24790.84,24804.13,24804.1,bull,60,EMA9>EMA21,bear,-80,call writing|put unwinding,1.295,15935059,20640458,17022585,bull,35,Short Covering,bull,TRAP,6,up,BULL TRAP,MILD BEARISH,down,mild,3,7,13.5,24794.2,-0.04,24850
2026-09-27,20:57:21,2026-09-29T19:18:00,24804.13,24822.7,24804.06,24820.86,24820.9,bull,60,EMA9>EMA21,bear,-80,call writing|put unwinding,1.292,15972659,20632142,17012345,bull,34,Short Covering,bull,TRAP,3,up,BULL TRAP,MILD BULLISH,up,mild,3,7,13.45,24810.9,-0.04,24850
2026-09-27,20:57:22,2026-09-29T19:21:00,24820.86,24821.14,24811.07,24811.59,24811.6,bull,60,EMA9>EMA21,bear,-80,call writing|put unwinding,1.289,15998694,20619970,16995453,bull,35,Short Covering,bull,TRAP,2,up,BULL TRAP,MILD BULLISH,up,mild,4,7,13.43,24801.7,-0.04,24850
2026-09-27,20:57:23,2026-09-29T19:24:00,24811.59,24811.69,24794.2,24794.97,24795.0,bull,60,EMA9>EMA21,bear,-80,call writing|put unwinding,1.285,16033266,20609678,16967201,bull,37,Short Covering,bear,TRAP,1,up,BULL TRAP,MILD BEARISH,down,mild,4,7,13.46,24785.1,-0.04,24850
2026-09-27,20:57:25,2026-09-29T19:27:00,24794.97,24796.24,24761.51,24763.02,24763.0,bull,60,EMA9>EMA21,bear,-80,call writing|put unwinding,1.283,16059156,20601230,16929240,bull,38,Short Covering,bear,TRAP,0,up,BULL TRAP,MILD BEARISH,down,mild,4,7,13.49,24753.1,-0.04,24800
2026-09-27,20:57:26,2026-09-29T19:30:00,24763.02,24763.46,24748.86,24749.09,24749.1,bull,60,EMA9>EMA21,bear,-80,call writing|put unwinding,1.281,16079844,20594960,16917132,bull,34,Short Covering,bear,TRAP,0,up,BULL TRAP,MILD BEARISH,down,mild,4,7,13.57,24739.2,-0.04,24800
2026-09-27,20:57:27,2026-09-29T19:33:00,24749.09,24749.45,24724.0,24724.65,24724.7,bull,60,EMA9>EMA21,bear,-80,call writing|put unwinding,1.279,16098138,20586180,16890925,bull,37,Short Covering,bear,TRAP,0,up,BULL TRAP,MILD BEARISH,down,mild,4,7,13.65,24714.8,-0.04,24750
2026-09-27,20:57:28,2026-09-29T19:36:00,24724.65,24724.91,24701.99,24702.43,24702.4,bull,40,EMA9>EMA21,bear,-80,call writing|put unwinding,1.276,16122505,20568926,16851760,bull,38,Short Covering,bear,TRAP,0,up,BULL TRAP,MILD BEARISH,down,mild,4,7,13.67,24692.5,-0.04,24750
2026-09-27,20:57:30,2026-09-29T19:39:00,24702.43,24702.88,24686.95,24688.85,24688.8,bull,40,EMA9>EMA21,bear,-80,call writing|put unwinding,1.273,16144388,20550756,16819104,bull,38,Short Covering,bear,TRAP,0,up,BULL TRAP,MILD BEARISH,down,mild,4,7,13.72,24679.0,-0.04,24750
2026-09-27,20:57:31,2026-09-29T19:42:00,24688.85,24689.84,24669.64,24671.21,24671.2,bull,20,EMA9>EMA21,bear,-80,call writing|put unwinding,1.271,16164299,20537699,16808762,bull,34,Short Covering,bear,WAIT,0,up,,MILD BEARISH,down,mild,4,7,13.83,24661.3,-0.04,24700
2026-09-27,20:57:32,2026-09-29T19:45:00,24671.21,24671.7,24651.3,24651.64,24651.6,bull,20,EMA9>EMA21,bear,-80,call writing|put unwinding,1.268,16184521,20526954,16790537,bull,36,Short Covering,bear,WAIT,0,up,,MILD BEARISH,down,mild,4,7,13.8,24641.8,-0.04,24700
2026-09-27,20:57:33,2026-09-29T19:48:00,24651.64,24651.91,24635.25,24635.52,24635.5,bear,-60,EMA9<EMA21,bear,-80,call writing|put unwinding,1.265,16220864,20512285,16754878,bear,-38,Long Unwinding,bear,WAIT,50,down,,MILD BEARISH,down,mild,4,7,13.86,24625.7,-0.04,24700
2026-09-27,20:57:35,2026-09-29T19:51:00,24635.52,24636.27,24604.42,24606.22,24606.2,bear,-60,EMA9<EMA21,bear,-80,call writing|put unwinding,1.262,16243228,20504676,16726036,bear,-37,Long Unwinding,bear,BUY PUT,74,down,,MILD BEARISH,down,mild,4,7,13.89,24596.4,-0.04,24650
2026-09-27,20:57:36,2026-09-29T19:54:00,24606.22,24607.53,24594.27,24595.15,24595.2,bear,-60,EMA9<EMA21,bear,-80,call writing|put unwinding,1.259,16280316,20498294,16707786,bear,-36,Long Unwinding,bear,BUY PUT,87,down,,MILD BEARISH,down,mild,4,7,13.94,24585.3,-0.04,24650
2026-09-27,20:57:37,2026-09-29T19:57:00,24595.15,24596.47,24558.93,24559.68,24559.7,bear,-60,EMA9<EMA21,bear,-80,call writing|put unwinding,1.255,16318163,20485166,16680782,bear,-37,Long Unwinding,bear,BUY PUT,93,down,,MILD BEARISH,down,mild,4,7,13.91,24549.9,-0.04,24600
2026-09-27,20:57:38,2026-09-29T20:00:00,24559.68,24559.75,24539.33,24541.45,24541.5,bear,-60,EMA9<EMA21,bear,-80,call writing|put unwinding,1.253,16342095,20480094,16645847,bear,-38,Long Unwinding,bear,BUY PUT,96,down,,MILD BEARISH,down,mild,4,7,14.01,24531.6,-0.04,24600
2026-09-27,20:57:39,2026-09-29T20:03:00,24541.45,24541.61,24510.05,24511.03,24511.0,bear,-60,EMA9<EMA21,bear,-80,call writing|put unwinding,1.25,16368436,20460319,16626836,bear,-36,Long Unwinding,bear,BUY PUT,97,down,,MILD BEARISH,down,mild,4,7,14.09,24501.2,-0.04,24550
2026-09-27,20:57:41,2026-09-29T20:06:00,24511.03,24511.84,24499.64,24500.55,24500.5,bear,-60,EMA9<EMA21,bear,-80,call writing|put unwinding,1.246,16407507,20443277,16600997,bear,-37,Long Unwinding,bear,BUY PUT,98,down,,NEUTRAL / RANGE,neutral,mixed,0,7,14.15,24490.7,-0.04,24550
2026-09-27,20:57:42,2026-09-29T20:09:00,24500.55,24501.22,24487.46,24488.11,24488.1,bear,-60,EMA9<EMA21,bear,-80,call writing|put unwinding,1.244,16425383,20427295,16579378,bear,-36,Long Unwinding,bear,BUY PUT,99,down,,MILD BEARISH,down,mild,4,7,14.08,24478.3,-0.04,24550
2026-09-27,20:57:43,2026-09-29T20:12:00,24488.11,24488.37,24470.47,24473.56,24473.6,bear,-60,EMA9<EMA21,bear,-80,call writing|put unwinding,1.24,16460076,20410722,16556060,bear,-37,Long Unwinding,bear,BUY PUT,99,down,,MILD BEARISH,down,mild,4,7,14.14,24463.8,-0.04,24500
2026-09-27,20:57:44,2026-09-29T20:15:00,24473.56,24476.46,24444.31,24444.33,24444.3,bear,-60,EMA9<EMA21,bear,-80,call writing|put unwinding,1.236,16499276,20395330,16522204,bear,-38,Long Unwinding,bear,BUY PUT,99,down,,MILD BEARISH,down,mild,4,7,14.26,24434.6,-0.04,24500
2026-09-27,20:57:46,2026-09-29T20:18:00,24444.33,24444.92,24430.94,24431.13,24431.1,bear,-60,EMA9<EMA21,bull,80,put writing|call unwinding,1.238,16487967,20410658,16550610,bear,-93,Short Buildup,bear,TRAP,49,down,BEAR TRAP,MILD BULLISH,up,mild,3,7,14.29,24445.8,0.06,24400
2026-09-27,20:57:47,2026-09-29T20:21:00,24431.13,24434.02,24430.35,24432.77,24432.8,bear,-60,EMA9<EMA21,bull,80,put writing|call unwinding,1.241,16476687,20447084,16575366,bear,-92,Short Buildup,bear,TRAP,25,down,BEAR TRAP,MILD BULLISH,up,mild,4,7,14.2,24447.4,0.06,24400
2026-09-27,20:57:48,2026-09-29T20:24:00,24432.77,24432.92,24421.69,24421.77,24421.8,bear,-60,EMA9<EMA21,bull,80,put writing|call unwinding,1.244,16457340,20474203,16601142,bear,-92,Short Buildup,bear,TRAP,12,down,BEAR TRAP,NEUTRAL / RANGE,neutral,mixed,0,7,14.25,24436.4,0.06,24350
2026-09-27,20:57:49,2026-09-29T20:27:00,24421.77,24423.41,24415.98,24417.83,24417.8,bear,-60,EMA9<EMA21,bull,80,put writing|call unwinding,1.247,16440444,20493834,16623010,bear,-91,Short Buildup,bear,TRAP,6,down,BEAR TRAP,NEUTRAL / RANGE,neutral,mixed,0,7,14.17,24432.5,0.06,24350
2026-09-27,20:57:50,2026-09-29T20:30:00,24417.83,24419.35,24406.75,24407.29,24407.3,bear,-60,EMA9<EMA21,bull,80,put writing|call unwinding,1.249,16432689,20525552,16668150,bear,-97,Short Buildup,bear,TRAP,3,down,BEAR TRAP,NEUTRAL / RANGE,neutral,mixed,0,7,14.2,24421.9,0.06,24350
2026-09-27,20:57:52,2026-09-29T20:33:00,24407.29,24407.66,24400.52,24401.61,24401.6,bear,-60,EMA9<EMA21,bull,80,put writing|call unwinding,1.251,16424973,20553641,16721014,bear,-99,Short Buildup,bear,TRAP,2,down,BEAR TRAP,MILD BULLISH,up,mild,3,7,14.28,24416.2,0.06,24350
2026-09-27,20:57:53,2026-09-29T20:36:00,24401.61,24413.99,24400.08,24411.76,24411.8,bear,-60,EMA9<EMA21,neutral,0,call unwinding|put unwinding,1.251,16423525,20550843,16719678,bear,-26,Long Unwinding,bear,WAIT,36,down,,MILD BULLISH,up,mild,3,7,14.28,24411.8,0.0,24400
2026-09-27,20:57:54,2026-09-29T20:39:00,24411.76,24413.05,24398.94,24399.33,24399.3,bear,-60,EMA9<EMA21,neutral,0,call unwinding|put unwinding,1.252,16417961,20547961,16720655,bear,-63,Short Buildup,bear,BUY PUT,54,down,,MILD BULLISH,up,mild,3,7,14.23,24399.3,0.0,24400
2026-09-27,20:57:55,2026-09-29T20:42:00,24399.33,24400.58,24387.57,24387.66,24387.7,bear,-60,EMA9<EMA21,bear,-80,call writing|put unwinding,1.251,16417989,20545499,16720674,bear,-27,Short Buildup,bear,BUY PUT,76,down,,NEUTRAL / RANGE,neutral,mixed,0,7,14.32,24387.7,0.0,24400
2026-09-27,20:57:57,2026-09-29T20:45:00,24387.66,24396.12,24385.67,24395.99,24396.0,bear,-60,EMA9<EMA21,bear,-80,call writing|put unwinding,1.251,16418658,20541431,16718370,bear,-28,Long Unwinding,bear,BUY PUT,88,down,,MILD BULLISH,up,mild,3,7,14.32,24396.0,0.0,24400
2026-09-27,20:57:58,2026-09-29T20:48:00,24395.99,24398.42,24395.57,24398.34,24398.3,bear,-60,EMA9<EMA21,bull,80,put writing|call unwinding,1.252,16415369,20545886,16710372,bear,-33,Long Unwinding,neutral,TRAP,44,down,BEAR TRAP,MILD BULLISH,up,mild,3,7,14.29,24398.3,0.0,24400
2026-09-27,20:57:59,2026-09-29T20:51:00,24398.34,24405.39,24397.77,24403.81,24403.8,bear,-60,EMA9<EMA21,neutral,0,call unwinding|put unwinding,1.251,16415045,20540405,16705407,bear,-31,Long Unwinding,bull,WAIT,22,down,,MILD BULLISH,up,mild,4,7,14.32,24403.8,0.0,24400
2026-09-27,20:58:00,2026-09-29T20:54:00,24403.81,24408.33,24387.71,24388.96,24389.0,bear,-60,EMA9<EMA21,bull,80,put writing|call unwinding,1.252,16410686,20543588,16703036,bear,-28,Long Unwinding,bear,TRAP,11,down,BEAR TRAP,MILD BULLISH,up,mild,3,7,14.31,24389.0,0.0,24400
2026-09-27,20:58:02,2026-09-29T20:57:00,24388.96,24390.41,24379.62,24382.28,24382.3,bear,-60,EMA9<EMA21,neutral,0,call unwinding|put unwinding,1.252,16406806,20538514,16700375,bear,-29,Long Unwinding,bear,WAIT,41,down,,MILD BULLISH,up,mild,4,7,14.35,24382.3,0.0,24400
2026-09-27,20:58:03,2026-09-29T21:00:00,24382.28,24383.46,24364.68,24365.42,24365.4,bear,-60,EMA9<EMA21,bear,-80,call writing|put unwinding,1.251,16410769,20534780,16704642,bear,-76,Short Buildup,bear,BUY PUT,70,down,,MILD BULLISH,up,mild,2,7,14.29,24365.4,0.0,24350
2026-09-27,20:58:04,2026-09-29T21:03:00,24365.42,24366.48,24360.52,24360.77,24360.8,bear,-60,EMA9<EMA21,bull,80,put writing|call unwinding,1.252,16408072,20534847,16704208,bear,-22,Long Unwinding,bear,TRAP,35,down,BEAR TRAP,MILD BULLISH,up,mild,3,7,14.24,24360.8,0.0,24350
2026-09-27,20:58:05,2026-09-29T21:06:00,24360.77,24362.48,24349.41,24349.54,24349.5,bear,-60,EMA9<EMA21,neutral,0,call unwinding|put unwinding,1.252,16405468,20531968,16705625,bear,-66,Short Buildup,bear,WAIT,53,down,,MILD BEARISH,down,mild,3,7,14.41,24349.5,0.0,24350
2026-09-27,20:58:06,2026-09-29T21:09:00,24349.54,24350.19,24345.33,24347.16,24347.2,bear,-60,EMA9<EMA21,bear,-80,call writing|put unwinding,1.251,16405903,20531517,16697820,bear,-33,Long Unwinding,bear,BUY PUT,76,down,,MILD BULLISH,up,mild,3,7,14.35,24347.2,0.0,24350
2026-09-27,20:58:08,2026-09-29T21:12:00,24347.16,24351.1,24346.72,24349.82,24349.8,bear,-60,EMA9<EMA21,bear,-80,call writing|put unwinding,1.251,16410244,20531376,16700599,bear,-72,Short Buildup,bear,BUY PUT,87,down,,MILD BEARISH,down,mild,3,7,14.42,24349.8,0.0,24350
2026-09-27,20:58:09,2026-09-29T21:15:00,24349.82,24351.8,24343.28,24343.78,24343.8,bear,-60,EMA9<EMA21,neutral,0,put writing|call writing,1.251,16412851,20537034,16700173,bear,-22,Long Unwinding,bear,BUY PUT,79,down,,MILD BULLISH,up,mild,4,7,14.33,24343.8,0.0,24350
2026-09-27,20:58:10,2026-09-29T21:18:00,24343.78,24361.85,24343.59,24360.78,24360.8,bear,-60,EMA9<EMA21,bull,80,put writing|call unwinding,1.255,16395077,20572918,16759795,bear,-100,Short Buildup,bull,TRAP,40,down,BEAR TRAP,BULLISH,up,clear,5,7,14.29,24375.4,0.06,24300
2026-09-27,20:58:11,2026-09-29T21:21:00,24360.78,24375.46,24360.61,24374.67,24374.7,bear,-60,EMA9<EMA21,bull,80,put writing|call unwinding,1.257,16386595,20605709,16803076,bear,-97,Short Buildup,bull,TRAP,20,down,BEAR TRAP,BULLISH,up,clear,5,7,14.17,24389.3,0.06,24300
2026-09-27,20:58:13,2026-09-29T21:24:00,24374.67,24401.62,24373.99,24400.75,24400.8,bear,-60,EMA9<EMA21,bull,80,put writing|call unwinding,1.26,16374797,20633788,16832622,bear,-94,Short Buildup,bull,TRAP,10,down,BEAR TRAP,STRONG BULLISH,up,strong,6,7,13.98,24415.4,0.06,24350
2026-09-27,20:58:14,2026-09-29T21:27:00,24400.75,24406.45,24400.1,24405.84,24405.8,bear,-40,EMA9<EMA21,bull,80,put writing|call unwinding,1.264,16355731,20665892,16867602,bear,-95,Short Buildup,bull,TRAP,5,down,BEAR TRAP,BULLISH,up,clear,5,7,14.02,24420.5,0.06,24350
2026-09-27,20:58:15,2026-09-29T21:30:00,24405.84,24419.25,24405.77,24419.1,24419.1,bear,-40,EMA9<EMA21,bull,80,put writing|call unwinding,1.266,16349263,20693992,16912474,bear,-97,Short Buildup,bull,TRAP,2,down,BEAR TRAP,BULLISH,up,clear,5,7,14.02,24433.7,0.06,24350
2026-09-27,20:58:16,2026-09-29T21:33:00,24419.1,24424.92,24417.92,24424.4,24424.4,bear,-40,EMA9<EMA21,bull,80,put writing|call unwinding,1.268,16340071,20722950,16956833,bear,-97,Short Buildup,bull,TRAP,1,down,BEAR TRAP,BULLISH,up,clear,5,7,14.05,24439.1,0.06,24350
2026-09-27,20:58:18,2026-09-29T21:36:00,24424.4,24444.01,24423.61,24442.5,24442.5,bear,-20,EMA9<EMA21,bull,80,put writing|call unwinding,1.271,16322659,20740528,16985805,bear,-93,Short Buildup,bull,WAIT,1,down,,MILD BULLISH,up,mild,4,7,14.07,24457.2,0.06,24400
2026-09-27,20:58:19,2026-09-29T21:39:00,24442.5,24459.52,24439.72,24459.41,24459.4,bull,60,EMA9>EMA21,bull,80,put writing|call unwinding,1.274,16303231,20774985,17014643,bull,93,Long Buildup,bull,WAIT,50,up,,BULLISH,up,clear,5,7,14.06,24474.1,0.06,24400
2026-09-27,20:58:20,2026-09-29T21:42:00,24459.41,24491.67,24456.74,24490.42,24490.4,bull,60,EMA9>EMA21,bull,80,put writing|call unwinding,1.276,16297626,20796337,17071635,bull,100,Long Buildup,bull,BUY CALL,74,up,,BULLISH,up,clear,5,7,14.09,24505.1,0.06,24450
2026-09-27,20:58:21,2026-09-29T21:45:00,24490.42,24503.0,24489.06,24502.67,24502.7,bull,60,EMA9>EMA21,bull,80,put writing|call unwinding,1.28,16280550,20831648,17097650,bull,92,Long Buildup,bull,BUY CALL,87,up,,BULLISH,up,clear,5,7,14.08,24517.4,0.06,24450
2026-09-27,20:58:22,2026-09-29T21:48:00,24502.67,24513.28,24501.79,24512.9,24512.9,bull,60,EMA9>EMA21,bull,80,put writing|call unwinding,1.282,16272629,20863546,17153408,bull,99,Long Buildup,bull,BUY CALL,93,up,,BULLISH,up,clear,5,7,14.03,24527.6,0.06,24450
2026-09-27,20:58:24,2026-09-29T21:51:00,24512.9,24531.46,24510.46,24531.02,24531.0,bull,60,EMA9>EMA21,bull,80,put writing|call unwinding,1.285,16263231,20901644,17186272,bull,95,Long Buildup,bull,BUY CALL,96,up,,STRONG BULLISH,up,strong,6,7,13.88,24545.7,0.06,24500
2026-09-27,20:58:25,2026-09-29T21:54:00,24531.02,24562.14,24530.46,24559.85,24559.8,bull,60,EMA9>EMA21,bull,80,put writing|call unwinding,1.288,16251015,20927698,17231154,bull,97,Long Buildup,bull,BUY CALL,97,up,,BULLISH,up,clear,5,7,13.75,24574.6,0.06,24500
2026-09-27,20:58:26,2026-09-29T21:57:00,24559.85,24578.21,24558.88,24577.86,24577.9,bull,60,EMA9>EMA21,bull,80,put writing|call unwinding,1.29,16245561,20962462,17257441,bull,93,Long Buildup,bull,BUY CALL,98,up,,BULLISH,up,clear,5,7,13.66,24592.6,0.06,24550
2026-09-27,20:58:27,2026-09-29T22:00:00,24577.86,24609.14,24577.04,24607.92,24607.9,bull,60,EMA9>EMA21,bull,80,put writing|call unwinding,1.293,16238805,20994426,17284604,bull,93,Long Buildup,bull,BUY CALL,99,up,,BULLISH,up,clear,5,7,13.59,24622.7,0.06,24550
2026-09-27,20:58:29,2026-09-29T22:03:00,24607.92,24631.49,24607.78,24630.0,24630.0,bull,60,EMA9>EMA21,bull,80,put writing|call unwinding,1.296,16233569,21032537,17331423,bull,98,Long Buildup,bull,BUY CALL,99,up,,BULLISH,up,clear,5,7,13.52,24644.8,0.06,24600
2026-09-27,20:58:30,2026-09-29T22:06:00,24630.0,24642.37,24628.43,24641.88,24641.9,bull,60,EMA9>EMA21,bull,80,put writing|call unwinding,1.299,16220424,21072000,17377842,bull,98,Long Buildup,bull,BUY CALL,99,up,,BULLISH,up,clear,5,7,13.53,24656.7,0.06,24600
2026-09-27,20:58:31,2026-09-29T22:09:00,24641.88,24661.84,24641.7,24660.57,24660.6,bull,60,EMA9>EMA21,bull,80,put writing|call unwinding,1.301,16214531,21099827,17431040,bull,99,Long Buildup,bull,BUY CALL,99,up,,BULLISH,up,clear,5,7,13.53,24675.4,0.06,24600
2026-09-27,20:58:32,2026-09-29T22:12:00,24660.57,24674.53,24659.3,24673.89,24673.9,bull,60,EMA9>EMA21,bull,80,put writing|call unwinding,1.304,16203086,21135725,17398196,bull,38,Short Covering,bull,BUY CALL,99,up,,MILD BULLISH,up,mild,4,7,13.53,24664.0,-0.04,24600
2026-09-27,20:58:34,2026-09-29T22:15:00,24673.89,24697.98,24672.87,24697.05,24697.0,bull,60,EMA9>EMA21,bull,80,put writing|call unwinding,1.307,16190944,21167842,17360804,bull,38,Short Covering,bull,BUY CALL,99,up,,MILD BULLISH,up,mild,3,7,13.47,24687.2,-0.04,24650
2026-09-27,20:58:35,2026-09-29T22:18:00,24697.05,24698.02,24691.83,24692.88,24692.9,bull,60,EMA9>EMA21,bull,80,put writing|call unwinding,1.311,16175558,21204878,17329934,bull,38,Short Covering,bull,BUY CALL,99,up,,MILD BULLISH,up,mild,3,7,13.51,24683.0,-0.04,24650
2026-09-27,20:58:36,2026-09-29T22:21:00,24692.88,24716.49,24690.17,24714.34,24714.3,bull,60,EMA9>EMA21,bull,80,put writing|call unwinding,1.315,16157127,21240079,17310338,bull,36,Short Covering,bull,BUY CALL,99,up,,MILD BULLISH,up,mild,4,7,13.48,24704.5,-0.04,24650
2026-09-27,20:58:37,2026-09-29T22:24:00,24714.34,24728.35,24713.31,24726.77,24726.8,bull,60,EMA9>EMA21,bull,80,put writing|call unwinding,1.318,16142505,21275460,17279851,bull,38,Short Covering,bull,BUY CALL,99,up,,MILD BULLISH,up,mild,4,7,13.46,24716.9,-0.04,24700
2026-09-27,20:58:38,2026-09-29T22:27:00,24726.77,24734.72,24724.7,24732.84,24732.8,bull,60,EMA9>EMA21,bull,80,put writing|call unwinding,1.321,16129012,21310949,17240130,bull,39,Short Covering,bull,BUY CALL,99,up,,MILD BULLISH,up,mild,4,7,13.45,24722.9,-0.04,24700
2026-09-27,20:58:40,2026-09-29T22:30:00,24732.84,24739.32,24732.62,24738.18,24738.2,bull,60,EMA9>EMA21,bull,80,put writing|call unwinding,1.323,16120375,21335289,17221237,bull,36,Short Covering,bull,BUY CALL,99,up,,MILD BULLISH,up,mild,4,7,13.36,24728.3,-0.04,24700
2026-09-27,20:58:41,2026-09-29T22:33:00,24738.18,24747.65,24736.98,24746.6,24746.6,bull,60,EMA9>EMA21,bull,80,put writing|call unwinding,1.326,16108447,21352996,17204033,bull,35,Short Covering,bull,BUY CALL,99,up,,MILD BULLISH,up,mild,4,7,13.29,24736.7,-0.04,24700
2026-09-27,20:58:42,2026-09-29T22:36:00,24746.6,24765.62,24745.99,24764.24,24764.2,bull,60,EMA9>EMA21,bear,-80,call writing|put unwinding,1.323,16135417,21341307,17165124,bull,38,Short Covering,bull,TRAP,49,up,BULL TRAP,NEUTRAL / RANGE,neutral,mixed,0,7,13.27,24754.3,-0.04,24800
2026-09-27,20:58:43,2026-09-29T22:39:00,24764.24,24766.11,24763.38,24765.61,24765.6,bull,60,EMA9>EMA21,bear,-80,call writing|put unwinding,1.318,16171611,21322019,17134901,bull,38,Short Covering,bull,TRAP,25,up,BULL TRAP,NEUTRAL / RANGE,neutral,mixed,0,7,13.31,24755.7,-0.04,24800
2026-09-27,20:58:45,2026-09-29T22:42:00,24765.61,24773.75,24764.84,24772.96,24773.0,bull,60,EMA9>EMA21,bear,-80,call writing|put unwinding,1.316,16193317,21303906,17104368,bull,38,Short Covering,bull,TRAP,12,up,BULL TRAP,MILD BULLISH,up,mild,4,7,13.26,24763.0,-0.04,24800
2026-09-27,20:58:46,2026-09-29T22:45:00,24772.96,24788.25,24772.71,24787.54,24787.5,bull,60,EMA9>EMA21,bear,-80,call writing|put unwinding,1.312,16232132,21290052,17065097,bull,38,Short Covering,bull,TRAP,6,up,BULL TRAP,NEUTRAL / RANGE,neutral,mixed,0,7,13.33,24777.6,-0.04,24850
2026-09-27,20:58:47,2026-09-29T22:48:00,24787.54,24798.71,24787.33,24798.39,24798.4,bull,60,EMA9>EMA21,bear,-80,call writing|put unwinding,1.309,16258136,21281113,17040530,bull,37,Short Covering,bull,TRAP,3,up,BULL TRAP,MILD BEARISH,down,mild,3,7,13.26,24788.5,-0.04,24850
2026-09-27,20:58:48,2026-09-29T22:51:00,24798.39,24798.78,24798.23,24798.39,24798.4,bull,60,EMA9>EMA21,bear,-80,call writing|put unwinding,1.305,16292057,21266289,17005976,bull,38,Short Covering,bull,TRAP,2,up,BULL TRAP,MILD BULLISH,up,mild,4,7,13.21,24788.5,-0.04,24850
2026-09-27,20:58:50,2026-09-29T22:54:00,24798.39,24799.34,24779.06,24780.22,24780.2,bull,60,EMA9>EMA21,bear,-80,call writing|put unwinding,1.302,16326844,21250498,16992488,bull,35,Short Covering,bear,TRAP,1,up,BULL TRAP,MILD BEARISH,down,mild,4,7,13.29,24770.3,-0.04,24850
2026-09-27,20:58:51,2026-09-29T22:57:00,24780.22,24781.45,24748.3,24748.61,24748.6,bull,60,EMA9>EMA21,bear,-80,call writing|put unwinding,1.298,16365840,21242506,16963081,bull,37,Short Covering,bear,TRAP,0,up,BULL TRAP,MILD BEARISH,down,mild,4,7,13.35,24738.7,-0.04,24800
2026-09-27,20:58:52,2026-09-29T23:00:00,24748.61,24749.87,24730.4,24730.88,24730.9,bull,60,EMA9>EMA21,bear,-80,call writing|put unwinding,1.294,16401290,21227095,16930246,bull,38,Short Covering,bear,TRAP,0,up,BULL TRAP,BEARISH,down,clear,5,7,13.62,24721.0,-0.04,24800
2026-09-27,20:58:53,2026-09-29T23:03:00,24730.88,24731.84,24702.91,24704.24,24704.2,bull,40,EMA9>EMA21,bear,-80,call writing|put unwinding,1.291,16430048,21209736,16912126,bull,36,Short Covering,bear,TRAP,0,up,BULL TRAP,MILD BEARISH,down,mild,4,7,13.57,24694.4,-0.04,24750
2026-09-27,20:58:54,2026-09-29T23:06:00,24704.24,24706.16,24676.94,24677.07,24677.1,bull,40,EMA9>EMA21,bear,-80,call writing|put unwinding,1.288,16449795,21195163,16901189,bull,34,Short Covering,bear,TRAP,0,up,BULL TRAP,MILD BEARISH,down,mild,4,7,13.52,24667.2,-0.04,24750
2026-09-27,20:58:56,2026-09-29T23:09:00,24677.07,24677.4,24669.77,24670.76,24670.8,bull,40,EMA9>EMA21,bear,-80,call writing|put unwinding,1.285,16481005,21183111,16885617,bull,35,Short Covering,bear,TRAP,0,up,BULL TRAP,MILD BEARISH,down,mild,4,7,13.51,24660.9,-0.04,24700
2026-09-27,20:58:57,2026-09-29T23:12:00,24670.76,24671.46,24648.14,24649.7,24649.7,bull,20,EMA9>EMA21,bear,-80,call writing|put unwinding,1.282,16512779,21169799,16855109,bull,38,Short Covering,bear,WAIT,0,up,,MILD BEARISH,down,mild,4,7,13.6,24639.8,-0.04,24700
2026-09-27,20:58:58,2026-09-29T23:15:00,24649.7,24649.78,24621.87,24624.86,24624.9,bear,-60,EMA9<EMA21,bear,-80,call writing|put unwinding,1.278,16552026,21151024,16816662,bear,-38,Long Unwinding,bear,WAIT,50,down,,MILD BEARISH,down,mild,4,7,13.64,24615.0,-0.04,24650
2026-09-27,20:58:59,2026-09-29T23:18:00,24624.86,24625.17,24615.38,24615.39,24615.4,bear,-60,EMA9<EMA21,bear,-80,call writing|put unwinding,1.274,16587949,21139520,16798717,bear,-36,Long Unwinding,bear,BUY PUT,74,down,,MILD BEARISH,down,mild,3,7,13.65,24605.5,-0.04,24650
2026-09-27,20:59:01,2026-09-29T23:21:00,24615.39,24615.86,24584.78,24585.02,24585.0,bear,-60,EMA9<EMA21,bear,-80,call writing|put unwinding,1.271,16616153,21125952,16781173,bear,-36,Long Unwinding,bear,BUY PUT,87,down,,MILD BEARISH,down,mild,4,7,13.64,24575.2,-0.04,24650
2026-09-27,20:59:02,2026-09-29T23:24:00,24585.02,24585.15,24563.77,24565.36,24565.4,bear,-60,EMA9<EMA21,bear,-80,call writing|put unwinding,1.269,16640243,21119558,16763641,bear,-36,Long Unwinding,bear,BUY PUT,93,down,,BEARISH,down,clear,5,7,13.78,24555.5,-0.04,24600
2026-09-27,20:59:03,2026-09-29T23:27:00,24565.36,24565.48,24536.63,24537.4,24537.4,bear,-60,EMA9<EMA21,bear,-80,call writing|put unwinding,1.267,16656074,21103436,16741465,bear,-36,Long Unwinding,bear,BUY PUT,96,down,,NEUTRAL / RANGE,neutral,mixed,0,7,13.83,24527.6,-0.04,24600
2026-09-27,20:59:04,2026-09-29T23:30:00,24537.4,24537.61,24511.57,24512.4,24512.4,bear,-60,EMA9<EMA21,bear,-80,call writing|put unwinding,1.265,16675858,21096138,16718257,bear,-37,Long Unwinding,bear,BUY PUT,97,down,,MILD BEARISH,down,mild,4,7,13.93,24502.6,-0.04,24550
2026-09-27,20:59:06,2026-09-29T23:33:00,24512.4,24513.75,24498.74,24499.16,24499.2,bear,-60,EMA9<EMA21,bear,-80,call writing|put unwinding,1.264,16691255,21090120,16701978,bear,-35,Long Unwinding,bear,BUY PUT,98,down,,MILD BEARISH,down,mild,4,7,13.93,24489.4,-0.04,24550
2026-09-27,20:59:07,2026-09-29T23:36:00,24499.16,24499.24,24478.91,24480.14,24480.1,bear,-60,EMA9<EMA21,bear,-80,call writing|put unwinding,1.26,16728927,21071709,16673316,bear,-37,Long Unwinding,bear,BUY PUT,99,down,,MILD BEARISH,down,mild,3,7,14.02,24470.3,-0.04,24550
2026-09-27,20:59:08,2026-09-29T23:39:00,24480.14,24480.22,24458.03,24459.31,24459.3,bear,-60,EMA9<EMA21,bear,-80,call writing|put unwinding,1.258,16746343,21063742,16663080,bear,-34,Long Unwinding,bear,BUY PUT,99,down,,MILD BEARISH,down,mild,4,7,14.09,24449.5,-0.04,24500
2026-09-27,20:59:09,2026-09-29T23:42:00,24459.31,24460.22,24446.79,24447.9,24447.9,bear,-60,EMA9<EMA21,bear,-80,call writing|put unwinding,1.255,16775925,21047611,16624139,bear,-38,Long Unwinding,bear,BUY PUT,99,down,,MILD BEARISH,down,mild,4,7,14.16,24438.1,-0.04,24500
2026-09-27,20:59:10,2026-09-29T23:45:00,24447.9,24449.36,24424.46,24426.53,24426.5,bear,-60,EMA9<EMA21,bear,-80,call writing|put unwinding,1.251,16815554,21040431,16587637,bear,-38,Long Unwinding,bear,BUY PUT,99,down,,MILD BEARISH,down,mild,4,7,14.19,24416.8,-0.04,24500
2026-09-27,20:59:12,2026-09-29T23:48:00,24426.53,24432.02,24426.47,24430.54,24430.5,bear,-60,EMA9<EMA21,bull,80,put writing|call unwinding,1.254,16800146,21067214,16619932,bear,-94,Short Buildup,bear,TRAP,49,down,BEAR TRAP,NEUTRAL / RANGE,neutral,mixed,0,7,14.15,24445.2,0.06,24400
2026-09-27,20:59:13,2026-09-29T23:51:00,24430.54,24430.92,24417.77,24418.42,24418.4,bear,-60,EMA9<EMA21,bull,80,put writing|call unwinding,1.256,16788223,21082627,16656799,bear,-96,Short Buildup,bear,TRAP,25,down,BEAR TRAP,MILD BULLISH,up,mild,4,7,14.11,24433.1,0.06,24350
2026-09-27,20:59:14,2026-09-29T23:54:00,24418.42,24420.13,24407.67,24409.99,24410.0,bear,-60,EMA9<EMA21,bull,80,put writing|call unwinding,1.259,16781674,21121999,16709739,bear,-99,Short Buildup,bear,TRAP,12,down,BEAR TRAP,NEUTRAL / RANGE,neutral,mixed,0,7,14.13,24424.6,0.06,24350
2026-09-27,20:59:15,2026-09-29T23:57:00,24409.99,24410.25,24400.32,24401.73,24401.7,bear,-60,EMA9<EMA21,bull,80,put writing|call unwinding,1.261,16774186,21152097,16748198,bear,-96,Short Buildup,bear,TRAP,6,down,BEAR TRAP,MILD BULLISH,up,mild,4,7,14.18,24416.4,0.06,24350
2026-09-27,20:59:17,2026-09-30T00:00:00,24401.73,24404.28,24389.77,24389.96,24390.0,bear,-60,EMA9<EMA21,bull,80,put writing|call unwinding,1.263,16762220,21169425,16795014,bear,-98,Short Buildup,bear,TRAP,3,down,BEAR TRAP,NEUTRAL / RANGE,neutral,mixed,0,7,14.22,24404.6,0.06,24350
2026-09-27,20:59:18,2026-09-30T00:03:00,24389.96,24392.33,24375.79,24377.42,24377.4,bear,-60,EMA9<EMA21,bull,80,put writing|call unwinding,1.265,16749915,21195375,16839211,bear,-97,Short Buildup,bear,TRAP,2,down,BEAR TRAP,NEUTRAL / RANGE,neutral,mixed,0,7,14.22,24392.0,0.06,24350
2026-09-27,20:59:19,2026-09-30T00:06:00,24377.42,24378.8,24371.83,24373.43,24373.4,bear,-60,EMA9<EMA21,neutral,0,call unwinding|put unwinding,1.266,16744542,21193617,16834551,bear,-31,Long Unwinding,bear,WAIT,36,down,,NEUTRAL / RANGE,neutral,mixed,0,7,14.11,24373.4,0.0,24350
2026-09-27,20:59:20,2026-09-30T00:09:00,24373.43,24380.11,24371.81,24379.33,24379.3,bear,-60,EMA9<EMA21,neutral,0,put writing|call writing,1.266,16748865,21199413,16828690,bear,-32,Long Unwinding,bear,BUY PUT,54,down,,MILD BULLISH,up,mild,4,7,14.11,24379.3,0.0,24400
2026-09-27,20:59:22,2026-09-30T00:12:00,24379.33,24399.04,24378.27,24398.37,24398.4,bear,-60,EMA9<EMA21,neutral,0,call unwinding|put unwinding,1.266,16746020,21197876,16821476,bear,-32,Long Unwinding,bull,WAIT,27,down,,NEUTRAL / RANGE,neutral,mixed,0,7,14.18,24398.4,0.0,24400
2026-09-27,20:59:23,2026-09-30T00:15:00,24398.37,24411.93,24397.27,24410.29,24410.3,bear,-60,EMA9<EMA21,neutral,0,call unwinding|put unwinding,1.266,16740116,21195982,16822656,bear,-64,Short Buildup,bull,WAIT,13,down,,MILD BULLISH,up,mild,4,7,14.08,24410.3,0.0,24400
2026-09-27,20:59:24,2026-09-30T00:18:00,24410.29,24411.73,24407.76,24408.5,24408.5,bear,-60,EMA9<EMA21,bear,-80,call writing|put unwinding,1.266,16740213,21192744,16821517,bear,-26,Long Unwinding,bull,WAIT,42,down,,MILD BULLISH,up,mild,3,7,14.08,24408.5,0.0,24400
2026-09-27,20:59:25,2026-09-30T00:21:00,24408.5,24408.68,24386.66,24387.21,24387.2,bear,-60,EMA9<EMA21,neutral,0,call unwinding|put unwinding,1.266,16734314,21191630,16820199,bear,-26,Long Unwinding,bear,BUY PUT,57,down,,MILD BULLISH,up,mild,2,7,14.12,24387.2,0.0,24400
2026-09-27,20:59:26,2026-09-30T00:24:00,24387.21,24395.48,24386.07,24395.08,24395.1,bear,-60,EMA9<EMA21,bull,80,put writing|call unwinding,1.267,16731953,21193145,16814142,bear,-32,Long Unwinding,bear,TRAP,28,down,BEAR TRAP,NEUTRAL / RANGE,neutral,mixed,0,7,14.12,24395.1,0.0,24400
2026-09-27,20:59:28,2026-09-30T00:27:00,24395.08,24411.7,24394.43,24411.47,24411.5,bear,-60,EMA9<EMA21,bear,-80,call writing|put unwinding,1.266,16733920,21190888,16816717,bear,-71,Short Buildup,neutral,WAIT,50,down,,NEUTRAL / RANGE,neutral,mixed,0,7,14.01,24411.5,0.0,24400
2026-09-27,20:59:29,2026-09-30T00:30:00,24411.47,24421.55,24410.16,24420.8,24420.8,bear,-60,EMA9<EMA21,bear,-80,call writing|put unwinding,1.266,16736539,21188847,16813932,bear,-29,Long Unwinding,bull,BUY PUT,60,down,,MILD BULLISH,up,mild,3,7,13.98,24420.8,0.0,24400
2026-09-27,20:59:30,2026-09-30T00:33:00,24420.8,24423.43,24406.75,24407.27,24407.3,bear,-60,EMA9<EMA21,neutral,0,call unwinding|put unwinding,1.266,16732907,21187797,16806030,bear,-33,Long Unwinding,bull,WAIT,30,down,,MILD BEARISH,down,mild,3,7,14.01,24407.3,0.0,24400
2026-09-27,20:59:31,2026-09-30T00:36:00,24407.27,24407.77,24379.16,24379.9,24379.9,bear,-60,EMA9<EMA21,bull,80,put writing|call unwinding,1.266,16730844,21188185,16799668,bear,-32,Long Unwinding,bear,TRAP,15,down,BEAR TRAP,NEUTRAL / RANGE,neutral,mixed,0,7,14.09,24379.9,0.0,24400
2026-09-27,20:59:33,2026-09-30T00:39:00,24379.9,24385.26,24377.08,24382.92,24382.9,bear,-60,EMA9<EMA21,neutral,0,put writing|call writing,1.266,16735338,21190992,16795347,bear,-30,Long Unwinding,bear,WAIT,43,down,,MILD BULLISH,up,mild,2,7,14.06,24382.9,0.0,24400
2026-09-27,20:59:34,2026-09-30T00:42:00,24382.92,24386.38,24382.87,24386.0,24386.0,bear,-60,EMA9<EMA21,bull,80,put writing|call unwinding,1.267,16732269,21195461,16797315,bear,-69,Short Buildup,bear,TRAP,22,down,BEAR TRAP,NEUTRAL / RANGE,neutral,mixed,0,7,14.09,24386.0,0.0,24400
2026-09-27,20:59:35,2026-09-30T00:45:00,24386.0,24387.43,24384.27,24385.32,24385.3,bear,-60,EMA9<EMA21,bear,-80,call writing|put unwinding,1.266,16733132,21191549,16797463,bear,-45,Short Buildup,bull,WAIT,46,down,,MILD BEARISH,down,mild,3,7,14.06,24385.3,0.0,24400
2026-09-27,20:59:36,2026-09-30T00:48:00,24385.32,24389.16,24384.01,24388.17,24388.2,bear,-60,EMA9<EMA21,bull,80,put writing|call unwinding,1.27,16723132,21230801,16823833,bear,-93,Short Buildup,bull,TRAP,23,down,BEAR TRAP,BULLISH,up,clear,5,7,14.03,24402.8,0.06,24350
2026-09-27,20:59:38,2026-09-30T00:51:00,24388.17,24406.88,24387.75,24406.84,24406.8,bear,-60,EMA9<EMA21,bull,80,put writing|call unwinding,1.272,16712486,21251680,16863173,bear,-96,Short Buildup,bull,TRAP,12,down,BEAR TRAP,BULLISH,up,clear,5,7,14.06,24421.5,0.06,24350
2026-09-27,20:59:39,2026-09-30T00:54:00,24406.84,24427.54,24406.16,24426.49,24426.5,bear,-40,EMA9<EMA21,bull,80,put writing|call unwinding,1.275,16694013,21283971,16904034,bear,-97,Short Buildup,bull,TRAP,6,down,BEAR TRAP,BULLISH,up,clear,5,7,13.98,24441.1,0.06,24400
2026-09-27,20:59:40,2026-09-30T00:57:00,24426.49,24436.35,24426.06,24436.31,24436.3,bear,-40,EMA9<EMA21,bull,80,put writing|call unwinding,1.278,16676495,21305629,16929733,bear,-92,Short Buildup,bull,TRAP,3,down,BEAR TRAP,BULLISH,up,clear,5,7,13.96,24451.0,0.06,24400
2026-09-27,20:59:41,2026-09-30T01:00:00,24436.31,24447.5,24436.08,24447.02,24447.0,bear,-40,EMA9<EMA21,bull,80,put writing|call unwinding,1.28,16666579,21337790,16963748,bear,-95,Short Buildup,bull,TRAP,1,down,BEAR TRAP,BULLISH,up,clear,5,7,13.95,24461.7,0.06,24400
2026-09-27,20:59:42,2026-09-30T01:03:00,24447.02,24472.4,24446.6,24472.23,24472.2,bull,60,EMA9>EMA21,bull,80,put writing|call unwinding,1.282,16656143,21356965,17022798,bull,100,Long Buildup,bull,WAIT,50,up,,MILD BULLISH,up,mild,4,7,13.86,24486.9,0.06,24400
2026-09-27,20:59:44,2026-09-30T01:06:00,24472.23,24484.82,24471.73,24484.0,24484.0,bull,60,EMA9>EMA21,bull,80,put writing|call unwinding,1.285,16640910,21378763,17071583,bull,98,Long Buildup,bull,BUY CALL,75,up,,MILD BULLISH,up,mild,4,7,13.78,24498.7,0.06,24450
2026-09-27,20:59:45,2026-09-30T01:09:00,24484.0,24504.37,24483.86,24504.0,24504.0,bull,60,EMA9>EMA21,bull,80,put writing|call unwinding,1.286,16635140,21400658,17115211,bull,97,Long Buildup,bull,BUY CALL,87,up,,BULLISH,up,clear,5,7,13.87,24518.7,0.06,24450
2026-09-27,20:59:46,2026-09-30T01:12:00,24504.0,24515.53,24502.32,24515.52,24515.5,bull,60,EMA9>EMA21,bull,80,put writing|call unwinding,1.29,16622674,21438780,17135795,bull,90,Long Buildup,bull,BUY CALL,93,up,,BULLISH,up,clear,5,7,13.94,24530.2,0.06,24450
2026-09-27,20:59:47,2026-09-30T01:15:00,24515.52,24542.77,24514.73,24542.01,24542.0,bull,60,EMA9>EMA21,bull,80,put writing|call unwinding,1.293,16610512,21477225,17179483,bull,97,Long Buildup,bull,BUY CALL,96,up,,BULLISH,up,clear,5,7,13.95,24556.7,0.06,24500
2026-09-27,20:59:49,2026-09-30T01:18:00,24542.01,24568.99,24540.95,24566.73,24566.7,bull,60,EMA9>EMA21,bull,80,put writing|call unwinding,1.296,16605282,21515004,17202770,bull,91,Long Buildup,bull,BUY CALL,97,up,,BULLISH,up,clear,5,7,13.96,24581.5,0.06,24500
2026-09-27,20:59:50,2026-09-30T01:21:00,24566.73,24592.25,24565.92,24589.84,24589.8,bull,60,EMA9>EMA21,bull,80,put writing|call unwinding,1.299,16597049,21552625,17241347,bull,96,Long Buildup,bull,BUY CALL,98,up,,BULLISH,up,clear,5,7,14.02,24604.6,0.06,24550
2026-09-27,20:59:51,2026-09-30T01:24:00,24589.84,24602.6,24589.73,24602.46,24602.5,bull,60,EMA9>EMA21,bull,80,put writing|call unwinding,1.302,16583703,21583930,17270865,bull,94,Long Buildup,bull,BUY CALL,99,up,,MILD BULLISH,up,mild,4,7,14.08,24617.2,0.06,24550
2026-09-27,20:59:52,2026-09-30T01:27:00,24602.46,24627.34,24601.36,24624.66,24624.7,bull,60,EMA9>EMA21,bull,80,put writing|call unwinding,1.304,16575212,21616738,17307148,bull,95,Long Buildup,bull,BUY CALL,99,up,,BULLISH,up,clear,5,7,14.08,24639.4,0.06,24550
2026-09-27,20:59:53,2026-09-30T01:30:00,24624.66,24635.02,24623.79,24634.03,24634.0,bull,60,EMA9>EMA21,bull,80,put writing|call unwinding,1.307,16568687,21653689,17335862,bull,93,Long Buildup,bull,BUY CALL,99,up,,BULLISH,up,clear,5,7,14.04,24648.8,0.06,24600
2026-09-27,20:59:55,2026-09-30T01:33:00,24634.03,24641.77,24633.74,24641.2,24641.2,bull,60,EMA9>EMA21,bull,80,put writing|call unwinding,1.31,16550865,21685415,17377978,bull,97,Long Buildup,bull,BUY CALL,99,up,,BULLISH,up,clear,5,7,14.06,24656.0,0.06,24600
2026-09-27,20:59:56,2026-09-30T01:36:00,24641.2,24661.52,24641.16,24661.06,24661.1,bull,60,EMA9>EMA21,bull,80,put writing|call unwinding,1.313,16539862,21713790,17413777,bull,95,Long Buildup,bull,BUY CALL,99,up,,BULLISH,up,clear,5,7,14.12,24675.9,0.06,24600
2026-09-27,20:59:57,2026-09-30T01:39:00,24661.06,24674.53,24660.46,24673.86,24673.9,bull,60,EMA9>EMA21,bull,80,put writing|call unwinding,1.315,16522762,21732702,17440293,bull,93,Long Buildup,bull,BUY CALL,99,up,,BULLISH,up,clear,5,7,14.14,24688.7,0.06,24600
2026-09-27,20:59:58,2026-09-30T01:42:00,24673.86,24683.35,24673.0,24682.79,24682.8,bull,60,EMA9>EMA21,bull,80,put writing|call unwinding,1.318,16510743,21760264,17414862,bull,37,Short Covering,bull,BUY CALL,99,up,,MILD BEARISH,down,mild,3,7,14.11,24672.9,-0.04,24650
2026-09-27,21:00:00,2026-09-30T01:45:00,24682.79,24689.92,24682.78,24688.68,24688.7,bull,60,EMA9>EMA21,bull,80,put writing|call unwinding,1.32,16502887,21779919,17387317,bull,37,Short Covering,bull,BUY CALL,99,up,,MILD BULLISH,up,mild,4,7,14.07,24678.8,-0.04,24650
2026-09-27,21:00:01,2026-09-30T01:48:00,24688.68,24703.79,24687.94,24702.28,24702.3,bull,60,EMA9>EMA21,bull,80,put writing|call unwinding,1.322,16487802,21795477,17358044,bull,37,Short Covering,bull,BUY CALL,99,up,,MILD BULLISH,up,mild,4,7,14.12,24692.4,-0.04,24650
2026-09-27,21:00:02,2026-09-30T01:51:00,24702.28,24710.44,24698.83,24708.95,24709.0,bull,60,EMA9>EMA21,bull,80,put writing|call unwinding,1.323,16482646,21813736,17332565,bull,37,Short Covering,bull,BUY CALL,99,up,,MILD BULLISH,up,mild,4,7,14.05,24699.1,-0.04,24650
2026-09-27,21:00:03,2026-09-30T01:54:00,24708.95,24722.89,24707.83,24720.94,24720.9,bull,60,EMA9>EMA21,bull,80,put writing|call unwinding,1.325,16477070,21829921,17318089,bull,35,Short Covering,bull,BUY CALL,99,up,,NEUTRAL / RANGE,neutral,mixed,0,7,14.09,24711.1,-0.04,24650
2026-09-27,21:00:04,2026-09-30T01:57:00,24720.94,24730.53,24720.44,24729.71,24729.7,bull,60,EMA9>EMA21,bull,80,put writing|call unwinding,1.328,16463474,21858452,17307957,bull,34,Short Covering,bull,BUY CALL,99,up,,MILD BULLISH,up,mild,4,7,14.09,24719.8,-0.04,24700
2026-09-27,21:00:06,2026-09-30T02:00:00,24729.71,24746.99,24728.22,24746.11,24746.1,bull,60,EMA9>EMA21,bull,80,put writing|call unwinding,1.331,16445598,21882212,17270469,bull,38,Short Covering,bull,BUY CALL,99,up,,MILD BULLISH,up,mild,4,7,14.04,24736.2,-0.04,24700
2026-09-27,21:00:07,2026-09-30T02:03:00,24746.11,24764.01,24745.47,24763.29,24763.3,bull,60,EMA9>EMA21,bull,80,put writing|call unwinding,1.334,16429314,21913770,17233852,bull,38,Short Covering,bull,BUY CALL,99,up,,MILD BULLISH,up,mild,4,7,14.01,24753.4,-0.04,24700
2026-09-27,21:00:08,2026-09-30T02:06:00,24763.29,24783.09,24763.07,24781.3,24781.3,bull,60,EMA9>EMA21,bear,-80,call writing|put unwinding,1.331,16454597,21898227,17220395,bull,35,Short Covering,bull,TRAP,49,up,BULL TRAP,MILD BULLISH,up,mild,4,7,14.03,24771.4,-0.04,24850
2026-09-27,21:00:09,2026-09-30T02:09:00,24781.3,24783.1,24781.26,24781.96,24782.0,bull,60,EMA9>EMA21,bear,-80,call writing|put unwinding,1.329,16478537,21893155,17198774,bull,36,Short Covering,bull,TRAP,25,up,BULL TRAP,MILD BULLISH,up,mild,3,7,13.93,24772.0,-0.04,24850
2026-09-27,21:00:11,2026-09-30T02:12:00,24781.96,24793.45,24781.35,24791.35,24791.3,bull,60,EMA9>EMA21,bear,-80,call writing|put unwinding,1.326,16504872,21879820,17184299,bull,35,Short Covering,bull,TRAP,12,up,BULL TRAP,MILD BULLISH,up,mild,4,7,14.06,24781.4,-0.04,24850
2026-09-27,21:00:12,2026-09-30T02:15:00,24791.35,24800.89,24790.99,24799.96,24800.0,bull,60,EMA9>EMA21,bear,-80,call writing|put unwinding,1.323,16535444,21868536,17167139,bull,35,Short Covering,bull,TRAP,6,up,BULL TRAP,MILD BULLISH,up,mild,4,7,14.12,24790.0,-0.04,24850
2026-09-27,21:00:13,2026-09-30T02:18:00,24799.96,24807.34,24798.95,24806.1,24806.1,bull,60,EMA9>EMA21,bear,-80,call writing|put unwinding,1.319,16564901,21852477,17155557,bull,34,Short Covering,bull,TRAP,3,up,BULL TRAP,MILD BULLISH,up,mild,3,7,13.99,24796.2,-0.04,24850
2026-09-27,21:00:14,2026-09-30T02:21:00,24806.1,24813.56,24805.52,24813.06,24813.1,bull,60,EMA9>EMA21,bear,-80,call writing|put unwinding,1.316,16594279,21838075,17144191,bull,34,Short Covering,bull,TRAP,2,up,BULL TRAP,NEUTRAL / RANGE,neutral,mixed,0,7,13.94,24803.1,-0.04,24850
2026-09-27,21:00:16,2026-09-30T02:24:00,24813.06,24813.69,24788.19,24789.83,24789.8,bull,60,EMA9>EMA21,bear,-80,call writing|put unwinding,1.313,16624329,21821321,17111770,bull,38,Short Covering,bear,TRAP,1,up,BULL TRAP,MILD BEARISH,down,mild,4,7,14.01,24779.9,-0.04,24850
2026-09-27,21:00:17,2026-09-30T02:27:00,24789.83,24790.43,24767.19,24767.32,24767.3,bull,60,EMA9>EMA21,bear,-80,call writing|put unwinding,1.31,16649129,21803113,17087910,bull,37,Short Covering,bear,TRAP,0,up,BULL TRAP,MILD BEARISH,down,mild,4,7,14.12,24757.4,-0.04,24800
2026-09-27,21:00:18,2026-09-30T02:30:00,24767.32,24768.88,24753.02,24753.32,24753.3,bull,60,EMA9>EMA21,bear,-80,call writing|put unwinding,1.307,16666340,21790920,17051340,bull,38,Short Covering,bear,TRAP,0,up,BULL TRAP,MILD BEARISH,down,mild,4,7,14.09,24743.4,-0.04,24800
2026-09-27,21:00:19,2026-09-30T02:33:00,24753.32,24754.98,24735.13,24735.25,24735.2,bull,60,EMA9>EMA21,bear,-80,call writing|put unwinding,1.305,16689182,21782159,17035590,bull,35,Short Covering,bear,TRAP,0,up,BULL TRAP,MILD BEARISH,down,mild,4,7,14.05,24725.4,-0.04,24800
2026-09-27,21:00:20,2026-09-30T02:36:00,24735.25,24735.39,24719.86,24721.51,24721.5,bull,60,EMA9>EMA21,bear,-80,call writing|put unwinding,1.301,16724943,21767445,17017692,bull,36,Short Covering,bear,TRAP,0,up,BULL TRAP,MILD BEARISH,down,mild,4,7,14.05,24711.6,-0.04,24750
2026-09-27,21:00:22,2026-09-30T02:39:00,24721.51,24722.4,24711.49,24712.65,24712.7,bull,40,EMA9>EMA21,bear,-80,call writing|put unwinding,1.299,16752358,21756108,16991843,bull,37,Short Covering,bear,TRAP,0,up,BULL TRAP,MILD BEARISH,down,mild,4,7,14.06,24702.8,-0.04,24750
2026-09-27,21:00:23,2026-09-30T02:42:00,24712.65,24715.53,24686.36,24687.15,24687.2,bull,40,EMA9>EMA21,bear,-80,call writing|put unwinding,1.297,16771513,21747990,16970877,bull,36,Short Covering,bear,TRAP,0,up,BULL TRAP,MILD BEARISH,down,mild,3,7,14.02,24677.3,-0.04,24750
2026-09-27,21:00:24,2026-09-30T02:45:00,24687.15,24687.56,24675.18,24676.49,24676.5,bull,20,EMA9>EMA21,bear,-80,call writing|put unwinding,1.295,16787133,21734705,16938350,bull,38,Short Covering,bear,WAIT,0,up,,BEARISH,down,clear,5,7,14.19,24666.6,-0.04,24750
2026-09-27,21:00:25,2026-09-30T02:48:00,24676.49,24676.97,24657.71,24659.47,24659.5,bear,-60,EMA9<EMA21,bear,-80,call writing|put unwinding,1.293,16807089,21724941,16919800,bear,-36,Long Unwinding,bear,WAIT,50,down,,MILD BEARISH,down,mild,4,7,14.17,24649.6,-0.04,24700
2026-09-27,21:00:27,2026-09-30T02:51:00,24659.47,24659.59,24649.94,24651.66,24651.7,bear,-60,EMA9<EMA21,bear,-80,call writing|put unwinding,1.29,16825862,21705007,16901721,bear,-36,Long Unwinding,bear,BUY PUT,74,down,,MILD BEARISH,down,mild,4,7,14.14,24641.8,-0.04,24700
2026-09-27,21:00:28,2026-09-30T02:54:00,24651.66,24652.59,24632.58,24633.6,24633.6,bear,-60,EMA9<EMA21,bear,-80,call writing|put unwinding,1.287,16852291,21686347,16890485,bear,-34,Long Unwinding,bear,BUY PUT,87,down,,NEUTRAL / RANGE,neutral,mixed,0,7,14.16,24623.7,-0.04,24700
2026-09-27,21:00:29,2026-09-30T02:57:00,24633.6,24636.2,24611.78,24612.2,24612.2,bear,-60,EMA9<EMA21,bear,-80,call writing|put unwinding,1.284,16877941,21670661,16855879,bear,-38,Long Unwinding,bear,BUY PUT,93,down,,MILD BEARISH,down,mild,4,7,14.24,24602.4,-0.04,24650
2026-09-27,21:00:30,2026-09-30T03:00:00,24612.2,24615.74,24575.71,24576.51,24576.5,bear,-60,EMA9<EMA21,bear,-80,call writing|put unwinding,1.281,16904723,21657689,16830320,bear,-37,Long Unwinding,bear,BUY PUT,96,down,,MILD BEARISH,down,mild,4,7,14.19,24566.7,-0.04,24650
2026-09-27,21:00:32,2026-09-30T03:03:00,24576.51,24578.64,24555.02,24556.71,24556.7,bear,-60,EMA9<EMA21,bear,-80,call writing|put unwinding,1.279,16923927,21647644,16808483,bear,-36,Long Unwinding,bear,BUY PUT,97,down,,MILD BEARISH,down,mild,4,7,14.21,24546.9,-0.04,24600
2026-09-27,21:00:33,2026-09-30T03:06:00,24556.71,24558.47,24530.7,24531.54,24531.5,bear,-60,EMA9<EMA21,bear,-80,call writing|put unwinding,1.277,16945937,21635118,16784721,bear,-37,Long Unwinding,bear,BUY PUT,98,down,,MILD BEARISH,down,mild,4,7,14.21,24521.7,-0.04,24600
2026-09-27,21:00:34,2026-09-30T03:09:00,24531.54,24531.9,24515.77,24516.62,24516.6,bear,-60,EMA9<EMA21,bear,-80,call writing|put unwinding,1.274,16965416,21618214,16764172,bear,-36,Long Unwinding,bear,BUY PUT,99,down,,NEUTRAL / RANGE,neutral,mixed,0,7,14.16,24506.8,-0.04,24550
2026-09-27,21:00:35,2026-09-30T03:12:00,24516.62,24518.37,24493.33,24494.3,24494.3,bear,-60,EMA9<EMA21,bear,-80,call writing|put unwinding,1.271,16990135,21601716,16733990,bear,-38,Long Unwinding,bear,BUY PUT,99,down,,MILD BEARISH,down,mild,4,7,14.23,24484.5,-0.04,24550
2026-09-27,21:00:36,2026-09-30T03:15:00,24494.3,24495.85,24472.82,24474.47,24474.5,bear,-60,EMA9<EMA21,bear,-80,call writing|put unwinding,1.268,17028856,21590324,16719031,bear,-35,Long Unwinding,bear,BUY PUT,99,down,,MILD BEARISH,down,mild,4,7,14.25,24464.7,-0.04,24500
2026-09-27,21:00:38,2026-09-30T03:18:00,24474.47,24475.41,24469.12,24469.34,24469.3,bear,-60,EMA9<EMA21,bull,80,put writing|call unwinding,1.27,17015633,21616924,16750825,bear,-94,Short Buildup,bear,TRAP,49,down,BEAR TRAP,MILD BULLISH,up,mild,3,7,14.22,24484.0,0.06,24400
2026-09-27,21:00:39,2026-09-30T03:21:00,24469.34,24469.73,24464.0,24464.79,24464.8,bear,-60,EMA9<EMA21,bull,80,put writing|call unwinding,1.272,17003279,21632781,16798096,bear,-98,Short Buildup,bear,TRAP,25,down,BEAR TRAP,NEUTRAL / RANGE,neutral,mixed,0,7,14.17,24479.5,0.06,24400
2026-09-27,21:00:40,2026-09-30T03:24:00,24464.79,24465.16,24453.01,24454.79,24454.8,bear,-60,EMA9<EMA21,bull,80,put writing|call unwinding,1.275,16986958,21651228,16840481,bear,-97,Short Buildup,bear,TRAP,12,down,BEAR TRAP,NEUTRAL / RANGE,neutral,mixed,0,7,14.19,24469.5,0.06,24400
2026-09-27,21:00:41,2026-09-30T03:27:00,24454.79,24463.37,24453.6,24462.83,24462.8,bear,-60,EMA9<EMA21,bull,80,put writing|call unwinding,1.277,16968731,21667296,16897158,bear,-100,Short Buildup,bear,TRAP,6,down,BEAR TRAP,MILD BULLISH,up,mild,3,7,14.15,24477.5,0.06,24400
2026-09-27,21:00:43,2026-09-30T03:30:00,24462.83,24463.95,24453.54,24453.93,24453.9,bear,-60,EMA9<EMA21,bull,80,put writing|call unwinding,1.279,16958234,21697839,16951266,bear,-99,Short Buildup,bear,TRAP,3,down,BEAR TRAP,MILD BULLISH,up,mild,3,7,14.21,24468.6,0.06,24400
2026-09-27,21:00:44,2026-09-30T03:33:00,24453.93,24453.97,24434.39,24434.91,24434.9,bear,-60,EMA9<EMA21,bull,80,put writing|call unwinding,1.282,16948322,21729718,16980589,bear,-94,Short Buildup,bear,TRAP,2,down,BEAR TRAP,NEUTRAL / RANGE,neutral,mixed,0,7,14.26,24449.6,0.06,24400
2026-09-27,21:00:45,2026-09-30T03:36:00,24434.91,24448.2,24434.81,24446.7,24446.7,bear,-60,EMA9<EMA21,neutral,0,put writing|call writing,1.282,16952520,21731296,16983317,bear,-72,Short Buildup,bear,WAIT,36,down,,MILD BULLISH,up,mild,3,7,14.16,24446.7,0.0,24450
2026-09-27,21:00:46,2026-09-30T03:39:00,24446.7,24447.24,24435.05,24437.39,24437.4,bear,-60,EMA9<EMA21,bull,80,put writing|call unwinding,1.283,16946610,21735331,16987431,bear,-76,Short Buildup,bear,TRAP,18,down,BEAR TRAP,NEUTRAL / RANGE,neutral,mixed,0,7,14.13,24437.4,0.0,24450
2026-09-27,21:00:47,2026-09-30T03:42:00,24437.39,24439.7,24429.32,24430.53,24430.5,bear,-60,EMA9<EMA21,neutral,0,call unwinding|put unwinding,1.283,16941126,21734165,16995039,bear,-81,Short Buildup,bear,WAIT,45,down,,MILD BULLISH,up,mild,3,7,14.07,24430.5,0.0,24450
2026-09-27,21:00:49,2026-09-30T03:45:00,24430.53,24438.23,24429.21,24436.7,24436.7,bear,-60,EMA9<EMA21,bear,-80,call writing|put unwinding,1.283,16945060,21732726,16999659,bear,-77,Short Buildup,bear,BUY PUT,72,down,,NEUTRAL / RANGE,neutral,mixed,0,7,14.12,24436.7,0.0,24450
2026-09-27,21:00:50,2026-09-30T03:48:00,24436.7,24439.33,24431.08,24432.34,24432.3,bear,-60,EMA9<EMA21,neutral,0,call unwinding|put unwinding,1.283,16943106,21729780,17004780,bear,-78,Short Buildup,bear,BUY PUT,71,down,,MILD BULLISH,up,mild,3,7,14.16,24432.3,0.0,24450
2026-09-27,21:00:51,2026-09-30T03:51:00,24432.34,24440.35,24431.56,24440.17,24440.2,bear,-60,EMA9<EMA21,neutral,0,call unwinding|put unwinding,1.282,16942260,21727127,16999608,bear,-31,Long Unwinding,bull,WAIT,36,down,,MILD BULLISH,up,mild,4,7,14.04,24440.2,0.0,24450
2026-09-27,21:00:52,2026-09-30T03:54:00,24440.17,24458.14,24439.34,24456.1,24456.1,bear,-60,EMA9<EMA21,neutral,0,put writing|call writing,1.283,16943746,21731706,16996673,bear,-29,Long Unwinding,bull,WAIT,18,down,,NEUTRAL / RANGE,neutral,mixed,0,7,14.03,24456.1,0.0,24450
2026-09-27,21:00:54,2026-09-30T03:57:00,24456.1,24462.86,24455.44,24462.58,24462.6,bear,-60,EMA9<EMA21,bull,80,put writing|call unwinding,1.283,16943018,21736573,16992149,bear,-31,Long Unwinding,bull,TRAP,9,down,BEAR TRAP,NEUTRAL / RANGE,neutral,mixed,0,7,13.92,24462.6,0.0,24450
2026-09-27,21:00:55,2026-09-30T04:00:00,24462.58,24462.72,24455.7,24456.46,24456.5,bear,-60,EMA9<EMA21,neutral,0,call unwinding|put unwinding,1.283,16938976,21733405,16996717,bear,-77,Short Buildup,bull,WAIT,4,down,,MILD BULLISH,up,mild,4,7,14.02,24456.5,0.0,24450
2026-09-27,21:00:56,2026-09-30T04:03:00,24456.46,24481.5,24455.55,24481.41,24481.4,bear,-60,EMA9<EMA21,bear,-80,call writing|put unwinding,1.283,16941759,21731369,17003764,bear,-81,Short Buildup,bull,WAIT,38,down,,MILD BULLISH,up,mild,3,7,13.93,24481.4,0.0,24500
2026-09-27,21:00:57,2026-09-30T04:06:00,24481.41,24481.78,24469.31,24470.79,24470.8,bear,-60,EMA9<EMA21,neutral,0,put writing|call writing,1.283,16943962,21733035,17008090,bear,-76,Short Buildup,bull,WAIT,19,down,,MILD BULLISH,up,mild,4,7,13.93,24470.8,0.0,24450
2026-09-27,21:00:59,2026-09-30T04:09:00,24470.79,24472.07,24460.9,24461.24,24461.2,bear,-60,EMA9<EMA21,neutral,0,call unwinding|put unwinding,1.283,16938474,21728670,17003846,bear,-30,Long Unwinding,neutral,WAIT,9,down,,MILD BULLISH,up,mild,3,7,14.03,24461.2,0.0,24450
2026-09-27,21:01:00,2026-09-30T04:12:00,24461.24,24461.32,24453.01,24455.53,24455.5,bear,-60,EMA9<EMA21,bear,-80,call writing|put unwinding,1.283,16938479,21727387,17002477,bear,-26,Long Unwinding,bear,WAIT,54,down,,MILD BULLISH,up,mild,3,7,14.06,24455.5,0.0,24450
2026-09-27,21:01:01,2026-09-30T04:15:00,24455.53,24458.81,24455.51,24456.97,24457.0,bear,-60,EMA9<EMA21,bear,-80,call writing|put unwinding,1.282,16943215,21722285,17000903,bear,-27,Long Unwinding,bear,BUY PUT,77,down,,MILD BULLISH,up,mild,4,7,14.08,24457.0,0.0,24450
2026-09-27,21:01:02,2026-09-30T04:18:00,24456.97,24466.77,24455.86,24465.6,24465.6,bear,-60,EMA9<EMA21,bull,80,put writing|call unwinding,1.284,16932003,21740358,17031142,bear,-94,Short Buildup,bull,TRAP,38,down,BEAR TRAP,MILD BULLISH,up,mild,4,7,14.12,24480.3,0.06,24400
2026-09-27,21:01:03,2026-09-30T04:21:00,24465.6,24483.53,24463.87,24482.68,24482.7,bear,-40,EMA9<EMA21,bull,80,put writing|call unwinding,1.286,16924415,21765716,17087839,bear,-100,Short Buildup,bull,TRAP,19,down,BEAR TRAP,MILD BULLISH,up,mild,4,7,14.17,24497.4,0.06,24450
2026-09-27,21:01:05,2026-09-30T04:24:00,24482.68,24516.93,24481.6,24516.16,24516.2,bear,-20,EMA9<EMA21,bull,80,put writing|call unwinding,1.288,16918128,21794256,17139751,bear,-99,Short Buildup,bull,WAIT,10,down,,BULLISH,up,clear,5,7,14.19,24530.9,0.06,24450
2026-09-27,21:01:06,2026-09-30T04:27:00,24516.16,24526.93,24515.28,24525.84,24525.8,bear,-20,EMA9<EMA21,bull,80,put writing|call unwinding,1.29,16904732,21813352,17172776,bear,-95,Short Buildup,bull,WAIT,5,down,,BULLISH,up,clear,5,7,14.24,24540.6,0.06,24500
2026-09-27,21:01:07,2026-09-30T04:30:00,24525.84,24547.56,24525.84,24544.76,24544.8,bull,60,EMA9>EMA21,bull,80,put writing|call unwinding,1.292,16898728,21837941,17225948,bull,99,Long Buildup,bull,WAIT,52,up,,MILD BULLISH,up,mild,3,7,14.17,24559.5,0.06,24500
2026-09-27,21:01:08,2026-09-30T04:33:00,24544.76,24554.83,24544.01,24554.53,24554.5,bull,60,EMA9>EMA21,bull,80,put writing|call unwinding,1.295,16890983,21877096,17252340,bull,93,Long Buildup,bull,BUY CALL,75,up,,BULLISH,up,clear,5,7,14.16,24569.3,0.06,24500
2026-09-27,21:01:10,2026-09-30T04:36:00,24554.53,24572.67,24552.68,24572.59,24572.6,bull,60,EMA9>EMA21,bull,80,put writing|call unwinding,1.299,16875750,21914064,17298571,bull,98,Long Buildup,bull,BUY CALL,87,up,,BULLISH,up,clear,5,7,14.21,24587.3,0.06,24500
2026-09-27,21:01:11,2026-09-30T04:39:00,24572.59,24579.62,24571.45,24579.03,24579.0,bull,60,EMA9>EMA21,bull,80,put writing|call unwinding,1.3,16868554,21932752,17339977,bull,97,Long Buildup,bull,BUY CALL,93,up,,BULLISH,up,clear,5,7,14.24,24593.8,0.06,24550
2026-09-27,21:01:12,2026-09-30T04:42:00,24579.03,24594.83,24577.6,24593.22,24593.2,bull,60,EMA9>EMA21,bull,80,put writing|call unwinding,1.302,16863113,21958803,17390003,bull,98,Long Buildup,bull,BUY CALL,96,up,,BULLISH,up,clear,5,7,14.25,24608.0,0.06,24550
2026-09-27,21:01:13,2026-09-30T04:45:00,24593.22,24618.63,24592.21,24617.49,24617.5,bull,60,EMA9>EMA21,bull,80,put writing|call unwinding,1.305,16848369,21995262,17415389,bull,92,Long Buildup,bull,BUY CALL,98,up,,BULLISH,up,clear,5,7,14.25,24632.3,0.06,24550
2026-09-27,21:01:14,2026-09-30T04:48:00,24617.49,24636.25,24616.6,24635.18,24635.2,bull,60,EMA9>EMA21,bull,80,put writing|call unwinding,1.309,16833913,22034578,17440704,bull,92,Long Buildup,bull,BUY CALL,98,up,,BULLISH,up,clear,5,7,14.19,24650.0,0.06,24600
2026-09-27,21:01:16,2026-09-30T04:51:00,24635.18,24658.35,24634.46,24656.96,24657.0,bull,60,EMA9>EMA21,bull,80,put writing|call unwinding,1.312,16815315,22067734,17493527,bull,99,Long Buildup,bull,BUY CALL,99,up,,BULLISH,up,clear,5,7,14.18,24671.8,0.06,24600
2026-09-27,21:01:17,2026-09-30T04:54:00,24656.96,24672.76,24654.1,24672.02,24672.0,bull,60,EMA9>EMA21,bull,80,put writing|call unwinding,1.314,16806711,22088066,17532923,bull,96,Long Buildup,bull,BUY CALL,99,up,,BULLISH,up,clear,5,7,14.19,24686.8,0.06,24600
2026-09-27,21:01:18,2026-09-30T04:57:00,24672.02,24689.82,24670.77,24689.79,24689.8,bull,60,EMA9>EMA21,bull,80,put writing|call unwinding,1.318,16789248,22128029,17571996,bull,96,Long Buildup,bull,BUY CALL,99,up,,BULLISH,up,clear,5,7,14.17,24704.6,0.06,24650
2026-09-27,21:01:19,2026-09-30T05:00:00,24689.79,24698.78,24689.61,24698.27,24698.3,bull,60,EMA9>EMA21,bull,80,put writing|call unwinding,1.321,16773924,22165026,17609765,bull,96,Long Buildup,bull,BUY CALL,99,up,,MILD BULLISH,up,mild,4,7,14.27,24713.1,0.06,24650
2026-09-27,21:01:21,2026-09-30T05:03:00,24698.27,24717.72,24697.22,24716.64,24716.6,bull,60,EMA9>EMA21,bull,80,put writing|call unwinding,1.323,16767458,22183669,17641514,bull,94,Long Buildup,bull,BUY CALL,99,up,,BULLISH,up,clear,5,7,14.24,24731.5,0.06,24650
2026-09-27,21:01:22,2026-09-30T05:06:00,24716.64,24737.5,24714.98,24735.9,24735.9,bull,60,EMA9>EMA21,bull,80,put writing|call unwinding,1.326,16753207,22220360,17690592,bull,98,Long Buildup,bull,BUY CALL,99,up,,BULLISH,up,clear,5,7,14.3,24750.7,0.06,24700
2026-09-27,21:01:23,2026-09-30T05:09:00,24735.9,24748.3,24733.68,24747.71,24747.7,bull,60,EMA9>EMA21,bull,80,put writing|call unwinding,1.33,16733426,22259074,17726179,bull,95,Long Buildup,bull,BUY CALL,99,up,,BULLISH,up,clear,5,7,14.33,24762.6,0.06,24700
2026-09-27,21:01:24,2026-09-30T05:12:00,24747.71,24755.7,24747.7,24754.59,24754.6,bull,60,EMA9>EMA21,bull,80,put writing|call unwinding,1.333,16725798,22297847,17714799,bull,34,Short Covering,bull,BUY CALL,99,up,,MILD BULLISH,up,mild,4,7,14.26,24744.7,-0.04,24700
2026-09-27,21:01:26,2026-09-30T05:15:00,24754.59,24776.94,24753.86,24775.6,24775.6,bull,60,EMA9>EMA21,bull,80,put writing|call unwinding,1.336,16715386,22331610,17700521,bull,35,Short Covering,bull,BUY CALL,99,up,,MILD BULLISH,up,mild,4,7,14.27,24765.7,-0.04,24750
2026-09-27,21:01:27,2026-09-30T05:18:00,24775.6,24788.92,24774.49,24787.84,24787.8,bull,60,EMA9>EMA21,bull,80,put writing|call unwinding,1.338,16702803,22353533,17671851,bull,37,Short Covering,bull,BUY CALL,99,up,,MILD BULLISH,up,mild,4,7,14.26,24777.9,-0.04,24750
2026-09-27,21:01:28,2026-09-30T05:21:00,24787.84,24796.99,24786.91,24796.84,24796.8,bull,60,EMA9>EMA21,bull,80,put writing|call unwinding,1.342,16689880,22389511,17635608,bull,38,Short Covering,bull,BUY CALL,99,up,,NEUTRAL / RANGE,neutral,mixed,0,7,14.28,24786.9,-0.04,24750
2026-09-27,21:01:29,2026-09-30T05:24:00,24796.84,24814.68,24796.15,24814.05,24814.0,bull,60,EMA9>EMA21,bull,80,put writing|call unwinding,1.344,16671752,22410627,17606055,bull,37,Short Covering,bull,BUY CALL,99,up,,MILD BULLISH,up,mild,4,7,14.35,24804.1,-0.04,24750
2026-09-27,21:01:30,2026-09-30T05:27:00,24814.05,24830.93,24813.11,24830.81,24830.8,bull,60,EMA9>EMA21,bull,80,put writing|call unwinding,1.347,16653012,22430422,17593464,bull,34,Short Covering,bull,BUY CALL,99,up,,MILD BULLISH,up,mild,3,7,14.35,24820.9,-0.04,24800
2026-09-27,21:01:32,2026-09-30T05:30:00,24830.81,24841.58,24830.11,24840.56,24840.6,bull,60,EMA9>EMA21,bull,80,put writing|call unwinding,1.349,16641452,22455854,17567750,bull,37,Short Covering,bull,BUY CALL,99,up,,MILD BULLISH,up,mild,3,7,14.35,24830.6,-0.04,24800
2026-09-27,21:01:33,2026-09-30T05:33:00,24840.56,24855.84,24840.51,24854.62,24854.6,bull,60,EMA9>EMA21,bull,80,put writing|call unwinding,1.352,16632706,22489831,17553236,bull,35,Short Covering,bull,BUY CALL,99,up,,NEUTRAL / RANGE,neutral,mixed,0,7,14.26,24844.7,-0.04,24800
2026-09-27,21:01:34,2026-09-30T05:36:00,24854.62,24862.73,24853.87,24862.19,24862.2,bull,60,EMA9>EMA21,bear,-80,call writing|put unwinding,1.348,16670110,22475252,17515134,bull,38,Short Covering,bull,TRAP,49,up,BULL TRAP,MILD BULLISH,up,mild,4,7,14.31,24852.2,-0.04,24900
2026-09-27,21:01:35,2026-09-30T05:39:00,24862.19,24871.86,24861.55,24871.53,24871.5,bull,60,EMA9>EMA21,bear,-80,call writing|put unwinding,1.344,16704088,22458575,17487998,bull,37,Short Covering,bull,TRAP,25,up,BULL TRAP,MILD BULLISH,up,mild,4,7,14.21,24861.6,-0.04,24900
2026-09-27,21:01:37,2026-09-30T05:42:00,24871.53,24881.48,24870.91,24879.17,24879.2,bull,60,EMA9>EMA21,bear,-80,call writing|put unwinding,1.342,16722403,22443593,17470283,bull,36,Short Covering,bull,TRAP,12,up,BULL TRAP,NEUTRAL / RANGE,neutral,mixed,0,7,14.3,24869.2,-0.04,24950
2026-09-27,21:01:38,2026-09-30T05:45:00,24879.17,24897.76,24876.58,24895.86,24895.9,bull,60,EMA9>EMA21,bear,-80,call writing|put unwinding,1.339,16752728,22429017,17442750,bull,37,Short Covering,bull,TRAP,6,up,BULL TRAP,MILD BULLISH,up,mild,4,7,14.24,24885.9,-0.04,24950
2026-09-27,21:01:39,2026-09-30T05:48:00,24895.86,24910.26,24894.73,24910.02,24910.0,bull,60,EMA9>EMA21,bear,-80,call writing|put unwinding,1.336,16782529,22413701,17412534,bull,38,Short Covering,bull,TRAP,3,up,BULL TRAP,MILD BULLISH,up,mild,4,7,14.18,24900.1,-0.04,24950
2026-09-27,21:01:40,2026-09-30T05:51:00,24910.02,24917.44,24908.35,24916.39,24916.4,bull,60,EMA9>EMA21,bear,-80,call writing|put unwinding,1.333,16804222,22403699,17391123,bull,36,Short Covering,bull,TRAP,2,up,BULL TRAP,MILD BULLISH,up,mild,4,7,14.16,24906.4,-0.04,24950
2026-09-27,21:01:41,2026-09-30T05:54:00,24916.39,24918.41,24885.23,24889.86,24889.9,bull,60,EMA9>EMA21,bear,-80,call writing|put unwinding,1.33,16840509,22397685,17380816,bull,34,Short Covering,neutral,TRAP,1,up,BULL TRAP,MILD BEARISH,down,mild,4,7,14.25,24879.9,-0.04,24950
2026-09-27,21:01:43,2026-09-30T05:57:00,24889.86,24890.32,24858.82,24859.31,24859.3,bull,60,EMA9>EMA21,bear,-80,call writing|put unwinding,1.328,16857998,22382699,17360380,bull,36,Short Covering,bear,TRAP,0,up,BULL TRAP,MILD BEARISH,down,mild,4,7,14.29,24849.4,-0.04,24900
2026-09-27,21:01:44,2026-09-30T06:00:00,24859.31,24860.84,24855.22,24855.47,24855.5,bull,60,EMA9>EMA21,bear,-80,call writing|put unwinding,1.324,16892340,22362733,17329874,bull,38,Short Covering,bear,TRAP,0,up,BULL TRAP,MILD BEARISH,down,mild,4,7,14.35,24845.5,-0.04,24900
2026-09-27,21:01:45,2026-09-30T06:03:00,24855.47,24856.16,24844.47,24844.61,24844.6,bull,60,EMA9>EMA21,bear,-80,call writing|put unwinding,1.32,16931300,22351406,17307489,bull,36,Short Covering,bear,TRAP,0,up,BULL TRAP,MILD BEARISH,down,mild,4,7,14.43,24834.7,-0.04,24900
2026-09-27,21:01:46,2026-09-30T06:06:00,24844.61,24844.84,24832.08,24833.33,24833.3,bull,60,EMA9>EMA21,bear,-80,call writing|put unwinding,1.316,16969059,22334339,17296104,bull,34,Short Covering,bear,TRAP,0,up,BULL TRAP,MILD BEARISH,down,mild,4,7,14.46,24823.4,-0.04,24900
2026-09-27,21:01:48,2026-09-30T06:09:00,24833.33,24833.45,24807.55,24808.25,24808.2,bull,40,EMA9>EMA21,bear,-80,call writing|put unwinding,1.313,16993318,22318599,17284437,bull,34,Short Covering,bear,TRAP,0,up,BULL TRAP,MILD BEARISH,down,mild,4,7,14.47,24798.3,-0.04,24850
2026-09-27,21:01:49,2026-09-30T06:12:00,24808.25,24808.64,24790.58,24792.07,24792.1,bull,40,EMA9>EMA21,bear,-80,call writing|put unwinding,1.31,17020737,22299117,17249738,bull,38,Short Covering,bear,TRAP,0,up,BULL TRAP,MILD BEARISH,down,mild,4,7,14.51,24782.2,-0.04,24850
2026-09-27,21:01:50,2026-09-30T06:15:00,24792.07,24792.13,24770.98,24772.02,24772.0,bull,20,EMA9>EMA21,bear,-80,call writing|put unwinding,1.308,17038888,22291877,17215120,bull,38,Short Covering,bear,WAIT,0,up,,MILD BEARISH,down,mild,4,7,14.56,24762.1,-0.04,24800
2026-09-27,21:01:51,2026-09-30T06:18:00,24772.02,24772.13,24739.57,24740.75,24740.8,bull,20,EMA9>EMA21,bear,-80,call writing|put unwinding,1.305,17065534,22278186,17179894,bull,38,Short Covering,bear,WAIT,0,up,,MILD BEARISH,down,mild,4,7,14.69,24730.9,-0.04,24800
2026-09-27,21:01:53,2026-09-30T06:21:00,24740.75,24741.58,24725.12,24725.61,24725.6,bear,-60,EMA9<EMA21,bear,-80,call writing|put unwinding,1.302,17104881,22265168,17145436,bear,-38,Long Unwinding,bear,WAIT,50,down,,MILD BEARISH,down,mild,4,7,14.8,24715.7,-0.04,24800
2026-09-27,21:01:54,2026-09-30T06:24:00,24725.61,24725.75,24701.0,24702.86,24702.9,bear,-60,EMA9<EMA21,bear,-80,call writing|put unwinding,1.299,17128987,22254708,17117820,bear,-37,Long Unwinding,bear,BUY PUT,74,down,,MILD BEARISH,down,mild,4,7,14.76,24693.0,-0.04,24750
2026-09-27,21:01:55,2026-09-30T06:27:00,24702.86,24703.0,24682.83,24684.14,24684.1,bear,-60,EMA9<EMA21,bear,-80,call writing|put unwinding,1.296,17154717,22235638,17092371,bear,-37,Long Unwinding,bear,BUY PUT,87,down,,MILD BEARISH,down,mild,4,7,14.72,24674.3,-0.04,24750
2026-09-27,21:01:56,2026-09-30T06:30:00,24684.14,24684.61,24654.03,24654.53,24654.5,bear,-60,EMA9<EMA21,bear,-80,call writing|put unwinding,1.292,17192255,22218068,17057969,bear,-38,Long Unwinding,bear,BUY PUT,93,down,,MILD BEARISH,down,mild,3,7,14.8,24644.7,-0.04,24700
2026-09-27,21:01:57,2026-09-30T06:33:00,24654.53,24654.66,24638.24,24638.86,24638.9,bear,-60,EMA9<EMA21,bear,-80,call writing|put unwinding,1.29,17219554,22210896,17028178,bear,-37,Long Unwinding,bear,BUY PUT,96,down,,MILD BEARISH,down,mild,4,7,14.78,24629.0,-0.04,24700
2026-09-27,21:01:59,2026-09-30T06:36:00,24638.86,24639.65,24620.26,24620.62,24620.6,bear,-60,EMA9<EMA21,bear,-80,call writing|put unwinding,1.288,17244642,22205549,17002167,bear,-37,Long Unwinding,bear,BUY PUT,97,down,,NEUTRAL / RANGE,neutral,mixed,0,7,14.91,24610.8,-0.04,24650
2026-09-27,21:02:00,2026-09-30T06:39:00,24620.62,24621.81,24601.29,24601.56,24601.6,bear,-60,EMA9<EMA21,bear,-80,call writing|put unwinding,1.284,17277006,22191134,16992151,bear,-33,Long Unwinding,bear,BUY PUT,98,down,,MILD BEARISH,down,mild,4,7,14.96,24591.7,-0.04,24650
2026-09-27,21:02:01,2026-09-30T06:42:00,24601.56,24602.21,24580.91,24581.21,24581.2,bear,-60,EMA9<EMA21,bear,-80,call writing|put unwinding,1.281,17314503,22184192,16962433,bear,-37,Long Unwinding,bear,BUY PUT,99,down,,MILD BEARISH,down,mild,4,7,14.99,24571.4,-0.04,24650
2026-09-27,21:02:02,2026-09-30T06:45:00,24581.21,24581.7,24565.73,24567.01,24567.0,bear,-60,EMA9<EMA21,bear,-80,call writing|put unwinding,1.278,17347075,22173472,16948345,bear,-35,Long Unwinding,bear,BUY PUT,99,down,,MILD BEARISH,down,mild,4,7,15.08,24557.2,-0.04,24600
2026-09-27,21:02:04,2026-09-30T06:48:00,24567.01,24567.44,24559.0,24560.02,24560.0,bear,-60,EMA9<EMA21,bull,80,put writing|call unwinding,1.281,17328928,22195772,16984059,bear,-95,Short Buildup,bear,TRAP,49,down,BEAR TRAP,NEUTRAL / RANGE,neutral,mixed,0,7,15.21,24574.8,0.06,24500
2026-09-27,21:02:05,2026-09-30T06:51:00,24560.02,24560.4,24550.39,24550.5,24550.5,bear,-60,EMA9<EMA21,bull,80,put writing|call unwinding,1.283,17311374,22212757,17029215,bear,-97,Short Buildup,bear,TRAP,25,down,BEAR TRAP,MILD BULLISH,up,mild,3,7,15.09,24565.2,0.06,24500
2026-09-27,21:02:06,2026-09-30T06:54:00,24550.5,24550.56,24547.89,24548.64,24548.6,bear,-60,EMA9<EMA21,bull,80,put writing|call unwinding,1.286,17295299,22240107,17062129,bear,-95,Short Buildup,bear,TRAP,12,down,BEAR TRAP,NEUTRAL / RANGE,neutral,mixed,0,7,15.1,24563.4,0.06,24500
2026-09-27,21:02:07,2026-09-30T06:57:00,24548.64,24549.53,24540.19,24540.87,24540.9,bear,-60,EMA9<EMA21,bull,80,put writing|call unwinding,1.288,17283746,22257382,17093597,bear,-94,Short Buildup,bear,TRAP,6,down,BEAR TRAP,MILD BULLISH,up,mild,4,7,14.95,24555.6,0.06,24500
2026-09-27,21:02:08,2026-09-30T07:00:00,24540.87,24541.73,24529.95,24531.42,24531.4,bear,-60,EMA9<EMA21,bull,80,put writing|call unwinding,1.29,17265343,22273379,17123565,bear,-94,Short Buildup,bear,TRAP,3,down,BEAR TRAP,MILD BULLISH,up,mild,4,7,14.99,24546.1,0.06,24500
2026-09-27,21:02:10,2026-09-30T07:03:00,24531.42,24533.18,24529.96,24533.0,24533.0,bear,-60,EMA9<EMA21,bull,80,put writing|call unwinding,1.293,17250989,22311384,17152376,bear,-93,Short Buildup,bear,TRAP,2,down,BEAR TRAP,MILD BULLISH,up,mild,3,7,15.13,24547.7,0.06,24500
2026-09-27,21:02:11,2026-09-30T07:06:00,24533.0,24547.1,24532.35,24546.35,24546.3,bear,-60,EMA9<EMA21,bull,80,put writing|call unwinding,1.294,17245377,22316445,17159095,bear,-80,Short Buildup,bull,TRAP,1,down,BEAR TRAP,MILD BULLISH,up,mild,3,7,15.08,24546.4,0.0,24550
2026-09-27,21:02:12,2026-09-30T07:09:00,24546.35,24547.87,24543.15,24545.87,24545.9,bear,-60,EMA9<EMA21,neutral,0,call unwinding|put unwinding,1.294,17242140,22311009,17151556,bear,-32,Long Unwinding,bull,WAIT,0,down,,MILD BULLISH,up,mild,3,7,15.18,24545.9,0.0,24550
2026-09-27,21:02:13,2026-09-30T07:12:00,24545.87,24548.32,24535.38,24537.21,24537.2,bear,-60,EMA9<EMA21,bear,-80,call writing|put unwinding,1.294,17245020,22307404,17148472,bear,-29,Long Unwinding,bull,WAIT,36,down,,NEUTRAL / RANGE,neutral,mixed,0,7,15.21,24537.2,0.0,24550
2026-09-27,21:02:15,2026-09-30T07:15:00,24537.21,24549.36,24536.18,24548.99,24549.0,bear,-60,EMA9<EMA21,bear,-80,call writing|put unwinding,1.293,17247402,22305311,17148687,bear,-49,Short Buildup,neutral,BUY PUT,53,down,,NEUTRAL / RANGE,neutral,mixed,0,7,15.15,24549.0,0.0,24550
2026-09-27,21:02:16,2026-09-30T07:18:00,24548.99,24550.63,24519.5,24520.83,24520.8,bear,-60,EMA9<EMA21,bull,80,put writing|call unwinding,1.294,17242445,22310634,17146360,bear,-28,Long Unwinding,bear,TRAP,27,down,BEAR TRAP,MILD BEARISH,down,mild,3,7,15.24,24520.8,0.0,24500
2026-09-27,21:02:17,2026-09-30T07:21:00,24520.83,24522.91,24519.38,24520.98,24521.0,bear,-60,EMA9<EMA21,neutral,0,put writing|call writing,1.294,17244312,22311780,17151184,bear,-77,Short Buildup,bear,WAIT,49,down,,MILD BEARISH,down,mild,3,7,15.18,24521.0,0.0,24500
2026-09-27,21:02:18,2026-09-30T07:24:00,24520.98,24521.59,24511.4,24512.65,24512.7,bear,-60,EMA9<EMA21,neutral,0,call unwinding|put unwinding,1.294,17243020,22307706,17158802,bear,-81,Short Buildup,bear,BUY PUT,60,down,,MILD BEARISH,down,mild,3,7,15.13,24512.6,0.0,24500
2026-09-27,21:02:20,2026-09-30T07:27:00,24512.65,24513.62,24480.64,24482.31,24482.3,bear,-60,EMA9<EMA21,neutral,0,call unwinding|put unwinding,1.294,17242726,22305117,17154837,bear,-30,Long Unwinding,bear,BUY PUT,65,down,,MILD BULLISH,up,mild,4,7,15.2,24482.3,0.0,24500
2026-09-27,21:02:21,2026-09-30T07:30:00,24482.31,24504.92,24481.68,24503.7,24503.7,bear,-60,EMA9<EMA21,bear,-80,call writing|put unwinding,1.294,17242908,22303801,17154419,bear,-22,Long Unwinding,bear,BUY PUT,82,down,,MILD BULLISH,up,mild,3,7,15.06,24503.7,0.0,24500
2026-09-27,21:02:22,2026-09-30T07:33:00,24503.7,24505.57,24495.92,24496.73,24496.7,bear,-60,EMA9<EMA21,bear,-80,call writing|put unwinding,1.293,17245950,22302763,17158682,bear,-76,Short Buildup,bear,BUY PUT,91,down,,MILD BULLISH,up,mild,3,7,15.14,24496.7,0.0,24500
2026-09-27,21:02:23,2026-09-30T07:36:00,24496.73,24506.15,24493.85,24506.1,24506.1,bear,-60,EMA9<EMA21,neutral,0,put writing|call writing,1.293,17251734,22303178,17163636,bear,-77,Short Buildup,bull,WAIT,45,down,,MILD BEARISH,down,mild,3,7,15.23,24506.1,0.0,24500
2026-09-27,21:02:24,2026-09-30T07:39:00,24506.1,24506.4,24505.69,24505.7,24505.7,bear,-60,EMA9<EMA21,bull,80,put writing|call unwinding,1.293,17246417,22304844,17170425,bear,-80,Short Buildup,neutral,TRAP,23,down,BEAR TRAP,MILD BULLISH,up,mild,3,7,15.24,24505.7,0.0,24500
2026-09-27,21:02:26,2026-09-30T07:42:00,24505.7,24506.7,24492.35,24494.4,24494.4,bear,-60,EMA9<EMA21,bear,-80,call writing|put unwinding,1.293,17250931,22301529,17176185,bear,-79,Short Buildup,neutral,WAIT,47,down,,MILD BEARISH,down,mild,3,7,15.22,24494.4,0.0,24500
2026-09-27,21:02:27,2026-09-30T07:45:00,24494.4,24497.52,24492.55,24497.04,24497.0,bear,-60,EMA9<EMA21,neutral,0,put writing|call writing,1.293,17256570,22304204,17173788,bear,-28,Long Unwinding,bear,BUY PUT,59,down,,NEUTRAL / RANGE,neutral,mixed,0,7,15.3,24497.0,0.0,24500
2026-09-27,21:02:28,2026-09-30T07:48:00,24497.04,24515.7,24496.89,24514.92,24514.9,bear,-60,EMA9<EMA21,bull,80,put writing|call unwinding,1.295,17246543,22333702,17199491,bear,-92,Short Buildup,bull,TRAP,29,down,BEAR TRAP,MILD BULLISH,up,mild,4,7,15.3,24529.6,0.06,24450
2026-09-27,21:02:29,2026-09-30T07:51:00,24514.92,24535.34,24514.37,24534.22,24534.2,bear,-60,EMA9<EMA21,bull,80,put writing|call unwinding,1.298,17233166,22362926,17259316,bear,-100,Short Buildup,bull,TRAP,15,down,BEAR TRAP,BULLISH,up,clear,5,7,15.15,24548.9,0.06,24500
2026-09-27,21:02:31,2026-09-30T07:54:00,24534.22,24550.94,24532.0,24550.16,24550.2,bear,-40,EMA9<EMA21,bull,80,put writing|call unwinding,1.301,17214512,22402069,17310566,bear,-99,Short Buildup,bull,TRAP,7,down,BEAR TRAP,BULLISH,up,clear,5,7,15.09,24564.9,0.06,24500
2026-09-27,21:02:32,2026-09-30T07:57:00,24550.16,24574.93,24550.07,24574.35,24574.3,bear,-40,EMA9<EMA21,bull,80,put writing|call unwinding,1.304,17197131,22430225,17365599,bear,-99,Short Buildup,bull,TRAP,4,down,BEAR TRAP,BULLISH,up,clear,5,7,15.05,24589.1,0.06,24500
2026-09-27,21:02:33,2026-09-30T08:00:00,24574.35,24588.25,24573.9,24586.75,24586.8,bear,-20,EMA9<EMA21,bull,80,put writing|call unwinding,1.306,17191286,22457565,17398098,bear,-94,Short Buildup,bull,WAIT,2,down,,BULLISH,up,clear,5,7,14.96,24601.5,0.06,24550
2026-09-27,21:02:34,2026-09-30T08:03:00,24586.75,24601.92,24584.96,24600.68,24600.7,bull,60,EMA9>EMA21,bull,80,put writing|call unwinding,1.309,17172507,22484007,17443114,bull,97,Long Buildup,bull,WAIT,50,up,,BULLISH,up,clear,5,7,14.93,24615.4,0.06,24550
2026-09-27,21:02:35,2026-09-30T08:06:00,24600.68,24614.48,24599.96,24611.09,24611.1,bull,60,EMA9>EMA21,bull,80,put writing|call unwinding,1.312,17153133,22502983,17484824,bull,97,Long Buildup,bull,BUY CALL,75,up,,BULLISH,up,clear,5,7,14.88,24625.9,0.06,24550
2026-09-27,21:02:37,2026-09-30T08:09:00,24611.09,24627.67,24609.63,24627.47,24627.5,bull,60,EMA9>EMA21,bull,80,put writing|call unwinding,1.314,17141611,22530991,17532535,bull,98,Long Buildup,bull,BUY CALL,87,up,,MILD BULLISH,up,mild,4,7,14.77,24642.2,0.06,24600
2026-09-27,21:02:38,2026-09-30T08:12:00,24627.47,24662.11,24625.9,24660.35,24660.3,bull,60,EMA9>EMA21,bull,80,put writing|call unwinding,1.317,17122314,22554442,17559640,bull,93,Long Buildup,bull,BUY CALL,93,up,,BULLISH,up,clear,5,7,14.71,24675.1,0.06,24600
2026-09-27,21:02:39,2026-09-30T08:15:00,24660.35,24675.04,24658.9,24674.69,24674.7,bull,60,EMA9>EMA21,bull,80,put writing|call unwinding,1.32,17108669,22587450,17607759,bull,98,Long Buildup,bull,BUY CALL,96,up,,MILD BULLISH,up,mild,4,7,14.74,24689.5,0.06,24600
2026-09-27,21:02:40,2026-09-30T08:18:00,24674.69,24700.16,24674.3,24698.21,24698.2,bull,60,EMA9>EMA21,bull,80,put writing|call unwinding,1.322,17095418,22606577,17652178,bull,97,Long Buildup,bull,BUY CALL,97,up,,BULLISH,up,clear,5,7,14.76,24713.0,0.06,24650
2026-09-27,21:02:42,2026-09-30T08:21:00,24698.21,24719.53,24697.98,24718.79,24718.8,bull,60,EMA9>EMA21,bull,80,put writing|call unwinding,1.325,17079475,22632940,17673683,bull,91,Long Buildup,bull,BUY CALL,98,up,,BULLISH,up,clear,5,7,14.8,24733.6,0.06,24650
2026-09-27,21:02:43,2026-09-30T08:24:00,24718.79,24744.25,24718.62,24743.06,24743.1,bull,60,EMA9>EMA21,bull,80,put writing|call unwinding,1.327,17069238,22651051,17693877,bull,90,Long Buildup,bull,BUY CALL,99,up,,BULLISH,up,clear,5,7,14.86,24757.9,0.06,24700
2026-09-27,21:02:44,2026-09-30T08:27:00,24743.06,24774.04,24741.29,24772.59,24772.6,bull,60,EMA9>EMA21,bull,80,put writing|call unwinding,1.329,17058491,22668772,17743166,bull,98,Long Buildup,bull,BUY CALL,99,up,,BULLISH,up,clear,5,7,14.78,24787.5,0.06,24700
2026-09-27,21:02:45,2026-09-30T08:30:00,24772.59,24795.92,24768.89,24794.74,24794.7,bull,60,EMA9>EMA21,bull,80,put writing|call unwinding,1.331,17053397,22692101,17798681,bull,99,Long Buildup,bull,BUY CALL,99,up,,BULLISH,up,clear,5,7,14.76,24809.6,0.06,24750
2026-09-27,21:02:47,2026-09-30T08:33:00,24794.74,24810.87,24794.32,24810.8,24810.8,bull,60,EMA9>EMA21,bull,80,put writing|call unwinding,1.333,17045198,22718140,17852785,bull,99,Long Buildup,bull,BUY CALL,99,up,,BULLISH,up,clear,5,7,14.69,24825.7,0.06,24750
2026-09-27,21:02:48,2026-09-30T08:36:00,24810.8,24834.32,24809.14,24834.09,24834.1,bull,60,EMA9>EMA21,bull,80,put writing|call unwinding,1.335,17035991,22744768,17903351,bull,98,Long Buildup,bull,BUY CALL,99,up,,BULLISH,up,clear,5,7,14.79,24849.0,0.06,24800
2026-09-27,21:02:49,2026-09-30T08:39:00,24834.09,24853.46,24833.35,24852.83,24852.8,bull,60,EMA9>EMA21,bull,80,put writing|call unwinding,1.337,17027103,22764300,17927368,bull,92,Long Buildup,bull,BUY CALL,99,up,,BULLISH,up,clear,5,7,14.7,24867.7,0.06,24800
2026-09-27,21:02:50,2026-09-30T08:42:00,24852.83,24869.4,24852.44,24867.79,24867.8,bull,60,EMA9>EMA21,bull,80,put writing|call unwinding,1.34,17011078,22795163,17914269,bull,34,Short Covering,bull,BUY CALL,99,up,,MILD BULLISH,up,mild,4,7,14.77,24857.8,-0.04,24800
2026-09-27,21:02:51,2026-09-30T08:45:00,24867.79,24878.6,24867.33,24878.03,24878.0,bull,60,EMA9>EMA21,bull,80,put writing|call unwinding,1.343,17001455,22825209,17902001,bull,34,Short Covering,bull,BUY CALL,99,up,,MILD BULLISH,up,mild,4,7,14.79,24868.1,-0.04,24850
2026-09-27,21:02:53,2026-09-30T08:48:00,24878.03,24897.15,24877.89,24894.58,24894.6,bull,60,EMA9>EMA21,bull,80,put writing|call unwinding,1.345,16987279,22851005,17870303,bull,38,Short Covering,bull,BUY CALL,99,up,,MILD BULLISH,up,mild,4,7,14.87,24884.6,-0.04,24850
2026-09-27,21:02:54,2026-09-30T08:51:00,24894.58,24901.15,24893.66,24899.47,24899.5,bull,60,EMA9>EMA21,bull,80,put writing|call unwinding,1.348,16976331,22885906,17844977,bull,37,Short Covering,bull,BUY CALL,99,up,,MILD BULLISH,up,mild,4,7,14.81,24889.5,-0.04,24850
2026-09-27,21:02:55,2026-09-30T08:54:00,24899.47,24920.12,24899.18,24918.83,24918.8,bull,60,EMA9>EMA21,bull,80,put writing|call unwinding,1.35,16963660,22906919,17815455,bull,37,Short Covering,bull,BUY CALL,99,up,,MILD BULLISH,up,mild,4,7,14.67,24908.9,-0.04,24850
2026-09-27,21:02:56,2026-09-30T08:57:00,24918.83,24926.83,24918.66,24925.08,24925.1,bull,60,EMA9>EMA21,bull,80,put writing|call unwinding,1.353,16951246,22940296,17799507,bull,35,Short Covering,bull,BUY CALL,99,up,,MILD BULLISH,up,mild,4,7,14.71,24915.1,-0.04,24900
2026-09-27,21:02:58,2026-09-30T09:00:00,24925.08,24948.51,24924.06,24947.74,24947.7,bull,60,EMA9>EMA21,bull,80,put writing|call unwinding,1.356,16938022,22975346,17763956,bull,38,Short Covering,bull,BUY CALL,99,up,,MILD BULLISH,up,mild,4,7,14.75,24937.8,-0.04,24900
2026-09-27,21:02:59,2026-09-30T09:03:00,24947.74,24955.87,24947.26,24955.45,24955.5,bull,60,EMA9>EMA21,bull,80,put writing|call unwinding,1.358,16923904,22990660,17737866,bull,37,Short Covering,bull,BUY CALL,99,up,,MILD BULLISH,up,mild,4,7,14.79,24945.5,-0.04,24900
2026-09-27,21:03:00,2026-09-30T09:06:00,24955.45,24956.24,24949.28,24951.29,24951.3,bull,60,EMA9>EMA21,bear,-80,call writing|put unwinding,1.356,16943899,22979415,17709001,bull,37,Short Covering,bull,TRAP,49,up,BULL TRAP,MILD BULLISH,up,mild,4,7,14.93,24941.3,-0.04,25000
2026-09-27,21:03:01,2026-09-30T09:09:00,24951.29,24952.39,24948.55,24948.75,24948.8,bull,60,EMA9>EMA21,bear,-80,call writing|put unwinding,1.354,16963464,22967206,17678325,bull,38,Short Covering,neutral,TRAP,25,up,BULL TRAP,MILD BULLISH,up,mild,3,7,14.93,24938.8,-0.04,25000
2026-09-27,21:03:03,2026-09-30T09:12:00,24948.75,24952.47,24947.43,24951.77,24951.8,bull,60,EMA9>EMA21,bear,-80,call writing|put unwinding,1.35,16999651,22950532,17647042,bull,38,Short Covering,bear,TRAP,12,up,BULL TRAP,MILD BULLISH,up,mild,4,7,14.85,24941.8,-0.04,25000
2026-09-27,21:03:04,2026-09-30T09:15:00,24951.77,24965.03,24951.27,24964.95,24965.0,bull,60,EMA9>EMA21,bear,-80,call writing|put unwinding,1.347,17025896,22931249,17623067,bull,37,Short Covering,bull,TRAP,6,up,BULL TRAP,MILD BULLISH,up,mild,4,7,14.86,24955.0,-0.04,25000
2026-09-27,21:03:05,2026-09-30T09:18:00,24964.95,24965.3,24964.37,24964.42,24964.4,bull,60,EMA9>EMA21,bear,-80,call writing|put unwinding,1.344,17051324,22921177,17611276,bull,34,Short Covering,bull,TRAP,3,up,BULL TRAP,MILD BULLISH,up,mild,4,7,14.74,24954.4,-0.04,25000
2026-09-27,21:03:06,2026-09-30T09:21:00,24964.42,24970.83,24963.94,24970.52,24970.5,bull,60,EMA9>EMA21,bear,-80,call writing|put unwinding,1.342,17070360,22901248,17587522,bull,37,Short Covering,bull,TRAP,2,up,BULL TRAP,MILD BULLISH,up,mild,4,7,14.71,24960.5,-0.04,25000
2026-09-27,21:03:07,2026-09-30T09:24:00,24970.52,24971.69,24963.03,24963.77,24963.8,bull,60,EMA9>EMA21,bear,-80,call writing|put unwinding,1.339,17101350,22893068,17569567,bull,36,Short Covering,neutral,TRAP,1,up,BULL TRAP,MILD BEARISH,down,mild,4,7,14.82,24953.8,-0.04,25000
2026-09-27,21:03:09,2026-09-30T09:27:00,24963.77,24965.06,24939.72,24941.84,24941.8,bull,60,EMA9>EMA21,bear,-80,call writing|put unwinding,1.335,17137269,22876489,17557055,bull,34,Short Covering,bear,TRAP,0,up,BULL TRAP,MILD BEARISH,down,mild,3,7,14.93,24931.9,-0.04,25000
2026-09-27,21:03:10,2026-09-30T09:30:00,24941.84,24942.23,24924.67,24926.34,24926.3,bull,60,EMA9>EMA21,bear,-80,call writing|put unwinding,1.331,17169750,22857394,17546392,bull,34,Short Covering,bear,TRAP,0,up,BULL TRAP,MILD BEARISH,down,mild,4,7,14.95,24916.4,-0.04,25000
2026-09-27,21:03:11,2026-09-30T09:33:00,24926.34,24927.56,24899.65,24900.21,24900.2,bull,60,EMA9>EMA21,bear,-80,call writing|put unwinding,1.327,17208197,22841573,17521865,bull,37,Short Covering,bear,TRAP,0,up,BULL TRAP,MILD BEARISH,down,mild,4,7,14.98,24890.3,-0.04,24950
2026-09-27,21:03:12,2026-09-30T09:36:00,24900.21,24901.56,24886.27,24886.85,24886.8,bull,60,EMA9>EMA21,bear,-80,call writing|put unwinding,1.323,17247290,22822129,17510492,bull,34,Short Covering,bear,TRAP,0,up,BULL TRAP,MILD BEARISH,down,mild,4,7,15.07,24876.9,-0.04,24950
2026-09-27,21:03:14,2026-09-30T09:39:00,24886.85,24887.48,24860.36,24861.16,24861.2,bull,40,EMA9>EMA21,bear,-80,call writing|put unwinding,1.321,17271203,22813164,17473461,bull,38,Short Covering,bear,TRAP,0,up,BULL TRAP,MILD BEARISH,down,mild,4,7,15.13,24851.2,-0.04,24900
2026-09-27,21:03:15,2026-09-30T09:42:00,24861.16,24861.19,24836.73,24837.22,24837.2,bull,20,EMA9>EMA21,bear,-80,call writing|put unwinding,1.318,17298208,22802827,17447108,bull,37,Short Covering,bear,WAIT,0,up,,MILD BEARISH,down,mild,4,7,15.03,24827.3,-0.04,24900
2026-09-27,21:03:16,2026-09-30T09:45:00,24837.22,24839.22,24821.26,24822.31,24822.3,bull,20,EMA9>EMA21,bear,-80,call writing|put unwinding,1.315,17327390,22784921,17435916,bull,34,Short Covering,bear,WAIT,0,up,,MILD BEARISH,down,mild,4,7,15.18,24812.4,-0.04,24850
2026-09-27,21:03:17,2026-09-30T09:48:00,24822.31,24823.91,24810.9,24811.59,24811.6,bear,-60,EMA9<EMA21,bear,-80,call writing|put unwinding,1.313,17353543,22777093,17401797,bear,-38,Long Unwinding,bear,WAIT,50,down,,MILD BEARISH,down,mild,4,7,15.19,24801.7,-0.04,24850
2026-09-27,21:03:19,2026-09-30T09:51:00,24811.59,24812.23,24800.04,24800.64,24800.6,bear,-60,EMA9<EMA21,bear,-80,call writing|put unwinding,1.31,17378093,22762887,17375678,bear,-37,Long Unwinding,bear,BUY PUT,74,down,,MILD BEARISH,down,mild,4,7,15.14,24790.7,-0.04,24850
2026-09-27,21:03:20,2026-09-30T09:54:00,24800.64,24800.84,24781.83,24782.66,24782.7,bear,-60,EMA9<EMA21,bear,-80,call writing|put unwinding,1.307,17411985,22751407,17345675,bear,-37,Long Unwinding,bear,BUY PUT,87,down,,MILD BEARISH,down,mild,4,7,15.17,24772.7,-0.04,24850
2026-09-27,21:03:21,2026-09-30T09:57:00,24782.66,24783.56,24751.98,24752.52,24752.5,bear,-60,EMA9<EMA21,bear,-80,call writing|put unwinding,1.303,17450641,22733236,17331392,bear,-35,Long Unwinding,bear,BUY PUT,93,down,,MILD BEARISH,down,mild,4,7,15.21,24742.6,-0.04,24800
2026-09-27,21:03:22,2026-09-30T10:00:00,24752.52,24753.81,24743.76,24744.47,24744.5,bear,-60,EMA9<EMA21,bear,-80,call writing|put unwinding,1.301,17470069,22720627,17297995,bear,-38,Long Unwinding,bear,BUY PUT,96,down,,MILD BEARISH,down,mild,4,7,15.26,24734.6,-0.04,24800
2026-09-27,21:03:23,2026-09-30T10:03:00,24744.47,24745.85,24735.85,24736.49,24736.5,bear,-60,EMA9<EMA21,bear,-80,call writing|put unwinding,1.297,17499722,22702970,17269396,bear,-37,Long Unwinding,bear,BUY PUT,97,down,,MILD BEARISH,down,mild,3,7,15.3,24726.6,-0.04,24800
2026-09-27,21:03:25,2026-09-30T10:06:00,24736.49,24737.12,24720.76,24720.83,24720.8,bear,-60,EMA9<EMA21,bear,-80,call writing|put unwinding,1.294,17537028,22685925,17238715,bear,-38,Long Unwinding,bear,BUY PUT,98,down,,MILD BEARISH,down,mild,4,7,15.36,24710.9,-0.04,24750
2026-09-27,21:03:26,2026-09-30T10:09:00,24720.83,24722.0,24700.92,24701.97,24702.0,bear,-60,EMA9<EMA21,bear,-80,call writing|put unwinding,1.291,17570412,22678107,17204514,bear,-38,Long Unwinding,bear,BUY PUT,99,down,,MILD BEARISH,down,mild,4,7,15.3,24692.1,-0.04,24750
2026-09-27,21:03:27,2026-09-30T10:12:00,24701.97,24703.11,24679.08,24679.93,24679.9,bear,-60,EMA9<EMA21,bear,-80,call writing|put unwinding,1.288,17592217,22665608,17193257,bear,-34,Long Unwinding,bear,BUY PUT,99,down,,MILD BEARISH,down,mild,4,7,15.36,24670.1,-0.04,24750
2026-09-27,21:03:28,2026-09-30T10:15:00,24679.93,24681.09,24659.47,24659.63,24659.6,bear,-60,EMA9<EMA21,bear,-80,call writing|put unwinding,1.286,17613237,22646025,17160075,bear,-38,Long Unwinding,bear,BUY PUT,99,down,,MILD BEARISH,down,mild,4,7,15.39,24649.8,-0.04,24700
2026-09-27,21:03:30,2026-09-30T10:18:00,24659.63,24659.87,24646.8,24648.93,24648.9,bear,-60,EMA9<EMA21,bull,80,put writing|call unwinding,1.288,17596641,22663848,17196481,bear,-95,Short Buildup,bear,TRAP,49,down,BEAR TRAP,NEUTRAL / RANGE,neutral,mixed,0,7,15.47,24663.7,0.06,24600
2026-09-27,21:03:31,2026-09-30T10:21:00,24648.93,24649.99,24647.7,24649.73,24649.7,bear,-60,EMA9<EMA21,bull,80,put writing|call unwinding,1.29,17582790,22679434,17218840,bear,-91,Short Buildup,bear,TRAP,25,down,BEAR TRAP,MILD BULLISH,up,mild,4,7,15.58,24664.5,0.06,24600
2026-09-27,21:03:32,2026-09-30T10:24:00,24649.73,24650.64,24645.27,24645.34,24645.3,bear,-60,EMA9<EMA21,bull,80,put writing|call unwinding,1.293,17564644,22711407,17278220,bear,-100,Short Buildup,bear,TRAP,12,down,BEAR TRAP,NEUTRAL / RANGE,neutral,mixed,0,7,15.51,24660.1,0.06,24600
2026-09-27,21:03:33,2026-09-30T10:27:00,24645.34,24645.72,24635.87,24638.19,24638.2,bear,-60,EMA9<EMA21,bull,80,put writing|call unwinding,1.295,17547101,22729134,17299270,bear,-90,Short Buildup,bear,TRAP,6,down,BEAR TRAP,MILD BULLISH,up,mild,4,7,15.42,24653.0,0.06,24600
2026-09-27,21:03:35,2026-09-30T10:30:00,24638.19,24639.6,24623.24,24624.4,24624.4,bear,-60,EMA9<EMA21,bull,80,put writing|call unwinding,1.298,17535295,22759841,17358226,bear,-100,Short Buildup,bear,TRAP,3,down,BEAR TRAP,NEUTRAL / RANGE,neutral,mixed,0,7,15.44,24639.2,0.06,24550
2026-09-27,21:03:36,2026-09-30T10:33:00,24624.4,24625.02,24610.05,24611.92,24611.9,bear,-60,EMA9<EMA21,bull,80,put writing|call unwinding,1.301,17522390,22797574,17381036,bear,-91,Short Buildup,bear,TRAP,2,down,BEAR TRAP,NEUTRAL / RANGE,neutral,mixed,0,7,15.48,24626.7,0.06,24550
2026-09-27,21:03:37,2026-09-30T10:36:00,24611.92,24621.73,24610.82,24620.7,24620.7,bear,-60,EMA9<EMA21,neutral,0,call unwinding|put unwinding,1.301,17521518,22791901,17383455,bear,-71,Short Buildup,bear,WAIT,36,down,,MILD BULLISH,up,mild,3,7,15.37,24620.7,0.0,24600
2026-09-27,21:03:38,2026-09-30T10:39:00,24620.7,24627.8,24619.52,24627.7,24627.7,bear,-60,EMA9<EMA21,neutral,0,put writing|call writing,1.301,17523412,22794631,17390419,bear,-80,Short Buildup,neutral,WAIT,18,down,,MILD BULLISH,up,mild,3,7,15.21,24627.7,0.0,24650
2026-09-27,21:03:39,2026-09-30T10:42:00,24627.7,24636.23,24626.94,24633.17,24633.2,bear,-60,EMA9<EMA21,neutral,0,put writing|call writing,1.301,17527415,22796280,17387354,bear,-29,Long Unwinding,bull,WAIT,9,down,,NEUTRAL / RANGE,neutral,mixed,0,7,15.17,24633.2,0.0,24650
2026-09-27,21:03:41,2026-09-30T10:45:00,24633.17,24635.07,24611.04,24613.54,24613.5,bear,-60,EMA9<EMA21,bull,80,put writing|call unwinding,1.301,17527247,22796693,17379995,bear,-32,Long Unwinding,bear,TRAP,5,down,BEAR TRAP,NEUTRAL / RANGE,neutral,mixed,0,7,15.21,24613.5,0.0,24600
2026-09-27,21:03:42,2026-09-30T10:48:00,24613.54,24616.67,24613.34,24616.52,24616.5,bear,-60,EMA9<EMA21,neutral,0,call unwinding|put unwinding,1.301,17522738,22794875,17383353,bear,-74,Short Buildup,bear,WAIT,38,down,,NEUTRAL / RANGE,neutral,mixed,0,7,15.19,24616.5,0.0,24600
2026-09-27,21:03:43,2026-09-30T10:51:00,24616.52,24617.81,24613.63,24614.65,24614.7,bear,-60,EMA9<EMA21,bull,80,put writing|call unwinding,1.302,17517988,22800689,17388925,bear,-78,Short Buildup,bear,TRAP,19,down,BEAR TRAP,MILD BEARISH,down,mild,3,7,15.09,24614.7,0.0,24600
2026-09-27,21:03:44,2026-09-30T10:54:00,24614.65,24616.61,24598.29,24599.14,24599.1,bear,-60,EMA9<EMA21,bull,80,put writing|call unwinding,1.302,17516349,22803765,17391694,bear,-72,Short Buildup,bear,TRAP,9,down,BEAR TRAP,MILD BULLISH,up,mild,3,7,15.11,24599.1,0.0,24600
2026-09-27,21:03:46,2026-09-30T10:57:00,24599.14,24599.5,24593.61,24593.85,24593.8,bear,-60,EMA9<EMA21,bear,-80,call writing|put unwinding,1.302,17518085,22799845,17390664,bear,-25,Long Unwinding,bear,WAIT,54,down,,MILD BULLISH,up,mild,4,7,15.13,24593.8,0.0,24600
2026-09-27,21:03:47,2026-09-30T11:00:00,24593.85,24607.31,24593.69,24605.58,24605.6,bear,-60,EMA9<EMA21,neutral,0,put writing|call writing,1.302,17521493,22805597,17391467,bear,-61,Short Buildup,bear,BUY PUT,63,down,,MILD BULLISH,up,mild,3,7,15.06,24605.6,0.0,24600
2026-09-27,21:03:48,2026-09-30T11:03:00,24605.58,24605.75,24601.4,24601.43,24601.4,bear,-60,EMA9<EMA21,neutral,0,call unwinding|put unwinding,1.301,17520921,22801312,17394240,bear,-72,Short Buildup,neutral,WAIT,31,down,,MILD BEARISH,down,mild,3,7,15.0,24601.4,0.0,24600
2026-09-27,21:03:49,2026-09-30T11:06:00,24601.43,24629.25,24598.74,24629.22,24629.2,bear,-60,EMA9<EMA21,neutral,0,call unwinding|put unwinding,1.302,17516267,22800501,17391098,bear,-29,Long Unwinding,bull,WAIT,16,down,,MILD BEARISH,down,mild,3,7,15.07,24629.2,0.0,24650
2026-09-27,21:03:51,2026-09-30T11:09:00,24629.22,24640.07,24626.59,24637.85,24637.8,bear,-60,EMA9<EMA21,neutral,0,call unwinding|put unwinding,1.302,17516055,22797979,17389546,bear,-27,Long Unwinding,bull,WAIT,8,down,,MILD BULLISH,up,mild,3,7,14.95,24637.8,0.0,24650
2026-09-27,21:03:52,2026-09-30T11:12:00,24637.85,24656.48,24637.53,24655.91,24655.9,bear,-40,EMA9<EMA21,bear,-80,call writing|put unwinding,1.301,17521693,22797674,17387338,bear,-28,Long Unwinding,bull,WAIT,37,down,,MILD BULLISH,up,mild,4,7,15.02,24655.9,0.0,24650
2026-09-27,21:03:53,2026-09-30T11:15:00,24655.91,24675.83,24655.05,24674.18,24674.2,bear,-40,EMA9<EMA21,bear,-80,call writing|put unwinding,1.301,17524812,22792866,17390942,bear,-74,Short Buildup,bull,BUY PUT,51,down,,MILD BULLISH,up,mild,3,7,14.98,24674.2,0.0,24650
2026-09-27,21:03:54,2026-09-30T11:18:00,24674.18,24685.24,24673.74,24684.48,24684.5,bear,-20,EMA9<EMA21,bull,80,put writing|call unwinding,1.303,17511640,22819481,17411257,bear,-90,Short Buildup,bull,WAIT,26,down,,BULLISH,up,clear,5,7,14.93,24699.3,0.06,24650
2026-09-27,21:03:55,2026-09-30T11:21:00,24684.48,24699.23,24683.11,24697.88,24697.9,bear,-20,EMA9<EMA21,bull,80,put writing|call unwinding,1.306,17497220,22857709,17463862,bear,-99,Short Buildup,bull,WAIT,13,down,,BULLISH,up,clear,5,7,14.96,24712.7,0.06,24650
2026-09-27,21:03:57,2026-09-30T11:24:00,24697.88,24718.58,24696.75,24718.45,24718.5,bull,60,EMA9>EMA21,bull,80,put writing|call unwinding,1.31,17484115,22897432,17520696,bull,100,Long Buildup,bull,WAIT,56,up,,BULLISH,up,clear,5,7,14.96,24733.3,0.06,24650
2026-09-27,21:03:58,2026-09-30T11:27:00,24718.45,24747.13,24718.44,24744.31,24744.3,bull,60,EMA9>EMA21,bull,80,put writing|call unwinding,1.312,17470418,22926079,17547386,bull,93,Long Buildup,bull,BUY CALL,77,up,,BULLISH,up,clear,5,7,14.92,24759.2,0.06,24700
2026-09-27,21:03:59,2026-09-30T11:30:00,24744.31,24765.95,24742.89,24765.57,24765.6,bull,60,EMA9>EMA21,bull,80,put writing|call unwinding,1.314,17458001,22942964,17581488,bull,95,Long Buildup,bull,BUY CALL,88,up,,BULLISH,up,clear,5,7,14.91,24780.4,0.06,24700
2026-09-27,21:04:00,2026-09-30T11:33:00,24765.57,24784.96,24765.05,24783.34,24783.3,bull,60,EMA9>EMA21,bull,80,put writing|call unwinding,1.317,17449164,22978525,17605287,bull,92,Long Buildup,bull,BUY CALL,94,up,,BULLISH,up,clear,5,7,14.84,24798.2,0.06,24750
2026-09-27,21:04:02,2026-09-30T11:36:00,24783.34,24799.18,24781.22,24797.91,24797.9,bull,60,EMA9>EMA21,bull,80,put writing|call unwinding,1.319,17443575,23002467,17646270,bull,97,Long Buildup,bull,BUY CALL,96,up,,BULLISH,up,clear,5,7,14.76,24812.8,0.06,24750
2026-09-27,21:04:03,2026-09-30T11:39:00,24797.91,24819.99,24796.56,24818.87,24818.9,bull,60,EMA9>EMA21,bull,80,put writing|call unwinding,1.322,17427173,23035615,17701075,bull,99,Long Buildup,bull,BUY CALL,98,up,,BULLISH,up,clear,5,7,14.7,24833.8,0.06,24750
2026-09-27,21:04:04,2026-09-30T11:42:00,24818.87,24842.49,24818.81,24842.16,24842.2,bull,60,EMA9>EMA21,bull,80,put writing|call unwinding,1.325,17413823,23067121,17736607,bull,95,Long Buildup,bull,BUY CALL,98,up,,BULLISH,up,clear,5,7,14.7,24857.1,0.06,24800
2026-09-27,21:04:05,2026-09-30T11:45:00,24842.16,24860.96,24842.16,24859.36,24859.4,bull,60,EMA9>EMA21,bull,80,put writing|call unwinding,1.326,17405262,23084250,17785496,bull,98,Long Buildup,bull,BUY CALL,99,up,,BULLISH,up,clear,5,7,14.66,24874.3,0.06,24800
2026-09-27,21:04:06,2026-09-30T11:48:00,24859.36,24863.29,24858.47,24862.81,24862.8,bull,60,EMA9>EMA21,bull,80,put writing|call unwinding,1.329,17399835,23116815,17841984,bull,99,Long Buildup,bull,BUY CALL,99,up,,BULLISH,up,clear,5,7,14.49,24877.7,0.06,24800
2026-09-27,21:04:08,2026-09-30T11:51:00,24862.81,24883.33,24862.42,24882.2,24882.2,bull,60,EMA9>EMA21,bull,80,put writing|call unwinding,1.332,17381235,23151667,17894494,bull,99,Long Buildup,bull,BUY CALL,99,up,,BULLISH,up,clear,5,7,14.5,24897.1,0.06,24850
2026-09-27,21:04:09,2026-09-30T11:54:00,24882.2,24897.43,24881.67,24897.14,24897.1,bull,60,EMA9>EMA21,bull,80,put writing|call unwinding,1.334,17372374,23176749,17916483,bull,91,Long Buildup,bull,BUY CALL,99,up,,BULLISH,up,clear,5,7,14.44,24912.1,0.06,24850
2026-09-27,21:04:10,2026-09-30T11:57:00,24897.14,24933.69,24896.0,24932.83,24932.8,bull,60,EMA9>EMA21,bull,80,put writing|call unwinding,1.337,17364676,23211366,17971298,bull,99,Long Buildup,bull,BUY CALL,99,up,,MILD BULLISH,up,mild,3,7,14.47,24947.8,0.06,24900
2026-09-27,21:04:11,2026-09-30T12:00:00,24932.83,24947.98,24932.02,24947.92,24947.9,bull,60,EMA9>EMA21,bull,80,put writing|call unwinding,1.34,17346231,23237213,18009799,bull,96,Long Buildup,bull,BUY CALL,99,up,,BULLISH,up,clear,5,7,14.36,24962.9,0.06,24900
2026-09-27,21:04:13,2026-09-30T12:03:00,24947.92,24960.1,24947.69,24957.33,24957.3,bull,60,EMA9>EMA21,bull,80,put writing|call unwinding,1.342,17340463,23271634,18042995,bull,95,Long Buildup,bull,BUY CALL,99,up,,BULLISH,up,clear,5,7,14.34,24972.3,0.06,24900
2026-09-27,21:04:14,2026-09-30T12:06:00,24957.33,24970.58,24956.78,24969.11,24969.1,bull,60,EMA9>EMA21,bull,80,put writing|call unwinding,1.344,17334003,23288650,18084086,bull,97,Long Buildup,bull,BUY CALL,99,up,,BULLISH,up,clear,5,7,14.26,24984.1,0.06,24900
2026-09-27,21:04:15,2026-09-30T12:09:00,24969.11,24990.61,24969.01,24988.06,24988.1,bull,60,EMA9>EMA21,bull,80,put writing|call unwinding,1.346,17321327,23310236,18138653,bull,99,Long Buildup,bull,BUY CALL,99,up,,BULLISH,up,clear,5,7,14.23,25003.1,0.06,24950
2026-09-27,21:04:16,2026-09-30T12:12:00,24988.06,25001.41,24987.48,25000.4,25000.4,bull,60,EMA9>EMA21,bull,80,put writing|call unwinding,1.347,17314286,23330151,18105326,bull,38,Short Covering,bull,BUY CALL,99,up,,MILD BULLISH,up,mild,4,7,14.18,24990.4,-0.04,24950
2026-09-27,21:04:18,2026-09-30T12:15:00,25000.4,25000.44,24998.96,24999.18,24999.2,bull,60,EMA9>EMA21,bull,80,put writing|call unwinding,1.351,17297014,23367249,18065516,bull,39,Short Covering,bull,BUY CALL,99,up,,NEUTRAL / RANGE,neutral,mixed,0,7,14.26,24989.2,-0.04,24950
2026-09-27,21:04:19,2026-09-30T12:18:00,24999.18,25017.31,24999.01,25016.76,25016.8,bull,60,EMA9>EMA21,bull,80,put writing|call unwinding,1.353,17278747,23385524,18039803,bull,37,Short Covering,bull,BUY CALL,99,up,,MILD BEARISH,down,mild,3,7,14.18,25006.8,-0.04,24950
2026-09-27,21:04:20,2026-09-30T12:21:00,25016.76,25027.12,25016.36,25026.55,25026.5,bull,60,EMA9>EMA21,bull,80,put writing|call unwinding,1.356,17268753,23410561,18018906,bull,36,Short Covering,bull,BUY CALL,99,up,,MILD BULLISH,up,mild,4,7,14.09,25016.5,-0.04,25000
2026-09-27,21:04:21,2026-09-30T12:24:00,25026.55,25049.09,25026.31,25048.56,25048.6,bull,60,EMA9>EMA21,bull,80,put writing|call unwinding,1.358,17261271,23432212,17997371,bull,36,Short Covering,bull,BUY CALL,99,up,,MILD BULLISH,up,mild,3,7,14.05,25038.5,-0.04,25000
2026-09-27,21:04:23,2026-09-30T12:27:00,25048.56,25064.09,25048.34,25062.82,25062.8,bull,60,EMA9>EMA21,bull,80,put writing|call unwinding,1.36,17247895,23463248,17967200,bull,38,Short Covering,bull,BUY CALL,99,up,,MILD BULLISH,up,mild,3,7,14.12,25052.8,-0.04,25000
2026-09-27,21:04:24,2026-09-30T12:30:00,25062.82,25071.71,25062.37,25071.05,25071.0,bull,60,EMA9>EMA21,bull,80,put writing|call unwinding,1.363,17236122,23484818,17945440,bull,36,Short Covering,bull,BUY CALL,99,up,,MILD BULLISH,up,mild,4,7,14.09,25061.0,-0.04,25000
2026-09-27,21:04:25,2026-09-30T12:33:00,25071.05,25089.76,25069.29,25089.43,25089.4,bull,60,EMA9>EMA21,bull,80,put writing|call unwinding,1.365,17221299,23511117,17929520,bull,35,Short Covering,bull,BUY CALL,99,up,,MILD BULLISH,up,mild,4,7,14.03,25079.4,-0.04,25050
2026-09-27,21:04:26,2026-09-30T12:36:00,25089.43,25090.63,25086.42,25090.4,25090.4,bull,60,EMA9>EMA21,bear,-80,call writing|put unwinding,1.361,17254984,23491706,17907575,bull,36,Short Covering,bull,TRAP,49,up,BULL TRAP,MILD BULLISH,up,mild,3,7,13.91,25080.4,-0.04,25150
2026-09-27,21:04:27,2026-09-30T12:39:00,25090.4,25098.7,25089.65,25097.26,25097.3,bull,60,EMA9>EMA21,bear,-80,call writing|put unwinding,1.357,17291035,23471725,17892110,bull,35,Short Covering,bull,TRAP,25,up,BULL TRAP,MILD BULLISH,up,mild,4,7,14.01,25087.2,-0.04,25150
2026-09-27,21:04:29,2026-09-30T12:42:00,25097.26,25101.58,25096.93,25101.17,25101.2,bull,60,EMA9>EMA21,bear,-80,call writing|put unwinding,1.355,17317683,23463075,17865930,bull,37,Short Covering,bull,TRAP,12,up,BULL TRAP,NEUTRAL / RANGE,neutral,mixed,0,7,13.88,25091.1,-0.04,25150
2026-09-27,21:04:30,2026-09-30T12:45:00,25101.17,25105.77,25101.13,25104.98,25105.0,bull,60,EMA9>EMA21,bear,-80,call writing|put unwinding,1.353,17338470,23453606,17846472,bull,36,Short Covering,bull,TRAP,6,up,BULL TRAP,MILD BULLISH,up,mild,4,7,13.9,25094.9,-0.04,25150
2026-09-27,21:04:31,2026-09-30T12:48:00,25104.98,25105.24,25101.02,25102.49,25102.5,bull,60,EMA9>EMA21,bear,-80,call writing|put unwinding,1.349,17365332,23433816,17817506,bull,37,Short Covering,bull,TRAP,3,up,BULL TRAP,MILD BULLISH,up,mild,4,7,13.91,25092.5,-0.04,25150
2026-09-27,21:04:32,2026-09-30T12:51:00,25102.49,25107.91,25101.51,25107.39,25107.4,bull,60,EMA9>EMA21,bear,-80,call writing|put unwinding,1.346,17403126,23427986,17786516,bull,38,Short Covering,bull,TRAP,2,up,BULL TRAP,MILD BULLISH,up,mild,4,7,13.99,25097.3,-0.04,25150
2026-09-27,21:04:34,2026-09-30T12:54:00,25107.39,25107.67,25082.16,25083.05,25083.0,bull,60,EMA9>EMA21,bear,-80,call writing|put unwinding,1.344,17421212,23417836,17771890,bull,35,Short Covering,bear,TRAP,1,up,BULL TRAP,NEUTRAL / RANGE,neutral,mixed,0,7,13.95,25073.0,-0.04,25150
2026-09-27,21:04:35,2026-09-30T12:57:00,25083.05,25084.28,25068.06,25070.28,25070.3,bull,60,EMA9>EMA21,bear,-80,call writing|put unwinding,1.341,17460635,23408911,17757049,bull,35,Short Covering,bear,TRAP,0,up,BULL TRAP,BEARISH,down,clear,5,7,14.09,25060.3,-0.04,25100
2026-09-27,21:04:36,2026-09-30T13:00:00,25070.28,25070.69,25041.64,25042.94,25042.9,bull,60,EMA9>EMA21,bear,-80,call writing|put unwinding,1.337,17498901,23391445,17743675,bull,35,Short Covering,bear,TRAP,0,up,BULL TRAP,MILD BEARISH,down,mild,4,7,13.95,25032.9,-0.04,25100
2026-09-27,21:04:37,2026-09-30T13:03:00,25042.94,25043.05,25025.38,25025.87,25025.9,bull,60,EMA9>EMA21,bear,-80,call writing|put unwinding,1.333,17530186,23373418,17707072,bull,38,Short Covering,bear,TRAP,0,up,BULL TRAP,NEUTRAL / RANGE,neutral,mixed,0,7,14.08,25015.9,-0.04,25100
2026-09-27,21:04:38,2026-09-30T13:06:00,25025.87,25026.61,25004.71,25005.46,25005.5,bull,40,EMA9>EMA21,bear,-80,call writing|put unwinding,1.33,17564030,23357159,17692277,bull,35,Short Covering,bear,TRAP,0,up,BULL TRAP,MILD BEARISH,down,mild,4,7,14.07,24995.5,-0.04,25050
2026-09-27,21:04:40,2026-09-30T13:09:00,25005.46,25007.37,24989.16,24990.34,24990.3,bull,40,EMA9>EMA21,bear,-80,call writing|put unwinding,1.327,17600685,23348168,17665902,bull,37,Short Covering,bear,TRAP,0,up,BULL TRAP,MILD BEARISH,down,mild,4,7,14.14,24980.3,-0.04,25050
2026-09-27,21:04:41,2026-09-30T13:12:00,24990.34,24991.03,24971.18,24971.22,24971.2,bull,20,EMA9>EMA21,bear,-80,call writing|put unwinding,1.324,17619436,23334270,17638347,bull,37,Short Covering,bear,WAIT,0,up,,MILD BEARISH,down,mild,4,7,14.14,24961.2,-0.04,25000
2026-09-27,21:04:42,2026-09-30T13:15:00,24971.22,24972.08,24944.38,24945.0,24945.0,bear,-60,EMA9<EMA21,bear,-80,call writing|put unwinding,1.322,17649319,23326217,17609048,bear,-37,Long Unwinding,bear,WAIT,50,down,,MILD BEARISH,down,mild,4,7,14.18,24935.0,-0.04,25000
2026-09-27,21:04:43,2026-09-30T13:18:00,24945.0,24946.27,24930.14,24930.31,24930.3,bear,-60,EMA9<EMA21,bear,-80,call writing|put unwinding,1.318,17685262,23314174,17585023,bear,-37,Long Unwinding,bear,BUY PUT,74,down,,MILD BEARISH,down,mild,4,7,14.18,24920.3,-0.04,25000
2026-09-27,21:04:45,2026-09-30T13:21:00,24930.31,24930.71,24916.85,24918.6,24918.6,bear,-60,EMA9<EMA21,bear,-80,call writing|put unwinding,1.315,17724445,23306327,17568761,bear,-35,Long Unwinding,bear,BUY PUT,87,down,,MILD BEARISH,down,mild,4,7,14.24,24908.6,-0.04,24950
2026-09-27,21:04:46,2026-09-30T13:24:00,24918.6,24918.75,24893.56,24894.29,24894.3,bear,-60,EMA9<EMA21,bear,-80,call writing|put unwinding,1.312,17751440,23295469,17535103,bear,-38,Long Unwinding,bear,BUY PUT,93,down,,MILD BEARISH,down,mild,4,7,14.3,24884.3,-0.04,24950
2026-09-27,21:04:47,2026-09-30T13:27:00,24894.29,24894.57,24881.13,24881.84,24881.8,bear,-60,EMA9<EMA21,bear,-80,call writing|put unwinding,1.31,17781050,23287378,17518897,bear,-35,Long Unwinding,bear,BUY PUT,96,down,,MILD BEARISH,down,mild,4,7,14.38,24871.9,-0.04,24950
2026-09-27,21:04:48,2026-09-30T13:30:00,24881.84,24882.01,24859.18,24859.33,24859.3,bear,-60,EMA9<EMA21,bear,-80,call writing|put unwinding,1.307,17806461,23274842,17485072,bear,-38,Long Unwinding,bear,BUY PUT,97,down,,NEUTRAL / RANGE,neutral,mixed,0,7,14.24,24849.4,-0.04,24900
2026-09-27,21:04:50,2026-09-30T13:33:00,24859.33,24860.89,24853.37,24853.82,24853.8,bear,-60,EMA9<EMA21,bear,-80,call writing|put unwinding,1.304,17836867,23264477,17446090,bear,-38,Long Unwinding,bear,BUY PUT,98,down,,MILD BEARISH,down,mild,3,7,14.25,24843.9,-0.04,24900
2026-09-27,21:04:51,2026-09-30T13:36:00,24853.82,24854.14,24827.07,24829.31,24829.3,bear,-60,EMA9<EMA21,bear,-80,call writing|put unwinding,1.302,17855178,23249448,17409761,bear,-38,Long Unwinding,bear,BUY PUT,99,down,,MILD BEARISH,down,mild,4,7,14.29,24819.4,-0.04,24900
2026-09-27,21:04:52,2026-09-30T13:39:00,24829.31,24829.59,24802.18,24802.51,24802.5,bear,-60,EMA9<EMA21,bear,-80,call writing|put unwinding,1.299,17886706,23242863,17392037,bear,-36,Long Unwinding,bear,BUY PUT,99,down,,MILD BEARISH,down,mild,3,7,14.21,24792.6,-0.04,24850
2026-09-27,21:04:53,2026-09-30T13:42:00,24802.51,24802.63,24781.78,24782.44,24782.4,bear,-60,EMA9<EMA21,bear,-80,call writing|put unwinding,1.296,17925385,23233127,17353448,bear,-38,Long Unwinding,bear,BUY PUT,99,down,,NEUTRAL / RANGE,neutral,mixed,0,7,14.31,24772.5,-0.04,24850
2026-09-27,21:04:54,2026-09-30T13:45:00,24782.44,24783.17,24754.82,24757.21,24757.2,bear,-60,EMA9<EMA21,bear,-80,call writing|put unwinding,1.293,17958316,23220181,17336501,bear,-35,Long Unwinding,bear,BUY PUT,99,down,,MILD BEARISH,down,mild,4,7,14.28,24747.3,-0.04,24800
2026-09-27,21:04:56,2026-09-30T13:48:00,24757.21,24757.24,24746.45,24746.87,24746.9,bear,-60,EMA9<EMA21,bull,80,put writing|call unwinding,1.296,17942022,23259218,17357917,bear,-91,Short Buildup,bear,TRAP,49,down,BEAR TRAP,MILD BULLISH,up,mild,3,7,14.24,24761.7,0.06,24700
2026-09-27,21:04:57,2026-09-30T13:51:00,24746.87,24748.1,24727.6,24729.51,24729.5,bear,-60,EMA9<EMA21,bull,80,put writing|call unwinding,1.299,17925484,23293436,17398801,bear,-97,Short Buildup,bear,TRAP,25,down,BEAR TRAP,MILD BULLISH,up,mild,4,7,14.32,24744.4,0.06,24700
2026-09-27,21:04:58,2026-09-30T13:54:00,24729.51,24731.8,24715.32,24716.27,24716.3,bear,-60,EMA9<EMA21,bull,80,put writing|call unwinding,1.303,17908449,23329670,17422833,bear,-92,Short Buildup,bear,TRAP,12,down,BEAR TRAP,MILD BULLISH,up,mild,4,7,14.34,24731.1,0.06,24650
2026-09-27,21:04:59,2026-09-30T13:57:00,24716.27,24716.75,24712.13,24713.87,24713.9,bear,-60,EMA9<EMA21,bull,80,put writing|call unwinding,1.305,17899317,23351931,17467271,bear,-97,Short Buildup,bear,TRAP,6,down,BEAR TRAP,NEUTRAL / RANGE,neutral,mixed,0,7,14.37,24728.7,0.06,24650
2026-09-27,21:05:01,2026-09-30T14:00:00,24713.87,24715.58,24713.58,24715.06,24715.1,bear,-60,EMA9<EMA21,bull,80,put writing|call unwinding,1.307,17887045,23385337,17520345,bear,-99,Short Buildup,bear,TRAP,3,down,BEAR TRAP,MILD BULLISH,up,mild,4,7,14.41,24729.9,0.06,24650
2026-09-27,21:05:02,2026-09-30T14:03:00,24715.06,24716.02,24709.99,24711.74,24711.7,bear,-60,EMA9<EMA21,bull,80,put writing|call unwinding,1.309,17879716,23402721,17562149,bear,-97,Short Buildup,bear,TRAP,2,down,BEAR TRAP,MILD BULLISH,up,mild,4,7,14.34,24726.6,0.06,24650
2026-09-27,21:05:03,2026-09-30T14:06:00,24711.74,24714.12,24709.53,24712.26,24712.3,bear,-60,EMA9<EMA21,bull,80,put writing|call unwinding,1.309,17874196,23405210,17558538,bear,-30,Long Unwinding,bear,TRAP,1,down,BEAR TRAP,MILD BULLISH,up,mild,3,7,14.34,24712.3,0.0,24700
2026-09-27,21:05:04,2026-09-30T14:09:00,24712.26,24713.48,24708.7,24708.84,24708.8,bear,-60,EMA9<EMA21,bull,80,put writing|call unwinding,1.31,17872279,23405398,17565269,bear,-80,Short Buildup,bear,TRAP,0,down,BEAR TRAP,MILD BULLISH,up,mild,4,7,14.36,24708.8,0.0,24700
2026-09-27,21:05:06,2026-09-30T14:12:00,24708.84,24726.56,24707.2,24726.22,24726.2,bear,-60,EMA9<EMA21,bear,-80,call writing|put unwinding,1.309,17872720,23400943,17565349,bear,-40,Short Buildup,bull,WAIT,36,down,,NEUTRAL / RANGE,neutral,mixed,0,7,14.32,24726.2,0.0,24750
2026-09-27,21:05:07,2026-09-30T14:15:00,24726.22,24727.53,24713.17,24715.5,24715.5,bear,-60,EMA9<EMA21,bull,80,put writing|call unwinding,1.31,17871357,23405058,17564533,bear,-24,Long Unwinding,neutral,TRAP,18,down,BEAR TRAP,MILD BULLISH,up,mild,3,7,14.32,24715.5,0.0,24700
2026-09-27,21:05:08,2026-09-30T14:18:00,24715.5,24726.99,24714.78,24726.87,24726.9,bear,-60,EMA9<EMA21,neutral,0,put writing|call writing,1.31,17871871,23410769,17560939,bear,-30,Long Unwinding,bull,WAIT,9,down,,MILD BULLISH,up,mild,3,7,14.3,24726.9,0.0,24750
2026-09-27,21:05:09,2026-09-30T14:21:00,24726.87,24729.7,24725.67,24728.68,24728.7,bear,-60,EMA9<EMA21,bull,80,put writing|call unwinding,1.31,17867626,23415516,17553139,bear,-33,Long Unwinding,neutral,TRAP,4,down,BEAR TRAP,MILD BULLISH,up,mild,3,7,14.18,24728.7,0.0,24750
2026-09-27,21:05:10,2026-09-30T14:24:00,24728.68,24732.67,24726.96,24730.74,24730.7,bear,-60,EMA9<EMA21,bull,80,put writing|call unwinding,1.311,17862750,23419471,17558897,bear,-79,Short Buildup,bull,TRAP,2,down,BEAR TRAP,MILD BEARISH,down,mild,3,7,14.05,24730.7,0.0,24750
2026-09-27,21:05:12,2026-09-30T14:27:00,24730.74,24743.44,24730.31,24742.62,24742.6,bear,-60,EMA9<EMA21,bear,-80,call writing|put unwinding,1.311,17868084,23416910,17551151,bear,-33,Long Unwinding,bull,WAIT,37,down,,MILD BULLISH,up,mild,4,7,14.0,24742.6,0.0,24750
2026-09-27,21:05:13,2026-09-30T14:30:00,24742.62,24743.32,24735.92,24736.78,24736.8,bear,-60,EMA9<EMA21,bear,-80,call writing|put unwinding,1.31,17868350,23412674,17556641,bear,-78,Short Buildup,bull,BUY PUT,54,down,,MILD BULLISH,up,mild,2,7,14.0,24736.8,0.0,24750
2026-09-27,21:05:14,2026-09-30T14:33:00,24736.78,24753.71,24736.33,24753.6,24753.6,bear,-60,EMA9<EMA21,neutral,0,put writing|call writing,1.31,17871644,23416534,17549062,bear,-32,Long Unwinding,bull,WAIT,27,down,,NEUTRAL / RANGE,neutral,mixed,0,7,13.94,24753.6,0.0,24750
2026-09-27,21:05:15,2026-09-30T14:36:00,24753.6,24759.92,24753.03,24759.63,24759.6,bear,-60,EMA9<EMA21,bear,-80,call writing|put unwinding,1.31,17872455,23415369,17549049,bear,-10,Long Unwinding,bull,WAIT,49,down,,MILD BEARISH,down,mild,3,7,14.18,24759.6,0.0,24750
2026-09-27,21:05:17,2026-09-30T14:39:00,24759.63,24759.94,24753.28,24754.17,24754.2,bear,-60,EMA9<EMA21,bull,80,put writing|call unwinding,1.311,17868056,23416477,17552490,bear,-74,Short Buildup,bull,TRAP,24,down,BEAR TRAP,MILD BEARISH,down,mild,3,7,14.16,24754.2,0.0,24750
2026-09-27,21:05:18,2026-09-30T14:42:00,24754.17,24759.94,24753.87,24756.9,24756.9,bear,-60,EMA9<EMA21,bull,80,put writing|call unwinding,1.311,17865327,23421975,17545758,bear,-32,Long Unwinding,bull,TRAP,12,down,BEAR TRAP,MILD BULLISH,up,mild,2,7,14.18,24756.9,0.0,24750
2026-09-27,21:05:19,2026-09-30T14:45:00,24756.9,24768.0,24756.18,24767.25,24767.2,bear,-40,EMA9<EMA21,bull,80,put writing|call unwinding,1.312,17861965,23426386,17539279,bear,-32,Long Unwinding,bull,TRAP,6,down,BEAR TRAP,NEUTRAL / RANGE,neutral,mixed,0,7,14.05,24767.3,0.0,24750
2026-09-27,21:05:20,2026-09-30T14:48:00,24767.25,24786.5,24765.81,24784.46,24784.5,bear,-40,EMA9<EMA21,bull,80,put writing|call unwinding,1.314,17850595,23454369,17579586,bear,-96,Short Buildup,bull,TRAP,3,down,BEAR TRAP,BULLISH,up,clear,5,7,14.03,24799.3,0.06,24750
2026-09-27,21:05:22,2026-09-30T14:51:00,24784.46,24806.78,24784.25,24805.9,24805.9,bear,-20,EMA9<EMA21,bull,80,put writing|call unwinding,1.315,17845088,23474954,17619634,bear,-96,Short Buildup,bull,WAIT,2,down,,BULLISH,up,clear,5,7,14.08,24820.8,0.06,24750
2026-09-27,21:05:23,2026-09-30T14:54:00,24805.9,24834.9,24805.39,24834.09,24834.1,bull,60,EMA9>EMA21,bull,80,put writing|call unwinding,1.318,17831027,23493091,17648180,bull,93,Long Buildup,bull,WAIT,50,up,,BULLISH,up,clear,5,7,14.01,24849.0,0.06,24800
2026-09-27,21:05:24,2026-09-30T14:57:00,24834.09,24846.23,24833.36,24845.43,24845.4,bull,60,EMA9>EMA21,bull,80,put writing|call unwinding,1.32,17814232,23522968,17693639,bull,97,Long Buildup,bull,BUY CALL,75,up,,BULLISH,up,clear,5,7,14.07,24860.3,0.06,24800
2026-09-27,21:05:25,2026-09-30T15:00:00,24845.43,24869.05,24844.36,24867.99,24868.0,bull,60,EMA9>EMA21,bull,80,put writing|call unwinding,1.322,17801579,23541886,17746906,bull,99,Long Buildup,bull,BUY CALL,87,up,,BULLISH,up,clear,5,7,14.14,24882.9,0.06,24800
2026-09-27,21:05:26,2026-09-30T15:03:00,24867.99,24888.54,24867.35,24888.33,24888.3,bull,60,EMA9>EMA21,bull,80,put writing|call unwinding,1.325,17784057,23565425,17781912,bull,95,Long Buildup,bull,BUY CALL,93,up,,BULLISH,up,clear,5,7,14.03,24903.3,0.06,24850
2026-09-27,21:05:28,2026-09-30T15:06:00,24888.33,24893.95,24887.68,24892.73,24892.7,bull,60,EMA9>EMA21,bull,80,put writing|call unwinding,1.327,17770190,23587841,17840656,bull,100,Long Buildup,bull,BUY CALL,96,up,,BULLISH,up,clear,5,7,14.0,24907.7,0.06,24850
2026-09-27,21:05:29,2026-09-30T15:09:00,24892.73,24897.26,24892.21,24897.1,24897.1,bull,60,EMA9>EMA21,bull,80,put writing|call unwinding,1.331,17751272,23623554,17899716,bull,100,Long Buildup,bull,BUY CALL,97,up,,BULLISH,up,clear,5,7,13.91,24912.0,0.06,24850
2026-09-27,21:05:30,2026-09-30T15:12:00,24897.1,24917.02,24895.59,24916.68,24916.7,bull,60,EMA9>EMA21,bull,80,put writing|call unwinding,1.334,17735091,23662936,17945788,bull,98,Long Buildup,bull,BUY CALL,98,up,,BULLISH,up,clear,5,7,13.84,24931.6,0.06,24850
2026-09-27,21:05:31,2026-09-30T15:15:00,24916.68,24939.93,24916.43,24939.47,24939.5,bull,60,EMA9>EMA21,bull,80,put writing|call unwinding,1.337,17726156,23694254,17980082,bull,95,Long Buildup,bull,BUY CALL,99,up,,BULLISH,up,clear,5,7,13.84,24954.4,0.06,24900
2026-09-27,21:05:33,2026-09-30T15:18:00,24939.47,24960.37,24938.74,24959.7,24959.7,bull,60,EMA9>EMA21,bull,80,put writing|call unwinding,1.34,17710613,23728674,18026256,bull,98,Long Buildup,bull,BUY CALL,99,up,,BULLISH,up,clear,5,7,13.73,24974.7,0.06,24900
2026-09-27,21:05:34,2026-09-30T15:21:00,24959.7,24988.32,24958.3,24987.15,24987.2,bull,60,EMA9>EMA21,bull,80,put writing|call unwinding,1.342,17702505,23748046,18070550,bull,97,Long Buildup,bull,BUY CALL,99,up,,MILD BULLISH,up,mild,4,7,13.72,25002.1,0.06,24950
2026-09-27,21:05:35,2026-09-30T15:24:00,24987.15,25026.71,24986.41,25024.36,25024.4,bull,60,EMA9>EMA21,bull,80,put writing|call unwinding,1.344,17684631,23768967,18094419,bull,92,Long Buildup,bull,BUY CALL,99,up,,BULLISH,up,clear,5,7,13.75,25039.4,0.06,24950
2026-09-27,21:05:36,2026-09-30T15:27:00,25024.36,25044.69,25022.39,25044.61,25044.6,bull,60,EMA9>EMA21,bull,80,put writing|call unwinding,1.346,17674246,23792040,18144560,bull,98,Long Buildup,bull,BUY CALL,99,up,,BULLISH,up,clear,5,7,13.7,25059.6,0.06,25000
2026-09-27,21:05:38,2026-09-30T15:30:00,25044.61,25082.34,25044.28,25081.02,25081.0,bull,60,EMA9>EMA21,bull,80,put writing|call unwinding,1.348,17661732,23815926,18181269,bull,96,Long Buildup,bull,BUY CALL,99,up,,BULLISH,up,clear,5,7,13.71,25096.1,0.06,25050
2026-09-27,21:05:39,2026-09-30T15:33:00,25081.02,25093.79,25080.25,25092.71,25092.7,bull,60,EMA9>EMA21,bull,80,put writing|call unwinding,1.351,17644830,23842248,18202264,bull,90,Long Buildup,bull,BUY CALL,99,up,,BULLISH,up,clear,5,7,13.64,25107.8,0.06,25050
2026-09-27,21:05:40,2026-09-30T15:36:00,25092.71,25109.82,25090.86,25109.18,25109.2,bull,60,EMA9>EMA21,bull,80,put writing|call unwinding,1.354,17637103,23880840,18225955,bull,92,Long Buildup,bull,BUY CALL,99,up,,BULLISH,up,clear,5,7,13.57,25124.2,0.06,25050
2026-09-27,21:05:41,2026-09-30T15:39:00,25109.18,25116.67,25107.95,25114.63,25114.6,bull,60,EMA9>EMA21,bull,80,put writing|call unwinding,1.357,17618081,23907576,18264989,bull,96,Long Buildup,bull,BUY CALL,99,up,,BULLISH,up,clear,5,7,13.5,25129.7,0.06,25050
2026-09-27,21:05:42,2026-09-30T15:42:00,25114.63,25135.12,25113.64,25134.54,25134.5,bull,60,EMA9>EMA21,bull,80,put writing|call unwinding,1.359,17604711,23930873,18243843,bull,36,Short Covering,bull,BUY CALL,99,up,,MILD BULLISH,up,mild,3,7,13.6,25124.5,-0.04,25100
2026-09-27,21:05:44,2026-09-30T15:45:00,25134.54,25152.84,25133.26,25152.79,25152.8,bull,60,EMA9>EMA21,bull,80,put writing|call unwinding,1.361,17594401,23947983,18211151,bull,38,Short Covering,bull,BUY CALL,99,up,,MILD BULLISH,up,mild,4,7,13.53,25142.7,-0.04,25100
2026-09-27,21:05:45,2026-09-30T15:48:00,25152.79,25178.83,25152.07,25177.11,25177.1,bull,60,EMA9>EMA21,bull,80,put writing|call unwinding,1.363,17586889,23977762,18192330,bull,36,Short Covering,bull,BUY CALL,99,up,,MILD BULLISH,up,mild,4,7,13.52,25167.0,-0.04,25150
2026-09-27,21:05:46,2026-09-30T15:51:00,25177.11,25198.06,25176.86,25196.8,25196.8,bull,60,EMA9>EMA21,bull,80,put writing|call unwinding,1.367,17571781,24013429,18163086,bull,37,Short Covering,bull,BUY CALL,99,up,,NEUTRAL / RANGE,neutral,mixed,0,7,13.52,25186.7,-0.04,25150
2026-09-27,21:05:47,2026-09-30T15:54:00,25196.8,25198.08,25196.32,25197.88,25197.9,bull,60,EMA9>EMA21,bull,80,put writing|call unwinding,1.37,17556064,24053267,18152245,bull,34,Short Covering,bull,BUY CALL,99,up,,NEUTRAL / RANGE,neutral,mixed,0,7,13.52,25187.8,-0.04,25150
2026-09-27,21:05:49,2026-09-30T15:57:00,25197.88,25202.4,25197.07,25202.14,25202.1,bull,60,EMA9>EMA21,bull,80,put writing|call unwinding,1.372,17544299,24071291,18118784,bull,38,Short Covering,bull,BUY CALL,99,up,,MILD BULLISH,up,mild,4,7,13.63,25192.1,-0.04,25150
2026-09-27,21:05:50,2026-09-30T16:00:00,25202.14,25218.68,25200.58,25218.63,25218.6,bull,60,EMA9>EMA21,bull,80,put writing|call unwinding,1.374,17532657,24087611,18083347,bull,38,Short Covering,bull,BUY CALL,99,up,,MILD BULLISH,up,mild,4,7,13.61,25208.5,-0.04,25150
2026-09-27,21:05:51,2026-09-30T16:03:00,25218.63,25221.64,25216.89,25221.35,25221.3,bull,60,EMA9>EMA21,bull,80,put writing|call unwinding,1.377,17515129,24125410,18070990,bull,34,Short Covering,bull,BUY CALL,99,up,,MILD BULLISH,up,mild,4,7,13.61,25211.3,-0.04,25150
2026-09-27,21:05:52,2026-09-30T16:06:00,25221.35,25221.47,25220.59,25221.46,25221.5,bull,60,EMA9>EMA21,bear,-80,call writing|put unwinding,1.375,17537708,24110392,18041555,bull,37,Short Covering,bull,TRAP,49,up,BULL TRAP,NEUTRAL / RANGE,neutral,mixed,0,7,13.51,25211.4,-0.04,25250
2026-09-27,21:05:53,2026-09-30T16:09:00,25221.46,25224.26,25220.87,25221.33,25221.3,bull,60,EMA9>EMA21,bear,-80,call writing|put unwinding,1.371,17567777,24093661,18020439,bull,36,Short Covering,bull,TRAP,25,up,BULL TRAP,MILD BULLISH,up,mild,4,7,13.43,25211.2,-0.04,25250
2026-09-27,21:05:55,2026-09-30T16:12:00,25221.33,25233.52,25221.14,25233.42,25233.4,bull,60,EMA9>EMA21,bear,-80,call writing|put unwinding,1.368,17600283,24080258,17982492,bull,38,Short Covering,bull,TRAP,12,up,BULL TRAP,MILD BULLISH,up,mild,4,7,13.32,25223.3,-0.04,25300
2026-09-27,21:05:56,2026-09-30T16:15:00,25233.42,25236.03,25232.38,25236.0,25236.0,bull,60,EMA9>EMA21,bear,-80,call writing|put unwinding,1.366,17621584,24063536,17962931,bull,36,Short Covering,bull,TRAP,6,up,BULL TRAP,MILD BULLISH,up,mild,4,7,13.39,25225.9,-0.04,25300
2026-09-27,21:05:57,2026-09-30T16:18:00,25236.0,25240.37,25235.42,25240.28,25240.3,bull,60,EMA9>EMA21,bear,-80,call writing|put unwinding,1.362,17652416,24047035,17946999,bull,35,Short Covering,bull,TRAP,3,up,BULL TRAP,MILD BULLISH,up,mild,3,7,13.41,25230.2,-0.04,25300
2026-09-27,21:05:58,2026-09-30T16:21:00,25240.28,25253.15,25239.16,25252.52,25252.5,bull,60,EMA9>EMA21,bear,-80,call writing|put unwinding,1.36,17672918,24031834,17936786,bull,34,Short Covering,bull,TRAP,2,up,BULL TRAP,MILD BULLISH,up,mild,3,7,13.42,25242.4,-0.04,25300
2026-09-27,21:06:00,2026-09-30T16:24:00,25252.52,25253.83,25231.7,25232.36,25232.4,bull,60,EMA9>EMA21,bear,-80,call writing|put unwinding,1.356,17711004,24012367,17908294,bull,37,Short Covering,neutral,TRAP,1,up,BULL TRAP,MILD BEARISH,down,mild,4,7,13.43,25222.3,-0.04,25300
2026-09-27,21:06:01,2026-09-30T16:27:00,25232.36,25232.45,25212.91,25213.67,25213.7,bull,60,EMA9>EMA21,bear,-80,call writing|put unwinding,1.352,17746159,24000845,17871977,bull,38,Short Covering,bear,TRAP,0,up,BULL TRAP,MILD BEARISH,down,mild,4,7,13.43,25203.6,-0.04,25250
2026-09-27,21:06:02,2026-09-30T16:30:00,25213.67,25214.52,25199.67,25200.88,25200.9,bull,60,EMA9>EMA21,bear,-80,call writing|put unwinding,1.35,17775012,23993916,17848941,bull,37,Short Covering,bear,TRAP,0,up,BULL TRAP,MILD BEARISH,down,mild,4,7,13.45,25190.8,-0.04,25250
2026-09-27,21:06:03,2026-09-30T16:33:00,25200.88,25200.98,25181.28,25181.49,25181.5,bull,60,EMA9>EMA21,bear,-80,call writing|put unwinding,1.348,17800990,23987211,17826624,bull,36,Short Covering,bear,TRAP,0,up,BULL TRAP,MILD BEARISH,down,mild,4,7,13.56,25171.4,-0.04,25250
2026-09-27,21:06:04,2026-09-30T16:36:00,25181.49,25181.5,25164.92,25166.1,25166.1,bull,60,EMA9>EMA21,bear,-80,call writing|put unwinding,1.345,17827901,23978777,17811930,bull,35,Short Covering,bear,TRAP,0,up,BULL TRAP,MILD BEARISH,down,mild,4,7,13.51,25156.0,-0.04,25200
2026-09-27,21:06:06,2026-09-30T16:39:00,25166.1,25166.26,25137.89,25139.97,25140.0,bull,40,EMA9>EMA21,bear,-80,call writing|put unwinding,1.342,17864440,23971512,17799336,bull,34,Short Covering,bear,TRAP,0,up,BULL TRAP,MILD BEARISH,down,mild,4,7,13.47,25129.9,-0.04,25200
2026-09-27,21:06:07,2026-09-30T16:42:00,25139.97,25140.9,25126.25,25127.03,25127.0,bull,40,EMA9>EMA21,bear,-80,call writing|put unwinding,1.339,17895036,23965007,17781932,bull,36,Short Covering,bear,TRAP,0,up,BULL TRAP,MILD BEARISH,down,mild,4,7,13.52,25117.0,-0.04,25200
2026-09-27,21:06:08,2026-09-30T16:45:00,25127.03,25128.59,25107.41,25107.8,25107.8,bull,20,EMA9>EMA21,bear,-80,call writing|put unwinding,1.336,17923171,23953249,17748051,bull,38,Short Covering,bear,WAIT,0,up,,MILD BEARISH,down,mild,3,7,13.56,25097.8,-0.04,25150
2026-09-27,21:06:09,2026-09-30T16:48:00,25107.8,25107.89,25093.66,25094.31,25094.3,bear,-60,EMA9<EMA21,bear,-80,call writing|put unwinding,1.333,17962666,23940256,17735012,bear,-34,Long Unwinding,bear,WAIT,50,down,,MILD BEARISH,down,mild,4,7,13.62,25084.3,-0.04,25150
2026-09-27,21:06:11,2026-09-30T16:51:00,25094.31,25095.11,25073.49,25075.9,25075.9,bear,-60,EMA9<EMA21,bear,-80,call writing|put unwinding,1.331,17987054,23932748,17723750,bear,-34,Long Unwinding,bear,BUY PUT,74,down,,MILD BEARISH,down,mild,4,7,13.59,25065.9,-0.04,25150
2026-09-27,21:06:12,2026-09-30T16:54:00,25075.9,25076.52,25059.44,25059.57,25059.6,bear,-60,EMA9<EMA21,bear,-80,call writing|put unwinding,1.328,18010783,23919345,17689073,bear,-38,Long Unwinding,bear,BUY PUT,87,down,,MILD BEARISH,down,mild,4,7,13.59,25049.5,-0.04,25100
2026-09-27,21:06:13,2026-09-30T16:57:00,25059.57,25060.23,25024.25,25024.81,25024.8,bear,-60,EMA9<EMA21,bear,-80,call writing|put unwinding,1.325,18037126,23901614,17658545,bear,-38,Long Unwinding,bear,BUY PUT,93,down,,MILD BEARISH,down,mild,4,7,13.51,25014.8,-0.04,25050
